"WEBSITE","YEAR","PAGE PATH","PAGE URL","PAGE VIEWS","UNIQUE VIEWS","AVERAGE TIME ON PAGE (SECONDS)","ENTRANCES","BOUNCE RATE (%)","EXIT RATE (%)"
"budget.brla.gov","2025","/","http://budget.brla.gov/","18,916","17,117","13.73","18,859","1.00","1.00"
"checkbook.brla.gov","2025","/","http://checkbook.brla.gov/","14,766","12,274","32.53","14,766","1.00","1.00"
"city.brla.gov","2025","/traffic/incidents.asp","http://city.brla.gov/traffic/incidents.asp","57,831,134","1,380,750","1.15","57,775,358","1.00","1.00"
"city.brla.gov","2025","/gis/propertylookup.asp","http://city.brla.gov/gis/propertylookup.asp","2,286,837","736,720","9.91","2,164,252","0.29","0.43"
"city.brla.gov","2025","/dept/citycourt/warrants/","http://city.brla.gov/dept/citycourt/warrants/","1,944,790","869,744","13.65","774,869","0.30","0.59"
"city.brla.gov","2025","/gis/propertydetail.asp","http://city.brla.gov/gis/propertydetail.asp","1,118,560","566,919","32.38","223,594","0.24","0.50"
"city.brla.gov","2025","/gis/jurisdictionlookup.asp","http://city.brla.gov/gis/jurisdictionlookup.asp","600,631","205,437","24.45","581,326","0.72","0.79"
"city.brla.gov","2025","/dept/purchase/purfops.asp","http://city.brla.gov/dept/purchase/purfops.asp","524,601","499,255","4.92","508,220","0.95","0.97"
"city.brla.gov","2025","/dept/hr/occdesc.asp","http://city.brla.gov/dept/hr/occdesc.asp","309,873","203,279","22.02","178,802","0.37","0.66"
"city.brla.gov","2025","/gis/salestaxlookup.asp","http://city.brla.gov/gis/salestaxlookup.asp","209,869","65,449","9.26","185,655","0.95","0.99"
"city.brla.gov","2025","/dept/citycourt/warrants/detail.asp","http://city.brla.gov/dept/citycourt/warrants/detail.asp","157,195","70,493","32.27","10,826","0.18","0.38"
"city.brla.gov","2025","/gis/councillookup.asp","http://city.brla.gov/gis/councillookup.asp","151,334","44,461","10.50","147,699","0.96","0.98"
"city.brla.gov","2025","/dept/purchase/bids.asp","http://city.brla.gov/dept/purchase/bids.asp","122,972","97,664","22.40","106,124","0.47","0.83"
"city.brla.gov","2025","/dept/hr/getrange.asp","http://city.brla.gov/dept/hr/getrange.asp","105,882","49,820","39.71","21,993","0.27","0.60"
"city.brla.gov","2025","/dept/purchase/bidresults.asp","http://city.brla.gov/dept/purchase/bidresults.asp","101,103","74,767","36.18","74,010","0.71","0.90"
"city.brla.gov","2025","/dept/hr/joblistall.asp","http://city.brla.gov/dept/hr/joblistall.asp","90,065","68,880","30.13","73,827","0.31","0.35"
"city.brla.gov","2025","/gis/closures.asp","http://city.brla.gov/gis/closures.asp","83,144","62,919","13.31","69,170","0.75","0.82"
"city.brla.gov","2025","/dept/council/boarddetail.asp","http://city.brla.gov/dept/council/boarddetail.asp","57,078","39,901","70.97","39,104","0.43","0.49"
"city.brla.gov","2025","/press/arounddet.asp","http://city.brla.gov/press/arounddet.asp","39,452","36,332","11.79","39,224","0.99","0.99"
"city.brla.gov","2025","/dept/purchase/nigpcode_munis_child.asp","http://city.brla.gov/dept/purchase/nigpcode_munis_child.asp","38,737","27,594","15.89","28,214","0.69","0.74"
"city.brla.gov","2025","/gis/closuredet.asp","http://city.brla.gov/gis/closuredet.asp","33,348","27,227","29.41","22,032","0.65","0.75"
"city.brla.gov","2025","/dept/hr/catdetails.asp","http://city.brla.gov/dept/hr/catdetails.asp","29,270","19,642","26.30","10,523","0.39","0.47"
"city.brla.gov","2025","/gis/propertylookupmobile.asp","http://city.brla.gov/gis/propertylookupmobile.asp","22,985","20,497","30.63","12,004","0.46","0.51"
"city.brla.gov","2025","/dept/hr/catlist.asp","http://city.brla.gov/dept/hr/catlist.asp","20,776","13,999","12.70","13,338","0.31","0.38"
"city.brla.gov","2025","/dept/council/boards.asp","http://city.brla.gov/dept/council/boards.asp","20,379","15,589","34.61","13,742","0.48","0.53"
"city.brla.gov","2025","/gis/streetrange.asp","http://city.brla.gov/gis/streetrange.asp","19,850","6,400","9.86","15,857","0.93","0.85"
"city.brla.gov","2025","/dept/mohsep/ecs-info-start.asp","http://city.brla.gov/dept/mohsep/ecs-info-start.asp","19,483","16,065","14.49","18,503","0.30","0.32"
"city.brla.gov","2025","/traffic/disclaimer.asp","http://city.brla.gov/traffic/disclaimer.asp","16,586","14,667","46.35","575","0.57","0.41"
"city.brla.gov","2025","/emergency/","http://city.brla.gov/emergency/","16,322","15,305","5.02","16,130","0.99","0.99"
"city.brla.gov","2025","/dept/mohsep/ecs-info.asp","http://city.brla.gov/dept/mohsep/ecs-info.asp","14,534","12,346","32.07","50","0.00","0.27"
"city.brla.gov","2025","/dept/mohsep/ecs-submit.asp","http://city.brla.gov/dept/mohsep/ecs-submit.asp","12,542","11,446","14.45","0","0.00","0.96"
"city.brla.gov","2025","/dept/purchase/nigpcode_munis.asp","http://city.brla.gov/dept/purchase/nigpcode_munis.asp","11,574","6,794","24.66","6,794","0.49","0.60"
"city.brla.gov","2025","/dept/council/boardapplication.asp","http://city.brla.gov/dept/council/boardapplication.asp","7,060","6,125","50.41","4,283","0.36","0.79"
"city.brla.gov","2025","/dept/council/expire.asp","http://city.brla.gov/dept/council/expire.asp","7,040","5,385","58.94","1,828","0.24","0.37"
"city.brla.gov","2025","/press/pressdet.asp","http://city.brla.gov/press/pressdet.asp","5,464","4,714","14.99","4,807","0.89","0.92"
"city.brla.gov","2025","/dept/brpd_disabled_20221114/csr/","http://city.brla.gov/dept/brpd_disabled_20221114/csr/","5,061","2,718","9.93","3,362","0.78","0.80"
"city.brla.gov","2025","/emergency/default-test.asp","http://city.brla.gov/emergency/default-test.asp","3,280","3,018","98.74","3,280","0.92","0.92"
"city.brla.gov","2025","//gis/propertylookup.asp","http://city.brla.gov//gis/propertylookup.asp","2,791","2,466","7.45","2,756","0.99","1.00"
"city.brla.gov","2025","/press/press.asp","http://city.brla.gov/press/press.asp","2,072","644","5.08","641","0.23","0.29"
"city.brla.gov","2025","/dept/brpd_disabled_20221114/csr/zone.asp","http://city.brla.gov/dept/brpd_disabled_20221114/csr/zone.asp","1,462","981","10.34","855","0.30","0.82"
"city.brla.gov","2025","/dept/brpd_disabled_20221114/csr/district.asp","http://city.brla.gov/dept/brpd_disabled_20221114/csr/district.asp","1,003","791","594.21","426","0.26","0.49"
"city.brla.gov","2025","/dept/council/boardappsubmit.asp","http://city.brla.gov/dept/council/boardappsubmit.asp","737","566","5.24","169","0.21","0.69"
"city.brla.gov","2025","/gis/closuresmobile.asp","http://city.brla.gov/gis/closuresmobile.asp","670","670","52.22","579","0.39","0.55"
"city.brla.gov","2025","/gis/censusinfo10.asp","http://city.brla.gov/gis/censusinfo10.asp","660","660","0.25","660","1.00","1.00"
"city.brla.gov","2025","/press/around.asp","http://city.brla.gov/press/around.asp","505","398","142.76","56","0.41","0.76"
"city.brla.gov","2025","/dept/hr/curlist.asp","http://city.brla.gov/dept/hr/curlist.asp","253","205","21.10","253","0.60","0.60"
"city.brla.gov","2025","/dept/hr/jobann.asp","http://city.brla.gov/dept/hr/jobann.asp","160","160","0.25","160","1.00","1.00"
"city.brla.gov","2025","/gis/censusinfo00.asp","http://city.brla.gov/gis/censusinfo00.asp","125","102","959.32","102","0.14","0.23"
"city.brla.gov","2025","/dept/hr/jobdesc.asp","http://city.brla.gov/dept/hr/jobdesc.asp","104","104","0.25","104","1.00","1.00"
"city.brla.gov","2025","/dept/mohsep/wrapper.asp","http://city.brla.gov/dept/mohsep/wrapper.asp","44","44","0.25","44","1.00","1.00"
"city.brla.gov","2025","//gis/propertydetail.asp","http://city.brla.gov//gis/propertydetail.asp","35","35","0.94","35","0.26","0.26"
"data.brla.gov","2025","/browse","http://data.brla.gov/browse","315,731","79,081","6.60","10,850","0.07","0.20"
"data.brla.gov","2025","/","http://data.brla.gov/","107,163","82,719","26.43","80,781","0.37","0.46"
"data.brla.gov","2025","/housing-and-development/adjudicated-property/a4h4-zi7e/about_data","http://data.brla.gov/housing-and-development/adjudicated-property/a4h4-zi7e/about_data","101,685","80,084","37.89","52,594","0.41","0.72"
"data.brla.gov","2025","/public-safety/baton-rouge-police-crime-incidents/pbin-pcm7/about_data","http://data.brla.gov/public-safety/baton-rouge-police-crime-incidents/pbin-pcm7/about_data","92,916","76,334","30.47","41,931","0.32","0.67"
"data.brla.gov","2025","/public-safety/ebr-sheriff-s-office-crime-incidents/7y8j-nrht/about_data","http://data.brla.gov/public-safety/ebr-sheriff-s-office-crime-incidents/7y8j-nrht/about_data","82,863","63,013","20.84","55,830","0.49","0.66"
"data.brla.gov","2025","/housing-and-development/adjudicated-property/a4h4-zi7e","http://data.brla.gov/housing-and-development/adjudicated-property/a4h4-zi7e","44,503","36,805","6.81","42,363","0.09","0.09"
"data.brla.gov","2025","/public-safety/baton-rouge-police-crime-incidents/pbin-pcm7","http://data.brla.gov/public-safety/baton-rouge-police-crime-incidents/pbin-pcm7","41,399","37,728","5.26","30,562","0.08","0.10"
"data.brla.gov","2025","/public-safety/ebr-sheriff-s-office-crime-incidents/7y8j-nrht/data_preview","http://data.brla.gov/public-safety/ebr-sheriff-s-office-crime-incidents/7y8j-nrht/data_preview","36,543","23,794","47.47","5,747","0.23","0.55"
"data.brla.gov","2025","/public-safety/city-court-warrants/3j5u-jyar/about_data","http://data.brla.gov/public-safety/city-court-warrants/3j5u-jyar/about_data","36,166","30,912","19.12","21,720","0.57","0.86"
"data.brla.gov","2025","/public-safety/baton-rouge-traffic-crash-incidents/7wah-qncc/about_data","http://data.brla.gov/public-safety/baton-rouge-traffic-crash-incidents/7wah-qncc/about_data","33,514","26,845","16.05","18,967","0.52","0.82"
"data.brla.gov","2025","/housing-and-development/ebrp-tax-roll/myfc-nh6n/about_data","http://data.brla.gov/housing-and-development/ebrp-tax-roll/myfc-nh6n/about_data","26,360","19,100","41.75","2,277","0.10","0.55"
"data.brla.gov","2025","/public-safety/baton-rouge-police-crime-incidents/pbin-pcm7/data_preview","http://data.brla.gov/public-safety/baton-rouge-police-crime-incidents/pbin-pcm7/data_preview","25,431","19,427","52.80","5,074","0.23","0.56"
"data.brla.gov","2025","/public-safety/legacy-baton-rouge-police-crime-incidents/fabb-cnnu/about_data","http://data.brla.gov/public-safety/legacy-baton-rouge-police-crime-incidents/fabb-cnnu/about_data","22,013","19,255","33.41","7,521","0.29","0.72"
"data.brla.gov","2025","/housing-and-development/property-information/re5c-hrw9/about_data","http://data.brla.gov/housing-and-development/property-information/re5c-hrw9/about_data","21,254","17,184","43.42","6,150","0.24","0.69"
"data.brla.gov","2025","/public-safety/ebr-sheriff-s-office-crime-incidents/7y8j-nrht","http://data.brla.gov/public-safety/ebr-sheriff-s-office-crime-incidents/7y8j-nrht","20,609","17,629","5.03","18,234","0.16","0.16"
"data.brla.gov","2025","/housing-and-development/ebr-building-permits/7fq7-8j7r/about_data","http://data.brla.gov/housing-and-development/ebr-building-permits/7fq7-8j7r/about_data","20,437","15,483","24.98","4,630","0.14","0.51"
"data.brla.gov","2025","/housing-and-development/adjudicated-property/a4h4-zi7e/data_preview","http://data.brla.gov/housing-and-development/adjudicated-property/a4h4-zi7e/data_preview","18,004","12,065","61.84","3,500","0.28","0.58"
"data.brla.gov","2025","/housing-and-development/subdivisions/px43-apna/about_data","http://data.brla.gov/housing-and-development/subdivisions/px43-apna/about_data","17,742","14,845","28.00","5,374","0.26","0.74"
"data.brla.gov","2025","/government/city-parish-employee-annual-salaries/g9vh-zeiw/about_data","http://data.brla.gov/government/city-parish-employee-annual-salaries/g9vh-zeiw/about_data","16,669","12,169","25.69","5,040","0.15","0.43"
"data.brla.gov","2025","/public-safety/city-court-warrants/3j5u-jyar","http://data.brla.gov/public-safety/city-court-warrants/3j5u-jyar","14,174","13,018","7.26","13,478","0.13","0.13"
"data.brla.gov","2025","/housing-and-development/ebr-building-permits/7fq7-8j7r","http://data.brla.gov/housing-and-development/ebr-building-permits/7fq7-8j7r","13,962","11,037","5.04","11,289","0.07","0.09"
"data.brla.gov","2025","/public-safety/baton-rouge-traffic-crash-incidents/7wah-qncc","http://data.brla.gov/public-safety/baton-rouge-traffic-crash-incidents/7wah-qncc","12,657","11,200","5.46","10,835","0.15","0.16"
"data.brla.gov","2025","/login","http://data.brla.gov/login","12,613","9,030","17.75","4,447","0.10","0.26"
"data.brla.gov","2025","/public-safety/east-baton-rouge-parish-combined-crime-incidents/6zc2-imdr/about_data","http://data.brla.gov/public-safety/east-baton-rouge-parish-combined-crime-incidents/6zc2-imdr/about_data","12,502","9,124","39.32","2,990","0.18","0.46"
"data.brla.gov","2025","/business-and-financial/businesses-registered-with-ebr-parish/xw6s-bcqm/data_preview","http://data.brla.gov/business-and-financial/businesses-registered-with-ebr-parish/xw6s-bcqm/data_preview","12,479","9,515","67.79","6,842","0.49","0.63"
"data.brla.gov","2025","/housing-and-development/property-information/re5c-hrw9/data","http://data.brla.gov/housing-and-development/property-information/re5c-hrw9/data","11,810","10,708","6.03","11,222","0.09","0.09"
"data.brla.gov","2025","/government/city-parish-employee-annual-salaries-by-department/74ye-xdtn","http://data.brla.gov/government/city-parish-employee-annual-salaries-by-department/74ye-xdtn","11,810","9,753","56.25","6,500","0.52","0.78"
"data.brla.gov","2025","/public-safety/baton-rouge-fire-incidents/dakq-4sda/about_data","http://data.brla.gov/public-safety/baton-rouge-fire-incidents/dakq-4sda/about_data","11,721","9,666","30.33","5,543","0.42","0.79"
"data.brla.gov","2025","/public-safety/legacy-baton-rouge-police-crime-incidents/fabb-cnnu","http://data.brla.gov/public-safety/legacy-baton-rouge-police-crime-incidents/fabb-cnnu","10,525","9,421","5.27","7,471","0.07","0.11"
"data.brla.gov","2025","/housing-and-development/subdivisions/px43-apna/data","http://data.brla.gov/housing-and-development/subdivisions/px43-apna/data","10,518","9,699","6.53","9,353","0.08","0.09"
"data.brla.gov","2025","/government/active-city-parish-employees/k9k4-embr/about_data","http://data.brla.gov/government/active-city-parish-employees/k9k4-embr/about_data","10,460","7,686","6.60","297","0.01","0.37"
"data.brla.gov","2025","/government/retail-food-inspections/ux2t-b9wr/about_data","http://data.brla.gov/government/retail-food-inspections/ux2t-b9wr/about_data","10,455","8,899","10.62","5,526","0.40","0.81"
"data.brla.gov","2025","/housing-and-development/ebrp-tax-roll/myfc-nh6n/data","http://data.brla.gov/housing-and-development/ebrp-tax-roll/myfc-nh6n/data","10,452","8,180","3.83","496","0.01","0.08"
"data.brla.gov","2025","/business-and-financial/businesses-registered-with-ebr-parish/xw6s-bcqm/about_data","http://data.brla.gov/business-and-financial/businesses-registered-with-ebr-parish/xw6s-bcqm/about_data","10,195","8,461","9.38","2,700","0.20","0.72"
"data.brla.gov","2025","/transportation-and-infrastructure/street-names/whw6-pbh2/about_data","http://data.brla.gov/transportation-and-infrastructure/street-names/whw6-pbh2/about_data","9,842","8,483","14.27","2,094","0.18","0.78"
"data.brla.gov","2025","/government/purchase-orders-and-contracts/2ung-w7t4/about_data","http://data.brla.gov/government/purchase-orders-and-contracts/2ung-w7t4/about_data","9,656","6,039","48.94","2,828","0.21","0.57"
"data.brla.gov","2025","/government/city-parish-employee-annual-salaries/g9vh-zeiw","http://data.brla.gov/government/city-parish-employee-annual-salaries/g9vh-zeiw","8,965","7,523","25.08","6,173","0.11","0.11"
"data.brla.gov","2025","/public-safety/baton-rouge-traffic-crash-incidents/7wah-qncc/data_preview","http://data.brla.gov/public-safety/baton-rouge-traffic-crash-incidents/7wah-qncc/data_preview","8,333","6,481","43.32","719","0.28","0.47"
"data.brla.gov","2025","/housing-and-development/ebrp-tax-roll/myfc-nh6n/data_preview","http://data.brla.gov/housing-and-development/ebrp-tax-roll/myfc-nh6n/data_preview","7,636","5,293","74.01","599","0.13","0.44"
"data.brla.gov","2025","/government/city-parish-employees/bj3z-jksg/about_data","http://data.brla.gov/government/city-parish-employees/bj3z-jksg/about_data","7,561","5,529","8.55","1,239","0.07","0.24"
"data.brla.gov","2025","/public-safety/east-baton-rouge-parish-combined-crime-incidents/6zc2-imdr/data_preview","http://data.brla.gov/public-safety/east-baton-rouge-parish-combined-crime-incidents/6zc2-imdr/data_preview","7,202","5,382","43.53","1,873","0.28","0.54"
"data.brla.gov","2025","/government/active-city-parish-employees/k9k4-embr/data_preview","http://data.brla.gov/government/active-city-parish-employees/k9k4-embr/data_preview","6,787","5,808","27.51","1,265","0.19","0.54"
"data.brla.gov","2025","/government/active-city-parish-employees/k9k4-embr","http://data.brla.gov/government/active-city-parish-employees/k9k4-embr","6,725","5,466","3.85","427","0.00","0.08"
"data.brla.gov","2025","/public-safety/ebr-sheriff-s-office-crime-incidents/7y8j-nrht/related_content","http://data.brla.gov/public-safety/ebr-sheriff-s-office-crime-incidents/7y8j-nrht/related_content","6,649","5,132","2.48","43","0.12","0.40"
"data.brla.gov","2025","/transportation-and-infrastructure/street-names/whw6-pbh2/data","http://data.brla.gov/transportation-and-infrastructure/street-names/whw6-pbh2/data","6,370","5,678","5.37","6,114","0.08","0.09"
"data.brla.gov","2025","/public-safety/crime-type-comparison-chart/3w6m-huxf","http://data.brla.gov/public-safety/crime-type-comparison-chart/3w6m-huxf","6,367","4,992","61.52","1,376","0.14","0.68"
"data.brla.gov","2025","/government/city-parish-employee-annual-salaries/g9vh-zeiw/data_preview","http://data.brla.gov/government/city-parish-employee-annual-salaries/g9vh-zeiw/data_preview","6,007","4,830","65.05","1,453","0.27","0.64"
"data.brla.gov","2025","/public-safety/east-baton-rouge-parish-combined-crime-incidents/6zc2-imdr","http://data.brla.gov/public-safety/east-baton-rouge-parish-combined-crime-incidents/6zc2-imdr","5,938","5,054","5.24","1,936","0.08","0.11"
"data.brla.gov","2025","/public-safety/baton-rouge-fire-incidents/dakq-4sda","http://data.brla.gov/public-safety/baton-rouge-fire-incidents/dakq-4sda","5,702","4,759","9.39","4,181","0.10","0.12"
"data.brla.gov","2025","/government/baton-rouge-city-limit/nyqb-2p5j/about_data","http://data.brla.gov/government/baton-rouge-city-limit/nyqb-2p5j/about_data","5,648","4,812","10.34","1,469","0.20","0.56"
"data.brla.gov","2025","/housing-and-development/ebr-building-permits/7fq7-8j7r/data_preview","http://data.brla.gov/housing-and-development/ebr-building-permits/7fq7-8j7r/data_preview","5,617","4,583","64.28","156","0.06","0.37"
"data.brla.gov","2025","/transportation-and-infrastructure/traffic-camera/6z6u-ts44/about_data","http://data.brla.gov/transportation-and-infrastructure/traffic-camera/6z6u-ts44/about_data","5,580","5,354","7.14","3,410","0.52","0.81"
"data.brla.gov","2025","/government/purchase-orders-and-contracts/2ung-w7t4/data_preview","http://data.brla.gov/government/purchase-orders-and-contracts/2ung-w7t4/data_preview","5,161","3,488","31.29","1,928","0.34","0.65"
"data.brla.gov","2025","/housing-and-development/adjudicated-property-subdivisions/2qi4-2rpj","http://data.brla.gov/housing-and-development/adjudicated-property-subdivisions/2qi4-2rpj","5,067","3,963","46.72","1,630","0.35","0.67"
"data.brla.gov","2025","/public-safety/city-court-warrants/3j5u-jyar/data_preview","http://data.brla.gov/public-safety/city-court-warrants/3j5u-jyar/data_preview","4,978","2,869","40.19","185","0.26","0.47"
"data.brla.gov","2025","/government/city-parish-employees/bj3z-jksg/data_preview","http://data.brla.gov/government/city-parish-employees/bj3z-jksg/data_preview","4,929","3,913","39.39","1,762","0.31","0.60"
"data.brla.gov","2025","/stories/s/e68t-9e5i","http://data.brla.gov/stories/s/e68t-9e5i","4,921","4,362","16.29","112","0.09","0.33"
"data.brla.gov","2025","/government/311-citizen-requests-for-service/7ixm-mnvx/about_data","http://data.brla.gov/government/311-citizen-requests-for-service/7ixm-mnvx/about_data","4,776","3,671","49.37","1,098","0.08","0.52"
"data.brla.gov","2025","/government/purchase-orders-and-contracts/2ung-w7t4","http://data.brla.gov/government/purchase-orders-and-contracts/2ung-w7t4","4,766","3,080","3.83","2,471","0.07","0.08"
"data.brla.gov","2025","/government/utility-coverage-area/3dv4-vdqq/about_data","http://data.brla.gov/government/utility-coverage-area/3dv4-vdqq/about_data","4,628","4,131","15.04","1,596","0.23","0.62"
"data.brla.gov","2025","/d/7fq7-8j7r/visualization","http://data.brla.gov/d/7fq7-8j7r/visualization","4,623","4,130","23.86","4,497","0.97","0.98"
"data.brla.gov","2025","/government/legacy-city-parish-employee-annual-salaries/g5c2-myyj/about_data","http://data.brla.gov/government/legacy-city-parish-employee-annual-salaries/g5c2-myyj/about_data","4,571","3,318","19.40","402","0.08","0.28"
"data.brla.gov","2025","/housing-and-development/ebr-building-permits-by-type/vz3x-ak5h","http://data.brla.gov/housing-and-development/ebr-building-permits-by-type/vz3x-ak5h","4,450","3,893","44.24","1,670","0.34","0.83"
"data.brla.gov","2025","/public-safety/animal-control-incidents/qmns-hw3s/about_data","http://data.brla.gov/public-safety/animal-control-incidents/qmns-hw3s/about_data","4,432","3,129","57.37","1,993","0.27","0.61"
"data.brla.gov","2025","/housing-and-development/street-address-listing/6fyg-p3r9/about_data","http://data.brla.gov/housing-and-development/street-address-listing/6fyg-p3r9/about_data","4,404","3,927","14.99","2,290","0.49","0.86"
"data.brla.gov","2025","/housing-and-development/property-information/re5c-hrw9/data_preview","http://data.brla.gov/housing-and-development/property-information/re5c-hrw9/data_preview","4,385","3,448","45.02","380","0.23","0.39"
"data.brla.gov","2025","/government/retail-food-inspections/ux2t-b9wr","http://data.brla.gov/government/retail-food-inspections/ux2t-b9wr","4,297","3,943","5.59","3,941","0.09","0.09"
"data.brla.gov","2025","/government/baton-rouge-city-limit/2mu2-qd95","http://data.brla.gov/government/baton-rouge-city-limit/2mu2-qd95","4,062","3,472","42.89","1,493","0.35","0.86"
"data.brla.gov","2025","/government/city-parish-employees/bj3z-jksg","http://data.brla.gov/government/city-parish-employees/bj3z-jksg","4,054","3,372","3.93","1,177","0.05","0.10"
"data.brla.gov","2025","/government/baton-rouge-city-limit/nyqb-2p5j","http://data.brla.gov/government/baton-rouge-city-limit/nyqb-2p5j","4,013","3,452","4.88","3,743","0.09","0.09"
"data.brla.gov","2025","/housing-and-development/adjudicated-property/a4h4-zi7e/related_content","http://data.brla.gov/housing-and-development/adjudicated-property/a4h4-zi7e/related_content","3,515","2,833","19.08","185","0.14","0.27"
"data.brla.gov","2025","/housing-and-development/new-residential-building-permits-by-month/cv26-6i33","http://data.brla.gov/housing-and-development/new-residential-building-permits-by-month/cv26-6i33","3,496","2,650","39.60","204","0.06","0.34"
"data.brla.gov","2025","/business-and-financial/businesses-registered-with-ebr-parish/xw6s-bcqm","http://data.brla.gov/business-and-financial/businesses-registered-with-ebr-parish/xw6s-bcqm","3,363","3,106","5.19","1,917","0.06","0.08"
"data.brla.gov","2025","/government/open-checkbook-br/7qhq-wwsg/about_data","http://data.brla.gov/government/open-checkbook-br/7qhq-wwsg/about_data","3,360","2,814","29.13","879","0.19","0.60"
"data.brla.gov","2025","/w/7y8j-nrht/default","http://data.brla.gov/w/7y8j-nrht/default","3,199","1,563","55.17","3,109","0.63","0.64"
"data.brla.gov","2025","/government/311-citizen-requests-for-service/7ixm-mnvx","http://data.brla.gov/government/311-citizen-requests-for-service/7ixm-mnvx","3,108","2,818","5.24","2,494","0.06","0.08"
"data.brla.gov","2025","/housing-and-development/ebr-bp/e65m-r9um/explore","http://data.brla.gov/housing-and-development/ebr-bp/e65m-r9um/explore","3,102","3,046","23.06","0","0.00","0.09"
"data.brla.gov","2025","/business-and-financial/businesses-registered-with-ebr-parish/xw6s-bcqm/data","http://data.brla.gov/business-and-financial/businesses-registered-with-ebr-parish/xw6s-bcqm/data","3,094","2,612","5.22","3,094","0.08","0.08"
"data.brla.gov","2025","/government/retail-food-inspections/ux2t-b9wr/data_preview","http://data.brla.gov/government/retail-food-inspections/ux2t-b9wr/data_preview","3,046","2,035","36.21","163","0.09","0.57"
"data.brla.gov","2025","/government/utility-coverage-area/3dv4-vdqq","http://data.brla.gov/government/utility-coverage-area/3dv4-vdqq","2,916","2,649","5.60","2,860","0.08","0.08"
"data.brla.gov","2025","/videos","http://data.brla.gov/videos","2,883","2,528","69.85","212","0.22","0.33"
"data.brla.gov","2025","/housing-and-development/subdivisions/px43-apna/data_preview","http://data.brla.gov/housing-and-development/subdivisions/px43-apna/data_preview","2,818","2,324","23.18","167","0.16","0.45"
"data.brla.gov","2025","/public-safety/baton-rouge-police-crime-incidents/pbin-pcm7/related_content","http://data.brla.gov/public-safety/baton-rouge-police-crime-incidents/pbin-pcm7/related_content","2,778","2,430","7.30","110","0.15","0.26"
"data.brla.gov","2025","/government/legacy-city-parish-employee-annual-salaries/g5c2-myyj","http://data.brla.gov/government/legacy-city-parish-employee-annual-salaries/g5c2-myyj","2,733","2,100","3.85","621","0.08","0.08"
"data.brla.gov","2025","/public-safety/ebr-sheriff-s-office-crime-incidents/7y8j-nrht/explore","http://data.brla.gov/public-safety/ebr-sheriff-s-office-crime-incidents/7y8j-nrht/explore","2,620","2,154","4.99","129","0.07","0.11"
"data.brla.gov","2025","/widgets/7y8j-nrht","http://data.brla.gov/widgets/7y8j-nrht","2,537","1,955","61.94","1,535","0.54","0.83"
"data.brla.gov","2025","/public-safety/legacy-baton-rouge-police-crime-incidents/fabb-cnnu/data_preview","http://data.brla.gov/public-safety/legacy-baton-rouge-police-crime-incidents/fabb-cnnu/data_preview","2,531","1,825","52.48","57","0.06","0.31"
"data.brla.gov","2025","/housing-and-development/adjudicated-property-map/c7mi-6t2x","http://data.brla.gov/housing-and-development/adjudicated-property-map/c7mi-6t2x","2,528","1,975","147.25","1,163","0.39","0.54"
"data.brla.gov","2025","/admin/assets","http://data.brla.gov/admin/assets","2,485","1,108","25.00","56","0.03","0.08"
"data.brla.gov","2025","/government/legacy-purchase-orders/54bn-2sqf/about_data","http://data.brla.gov/government/legacy-purchase-orders/54bn-2sqf/about_data","2,474","2,030","39.96","309","0.07","0.36"
"data.brla.gov","2025","/government/school-location/46yn-5ctj/about_data","http://data.brla.gov/government/school-location/46yn-5ctj/about_data","2,431","2,318","60.46","933","0.38","0.94"
"data.brla.gov","2025","/housing-and-development/ebr-building-permits/7fq7-8j7r/explore","http://data.brla.gov/housing-and-development/ebr-building-permits/7fq7-8j7r/explore","2,430","1,917","4.74","272","0.06","0.16"
"data.brla.gov","2025","/government/active-city-parish-employees/k9k4-embr/explore","http://data.brla.gov/government/active-city-parish-employees/k9k4-embr/explore","2,422","2,131","4.53","0","0.00","0.08"
"data.brla.gov","2025","/government/open-checkbook-br/7qhq-wwsg","http://data.brla.gov/government/open-checkbook-br/7qhq-wwsg","2,313","2,133","5.35","1,643","0.08","0.10"
"data.brla.gov","2025","/transportation-and-infrastructure/traffic-camera/6z6u-ts44","http://data.brla.gov/transportation-and-infrastructure/traffic-camera/6z6u-ts44","2,252","2,252","6.08","2,252","0.10","0.10"
"data.brla.gov","2025","/housing-and-development/ebrp-tax-roll/myfc-nh6n","http://data.brla.gov/housing-and-development/ebrp-tax-roll/myfc-nh6n","2,203","1,939","5.20","1,377","0.04","0.09"
"data.brla.gov","2025","/government/legacy-purchase-orders/54bn-2sqf","http://data.brla.gov/government/legacy-purchase-orders/54bn-2sqf","2,152","2,096","5.10","1,461","0.17","0.21"
"data.brla.gov","2025","/public-safety/baton-rouge-fire-incidents-map/nmuf-e7x4","http://data.brla.gov/public-safety/baton-rouge-fire-incidents-map/nmuf-e7x4","2,108","1,947","67.32","1,162","0.41","0.80"
"data.brla.gov","2025","/housing-and-development/street-address-listing/6fyg-p3r9","http://data.brla.gov/housing-and-development/street-address-listing/6fyg-p3r9","2,043","1,851","5.54","1,714","0.06","0.11"
"data.brla.gov","2025","/government/cdc-places-data-by-zip-code/522a-c6dn/about_data","http://data.brla.gov/government/cdc-places-data-by-zip-code/522a-c6dn/about_data","2,010","1,452","24.84","721","0.20","0.57"
"data.brla.gov","2025","/housing-and-development/total-assessed-value-by-assessment-status-and-year/736i-2cqy","http://data.brla.gov/housing-and-development/total-assessed-value-by-assessment-status-and-year/736i-2cqy","1,895","1,797","41.95","201","0.10","0.68"
"data.brla.gov","2025","/public-safety/city-court-warrants/3j5u-jyar/related_content","http://data.brla.gov/public-safety/city-court-warrants/3j5u-jyar/related_content","1,872","1,086","37.19","0","0.39","0.33"
"data.brla.gov","2025","/public-safety/animal-control-incidents/qmns-hw3s/data_preview","http://data.brla.gov/public-safety/animal-control-incidents/qmns-hw3s/data_preview","1,866","1,289","86.10","282","0.02","0.24"
"data.brla.gov","2025","/public-safety/animal-control-incidents/qmns-hw3s","http://data.brla.gov/public-safety/animal-control-incidents/qmns-hw3s","1,864","1,433","4.24","730","0.04","0.08"
"data.brla.gov","2025","/government/utility-coverage-area/wupc-nugx","http://data.brla.gov/government/utility-coverage-area/wupc-nugx","1,814","1,722","20.79","43","0.04","0.79"
"data.brla.gov","2025","/widgets/3j5u-jyar","http://data.brla.gov/widgets/3j5u-jyar","1,813","1,332","50.91","1,533","0.89","1.00"
"data.brla.gov","2025","/housing-and-development/property-information-point-map/t52c-nvsh/data","http://data.brla.gov/housing-and-development/property-information-point-map/t52c-nvsh/data","1,760","1,465","5.64","57","0.03","0.76"
"data.brla.gov","2025","/signed_out","http://data.brla.gov/signed_out","1,727","1,176","90.08","682","0.26","0.60"
"data.brla.gov","2025","/about","http://data.brla.gov/about","1,706","1,302","84.57","170","0.18","0.40"
"data.brla.gov","2025","/widgets/pbin-pcm7","http://data.brla.gov/widgets/pbin-pcm7","1,686","1,686","0.25","1,661","0.99","1.00"
"data.brla.gov","2025","/housing-and-development/public-land-survey-system/5i2z-eb5u/about_data","http://data.brla.gov/housing-and-development/public-land-survey-system/5i2z-eb5u/about_data","1,625","1,372","33.76","250","0.12","0.72"
"data.brla.gov","2025","/transportation-and-infrastructure/street-names/whw6-pbh2/data_preview","http://data.brla.gov/transportation-and-infrastructure/street-names/whw6-pbh2/data_preview","1,610","1,419","55.77","168","0.09","0.68"
"data.brla.gov","2025","/public-safety/east-baton-rouge-parish-combined-crime-incidents/6zc2-imdr/explore","http://data.brla.gov/public-safety/east-baton-rouge-parish-combined-crime-incidents/6zc2-imdr/explore","1,546","1,153","4.34","0","0.00","0.08"
"data.brla.gov","2025","/signup","http://data.brla.gov/signup","1,534","1,137","36.42","161","0.00","0.34"
"data.brla.gov","2025","/government/school-location/46yn-5ctj","http://data.brla.gov/government/school-location/46yn-5ctj","1,498","1,441","6.02","1,442","0.08","0.08"
"data.brla.gov","2025","/government/311-citizen-requests-for-service/7ixm-mnvx/data_preview","http://data.brla.gov/government/311-citizen-requests-for-service/7ixm-mnvx/data_preview","1,480","934","48.59","57","0.03","0.64"
"data.brla.gov","2025","/public-safety/baton-rouge-fire-incidents/dakq-4sda/data_preview","http://data.brla.gov/public-safety/baton-rouge-fire-incidents/dakq-4sda/data_preview","1,474","1,190","34.34","0","0.07","0.36"
"data.brla.gov","2025","/government/website-analytics/n9u7-h9i7/about_data","http://data.brla.gov/government/website-analytics/n9u7-h9i7/about_data","1,466","896","54.14","495","0.30","0.81"
"data.brla.gov","2025","/government/cdc-places-data-by-zip-code/522a-c6dn","http://data.brla.gov/government/cdc-places-data-by-zip-code/522a-c6dn","1,463","1,289","5.56","1,245","0.15","0.08"
"data.brla.gov","2025","/government/voting-precinct/y5ck-h64d/about_data","http://data.brla.gov/government/voting-precinct/y5ck-h64d/about_data","1,452","1,229","6.32","351","0.16","0.68"
"data.brla.gov","2025","/housing-and-development/ebrp-tax-roll/myfc-nh6n/related_content","http://data.brla.gov/housing-and-development/ebrp-tax-roll/myfc-nh6n/related_content","1,429","1,015","10.71","0","0.08","0.20"
"data.brla.gov","2025","/government/active-city-parish-employees/k9k4-embr/data","http://data.brla.gov/government/active-city-parish-employees/k9k4-embr/data","1,308","1,030","4.58","1,308","0.09","0.09"
"data.brla.gov","2025","/housing-and-development/property-information/re5c-hrw9","http://data.brla.gov/housing-and-development/property-information/re5c-hrw9","1,272","1,017","4.39","714","0.10","0.14"
"data.brla.gov","2025","/verify_email","http://data.brla.gov/verify_email","1,261","670","29.09","103","0.03","0.25"
"data.brla.gov","2025","/public-safety/baton-rouge-traffic-crash-incidents/7wah-qncc/related_content","http://data.brla.gov/public-safety/baton-rouge-traffic-crash-incidents/7wah-qncc/related_content","1,214","994","3.68","56","0.21","0.44"
"data.brla.gov","2025","/housing-and-development/public-land-survey-system/5i2z-eb5u","http://data.brla.gov/housing-and-development/public-land-survey-system/5i2z-eb5u","1,172","1,172","6.00","1,130","0.08","0.08"
"data.brla.gov","2025","/government/open-checkbook-br/7qhq-wwsg/data_preview","http://data.brla.gov/government/open-checkbook-br/7qhq-wwsg/data_preview","1,167","1,071","12.67","208","0.20","0.56"
"data.brla.gov","2025","/housing-and-development/property-information/re5c-hrw9/related_content","http://data.brla.gov/housing-and-development/property-information/re5c-hrw9/related_content","1,159","1,037","17.40","0","0.21","0.40"
"data.brla.gov","2025","/government/city-parish-employees/bj3z-jksg/explore","http://data.brla.gov/government/city-parish-employees/bj3z-jksg/explore","1,148","997","4.48","0","0.00","0.08"
"data.brla.gov","2025","/stories/s/dg7i-p7vt","http://data.brla.gov/stories/s/dg7i-p7vt","1,135","973","73.69","100","0.07","0.42"
"data.brla.gov","2025","/government/number-of-active-employees-by-department/4z5a-qeie","http://data.brla.gov/government/number-of-active-employees-by-department/4z5a-qeie","1,118","1,074","47.88","310","0.23","0.66"
"data.brla.gov","2025","/government/voting-precinct/y5ck-h64d","http://data.brla.gov/government/voting-precinct/y5ck-h64d","1,110","925","4.35","1,110","0.11","0.11"
"data.brla.gov","2025","/government/city-parish-vendors/6w2f-pxr9/about_data","http://data.brla.gov/government/city-parish-vendors/6w2f-pxr9/about_data","1,092","927","10.60","268","0.22","0.57"
"data.brla.gov","2025","/faq","http://data.brla.gov/faq","1,068","1,011","81.73","114","0.16","0.34"
"data.brla.gov","2025","/transportation-and-infrastructure/traffic-camera/usva-7n85","http://data.brla.gov/transportation-and-infrastructure/traffic-camera/usva-7n85","1,067","1,067","0.25","57","0.08","1.00"
"data.brla.gov","2025","/transportation-and-infrastructure/ebrp-street-name-changes/h9j4-yewx/about_data","http://data.brla.gov/transportation-and-infrastructure/ebrp-street-name-changes/h9j4-yewx/about_data","1,055","671","10.01","214","0.10","0.48"
"data.brla.gov","2025","/government/purchase-orders-and-contracts/2ung-w7t4/related_content","http://data.brla.gov/government/purchase-orders-and-contracts/2ung-w7t4/related_content","1,006","686","11.21","57","0.14","0.13"
"data.brla.gov","2025","/government/zip-code/s8ex-w355/about_data","http://data.brla.gov/government/zip-code/s8ex-w355/about_data","993","828","11.10","96","0.07","0.82"
"data.brla.gov","2025","/business-and-financial/abc_license/xhjf-mdnv/about_data","http://data.brla.gov/business-and-financial/abc_license/xhjf-mdnv/about_data","981","330","9.21","0","0.00","0.15"
"data.brla.gov","2025","/government/legacy-city-parish-employee-annual-salaries/g5c2-myyj/data_preview","http://data.brla.gov/government/legacy-city-parish-employee-annual-salaries/g5c2-myyj/data_preview","949","646","45.06","0","0.00","0.13"
"data.brla.gov","2025","/d/7y8j-nrht/visualization","http://data.brla.gov/d/7y8j-nrht/visualization","929","786","14.81","56","0.19","0.57"
"data.brla.gov","2025","/business-and-financial/businesses-registered-with-ebr-parish/xw6s-bcqm/explore","http://data.brla.gov/business-and-financial/businesses-registered-with-ebr-parish/xw6s-bcqm/explore","929","759","4.43","26","0.01","0.08"
"data.brla.gov","2025","/government/voting-precinct/v7bg-r4jf","http://data.brla.gov/government/voting-precinct/v7bg-r4jf","921","676","26.22","95","0.07","0.79"
"data.brla.gov","2025","/housing-and-development/ebrp-tax-roll/myfc-nh6n/explore","http://data.brla.gov/housing-and-development/ebrp-tax-roll/myfc-nh6n/explore","918","897","134.76","0","0.00","0.09"
"data.brla.gov","2025","/business-and-financial/sales-tax-collections/wzhh-xrbf/about_data","http://data.brla.gov/business-and-financial/sales-tax-collections/wzhh-xrbf/about_data","910","483","59.07","0","0.18","0.14"
"data.brla.gov","2025","/government/legacy-city-parish-employees/gyhq-w3h3/about_data","http://data.brla.gov/government/legacy-city-parish-employees/gyhq-w3h3/about_data","902","731","12.68","44","0.01","0.17"
"data.brla.gov","2025","/public-safety/baton-rouge-police-crime-incidents/pbin-pcm7/explore","http://data.brla.gov/public-safety/baton-rouge-police-crime-incidents/pbin-pcm7/explore","884","771","4.69","0","0.00","0.08"
"data.brla.gov","2025","/housing-and-development/street-address/v5fb-bn79","http://data.brla.gov/housing-and-development/street-address/v5fb-bn79","870","634","30.68","0","0.00","0.50"
"data.brla.gov","2025","/government/dataset-of-datasets/stfb-qk35/about_data","http://data.brla.gov/government/dataset-of-datasets/stfb-qk35/about_data","866","502","3.34","246","0.55","0.72"
"data.brla.gov","2025","/housing-and-development/tax-parcel/ei2c-krsr/about_data","http://data.brla.gov/housing-and-development/tax-parcel/ei2c-krsr/about_data","853","635","147.67","50","0.04","0.33"
"data.brla.gov","2025","/culture-and-recreation/ebrp-library-hotspot-checkout-stats/2vbe-dvdu/about_data","http://data.brla.gov/culture-and-recreation/ebrp-library-hotspot-checkout-stats/2vbe-dvdu/about_data","843","457","4.46","44","0.07","0.26"
"data.brla.gov","2025","/transportation-and-infrastructure/street-lighting/2jru-byiu/about_data","http://data.brla.gov/transportation-and-infrastructure/street-lighting/2jru-byiu/about_data","827","655","9.83","606","0.49","0.68"
"data.brla.gov","2025","/government/website-analytics/n9u7-h9i7","http://data.brla.gov/government/website-analytics/n9u7-h9i7","827","727","5.20","489","0.13","0.08"
"data.brla.gov","2025","/government/zip-code/s8ex-w355","http://data.brla.gov/government/zip-code/s8ex-w355","810","703","3.88","723","0.08","0.09"
"data.brla.gov","2025","/transportation-and-infrastructure/major-street-plan/p8nt-qh98/about_data","http://data.brla.gov/transportation-and-infrastructure/major-street-plan/p8nt-qh98/about_data","806","692","11.52","98","0.05","0.54"
"data.brla.gov","2025","/public-safety/brfd-hazmat-incidents/puvg-q6uk/about_data","http://data.brla.gov/public-safety/brfd-hazmat-incidents/puvg-q6uk/about_data","805","662","9.83","0","0.10","0.48"
"data.brla.gov","2025","/browse/select_georegion","http://data.brla.gov/browse/select_georegion","793","627","37.75","698","0.33","0.40"
"data.brla.gov","2025","/government/purchase-orders-and-contracts/2ung-w7t4/explore","http://data.brla.gov/government/purchase-orders-and-contracts/2ung-w7t4/explore","787","556","3.57","0","0.08","0.21"
"data.brla.gov","2025","/business-and-financial/abc_license/xhjf-mdnv/data_preview","http://data.brla.gov/business-and-financial/abc_license/xhjf-mdnv/data_preview","782","465","8.28","325","0.42","0.64"
"data.brla.gov","2025","/transportation-and-infrastructure/street-names/whw6-pbh2","http://data.brla.gov/transportation-and-infrastructure/street-names/whw6-pbh2","764","764","5.76","465","0.00","0.08"
"data.brla.gov","2025","/housing-and-development/mobile-home-park/az26-5c8f/about_data","http://data.brla.gov/housing-and-development/mobile-home-park/az26-5c8f/about_data","759","470","42.30","43","0.11","0.79"
"data.brla.gov","2025","/public-safety/baton-rouge-fire-department-occupancy-inspections/h453-hp7u/about_data","http://data.brla.gov/public-safety/baton-rouge-fire-department-occupancy-inspections/h453-hp7u/about_data","756","551","39.93","54","0.10","0.35"
"data.brla.gov","2025","/terms-of-service","http://data.brla.gov/terms-of-service","737","539","26.78","241","0.40","0.45"
"data.brla.gov","2025","/housing-and-development/ebr-building-permits/7fq7-8j7r/related_content","http://data.brla.gov/housing-and-development/ebr-building-permits/7fq7-8j7r/related_content","736","680","3.86","213","0.11","0.53"
"data.brla.gov","2025","/profile/iet3-f3wf","http://data.brla.gov/profile/iet3-f3wf","715","333","11.18","0","0.00","0.21"
"data.brla.gov","2025","/transportation-and-infrastructure/major-street-plan/cnzn-7v2k","http://data.brla.gov/transportation-and-infrastructure/major-street-plan/cnzn-7v2k","714","543","19.43","113","0.17","0.84"
"data.brla.gov","2025","/culture-and-recreation/ebrp-library-wifi-usage-stats/mtjw-7y57/about_data","http://data.brla.gov/culture-and-recreation/ebrp-library-wifi-usage-stats/mtjw-7y57/about_data","702","453","57.54","149","0.27","0.66"
"data.brla.gov","2025","/culture-and-recreation/ebrp-library-circulation-statistics/m33w-s9q6/about_data","http://data.brla.gov/culture-and-recreation/ebrp-library-circulation-statistics/m33w-s9q6/about_data","702","482","4.02","98","0.34","0.20"
"data.brla.gov","2025","/government/cdc-places-data-by-zip-code-map/wdhv-sg33","http://data.brla.gov/government/cdc-places-data-by-zip-code-map/wdhv-sg33","699","641","15.16","75","0.22","0.78"
"data.brla.gov","2025","/government/legacy-purchase-orders/54bn-2sqf/data_preview","http://data.brla.gov/government/legacy-purchase-orders/54bn-2sqf/data_preview","688","356","46.04","22","0.15","0.28"
"data.brla.gov","2025","/housing-and-development/street-address-listing/6fyg-p3r9/data_preview","http://data.brla.gov/housing-and-development/street-address-listing/6fyg-p3r9/data_preview","671","483","17.23","84","0.19","0.35"
"data.brla.gov","2025","/housing-and-development/mobile-home-park/az26-5c8f","http://data.brla.gov/housing-and-development/mobile-home-park/az26-5c8f","669","427","4.44","619","0.15","0.15"
"data.brla.gov","2025","/public-safety/baton-rouge-traffic-crash-incidents/7wah-qncc/explore","http://data.brla.gov/public-safety/baton-rouge-traffic-crash-incidents/7wah-qncc/explore","668","521","4.80","0","0.00","0.08"
"data.brla.gov","2025","/public-safety/legacy-baton-rouge-traffic-incidents-2010-2020-/2tu5-7kif/about_data","http://data.brla.gov/public-safety/legacy-baton-rouge-traffic-incidents-2010-2020-/2tu5-7kif/about_data","660","604","12.09","57","0.07","0.49"
"data.brla.gov","2025","/public-safety/legacy-baton-rouge-traffic-incidents-2021-2022-/sfeg-d9ip/about_data","http://data.brla.gov/public-safety/legacy-baton-rouge-traffic-incidents-2021-2022-/sfeg-d9ip/about_data","660","480","15.67","90","0.19","0.58"
"data.brla.gov","2025","/government/city-parish-vendors/6w2f-pxr9","http://data.brla.gov/government/city-parish-vendors/6w2f-pxr9","659","659","6.93","320","0.02","0.08"
"data.brla.gov","2025","/public-safety/baton-rouge-fire-department-occupancy-inspections/h453-hp7u","http://data.brla.gov/public-safety/baton-rouge-fire-department-occupancy-inspections/h453-hp7u","657","553","15.77","154","0.15","0.07"
"data.brla.gov","2025","/transportation-and-infrastructure/major-street-plan/p8nt-qh98","http://data.brla.gov/transportation-and-infrastructure/major-street-plan/p8nt-qh98","651","594","5.44","625","0.06","0.09"
"data.brla.gov","2025","/public-safety/east-baton-rouge-parish-combined-crime-incidents/6zc2-imdr/related_content","http://data.brla.gov/public-safety/east-baton-rouge-parish-combined-crime-incidents/6zc2-imdr/related_content","650","542","30.52","50","0.00","0.21"
"data.brla.gov","2025","/w/pbin-pcm7/default","http://data.brla.gov/w/pbin-pcm7/default","645","383","59.61","587","0.91","0.93"
"data.brla.gov","2025","/government/2017-department-salary-comparison/x3zy-8zcs/about_data","http://data.brla.gov/government/2017-department-salary-comparison/x3zy-8zcs/about_data","643","376","8.68","0","0.00","0.17"
"data.brla.gov","2025","/housing-and-development/adjudicated-property/a4h4-zi7e/explore","http://data.brla.gov/housing-and-development/adjudicated-property/a4h4-zi7e/explore","624","520","4.06","0","0.06","0.08"
"data.brla.gov","2025","/public-safety/crime-prevention-district/ms63-rwj2/about_data","http://data.brla.gov/public-safety/crime-prevention-district/ms63-rwj2/about_data","618","400","25.15","188","0.25","0.28"
"data.brla.gov","2025","/government/number-of-contracts-by-contract-type/xusf-fqn8","http://data.brla.gov/government/number-of-contracts-by-contract-type/xusf-fqn8","617","356","48.53","85","0.08","0.32"
"data.brla.gov","2025","/business-and-financial/abc_license/xhjf-mdnv","http://data.brla.gov/business-and-financial/abc_license/xhjf-mdnv","613","330","2.78","47","0.00","0.08"
"data.brla.gov","2025","/government/1st-circuit-court-of-appeals-2nd-district/9mc4-8ctx/about_data","http://data.brla.gov/government/1st-circuit-court-of-appeals-2nd-district/9mc4-8ctx/about_data","608","608","21.35","123","0.09","0.79"
"data.brla.gov","2025","/government/legacy-city-parish-employees/gyhq-w3h3","http://data.brla.gov/government/legacy-city-parish-employees/gyhq-w3h3","603","540","3.95","56","0.00","0.09"
"data.brla.gov","2025","/profile/pq4s-xsqh","http://data.brla.gov/profile/pq4s-xsqh","597","436","7.19","0","0.19","0.09"
"data.brla.gov","2025","/public-safety/brfd-occupancy-inspection-types-by-year/niq7-mvpb","http://data.brla.gov/public-safety/brfd-occupancy-inspection-types-by-year/niq7-mvpb","595","458","32.31","526","0.54","0.67"
"data.brla.gov","2025","/government/gas-utility-district/265k-umkd/about_data","http://data.brla.gov/government/gas-utility-district/265k-umkd/about_data","590","532","4.03","289","0.32","0.88"
"data.brla.gov","2025","/housing-and-development/subdivisions/px43-apna","http://data.brla.gov/housing-and-development/subdivisions/px43-apna","586","314","4.57","279","0.04","0.10"
"data.brla.gov","2025","/housing-and-development/building-footprint/w2dv-n5tp/about_data","http://data.brla.gov/housing-and-development/building-footprint/w2dv-n5tp/about_data","584","496","9.56","56","0.18","0.75"
"data.brla.gov","2025","/environment/fault-line/v7es-qup7/about_data","http://data.brla.gov/environment/fault-line/v7es-qup7/about_data","573","573","5.56","194","0.44","0.86"
"data.brla.gov","2025","/transportation-and-infrastructure/btr-airport-signatory-airlines-passenger-stats/5ihf-n5qf/about_data","http://data.brla.gov/transportation-and-infrastructure/btr-airport-signatory-airlines-passenger-stats/5ihf-n5qf/about_data","567","469","1.39","42","0.07","0.57"
"data.brla.gov","2025","/government/website-analytics/n9u7-h9i7/data_preview","http://data.brla.gov/government/website-analytics/n9u7-h9i7/data_preview","564","421","24.25","56","0.19","0.32"
"data.brla.gov","2025","/dataset/neighborhoods_from_qfmj_2fwi/uvg4-nwq8/about_data","http://data.brla.gov/dataset/neighborhoods_from_qfmj_2fwi/uvg4-nwq8/about_data","562","562","70.56","114","0.08","0.67"
"data.brla.gov","2025","/transportation-and-infrastructure/ebrp-street-name-changes/h9j4-yewx/data","http://data.brla.gov/transportation-and-infrastructure/ebrp-street-name-changes/h9j4-yewx/data","561","397","3.54","456","0.09","0.09"
"data.brla.gov","2025","/business-and-financial/economic-development-district/d3r6-4z4q","http://data.brla.gov/business-and-financial/economic-development-district/d3r6-4z4q","556","499","236.86","171","0.19","0.63"
"data.brla.gov","2025","/government/city-parish-employee-annual-salaries/g9vh-zeiw/data","http://data.brla.gov/government/city-parish-employee-annual-salaries/g9vh-zeiw/data","553","439","4.80","270","0.00","0.00"
"data.brla.gov","2025","/transportation-and-infrastructure/green-light-plan/up6b-ensz/about_data","http://data.brla.gov/transportation-and-infrastructure/green-light-plan/up6b-ensz/about_data","548","435","1.19","56","0.09","1.00"
"data.brla.gov","2025","/culture-and-recreation/ebrp-library-gate-counts/stfv-hidx/about_data","http://data.brla.gov/culture-and-recreation/ebrp-library-gate-counts/stfv-hidx/about_data","547","271","19.43","0","0.19","0.00"
"data.brla.gov","2025","/government/cdc-places-data-by-zip-code/522a-c6dn/data_preview","http://data.brla.gov/government/cdc-places-data-by-zip-code/522a-c6dn/data_preview","547","257","5.28","102","0.83","0.27"
"data.brla.gov","2025","/government/city-parish-employee-annual-salaries/g9vh-zeiw/related_content","http://data.brla.gov/government/city-parish-employee-annual-salaries/g9vh-zeiw/related_content","532","532","7.15","0","0.06","0.19"
"data.brla.gov","2025","/housing-and-development/tax-parcel/ei2c-krsr","http://data.brla.gov/housing-and-development/tax-parcel/ei2c-krsr","529","479","2,356.48","276","0.07","0.10"
"data.brla.gov","2025","/government/city-parish-expenditures/vwa8-ps2a/about_data","http://data.brla.gov/government/city-parish-expenditures/vwa8-ps2a/about_data","527","471","19.08","0","0.00","0.33"
"data.brla.gov","2025","/public-safety/baton-rouge-fire-incidents/dakq-4sda/explore","http://data.brla.gov/public-safety/baton-rouge-fire-incidents/dakq-4sda/explore","524","130","1.23","0","0.00","0.20"
"data.brla.gov","2025","/public-safety/brfd-hazmat-incidents/puvg-q6uk","http://data.brla.gov/public-safety/brfd-hazmat-incidents/puvg-q6uk","523","380","3.37","0","0.00","0.09"
"data.brla.gov","2025","/public-safety/animal-control-incidents-timeline/gshz-tads","http://data.brla.gov/public-safety/animal-control-incidents-timeline/gshz-tads","522","466","28.38","0","0.00","0.70"
"data.brla.gov","2025","/housing-and-development/public-land-survey-system/d7p3-h4vb","http://data.brla.gov/housing-and-development/public-land-survey-system/d7p3-h4vb","519","519","58.66","0","0.00","0.80"
"data.brla.gov","2025","/transportation-and-infrastructure/legacy-baton-rouge-traffic-incidents-2021-2022-/urth-vdm5","http://data.brla.gov/transportation-and-infrastructure/legacy-baton-rouge-traffic-incidents-2021-2022-/urth-vdm5","517","343","8.59","401","0.76","0.93"
"data.brla.gov","2025","/government/311-citizen-requests-for-service/7ixm-mnvx/explore","http://data.brla.gov/government/311-citizen-requests-for-service/7ixm-mnvx/explore","512","512","5.01","0","0.00","0.08"
"data.brla.gov","2025","/housing-and-development/building-footprint/w2dv-n5tp","http://data.brla.gov/housing-and-development/building-footprint/w2dv-n5tp","510","466","5.21","417","0.09","0.11"
"data.brla.gov","2025","/government/dataset-of-datasets/stfb-qk35/data_preview","http://data.brla.gov/government/dataset-of-datasets/stfb-qk35/data_preview","507","374","27.04","84","0.68","0.22"
"data.brla.gov","2025","/government/city-parish-employee-annual-salaries/g9vh-zeiw/explore","http://data.brla.gov/government/city-parish-employee-annual-salaries/g9vh-zeiw/explore","504","504","5.01","0","0.00","0.09"
"data.brla.gov","2025","/browse/select_dataset","http://data.brla.gov/browse/select_dataset","504","112","1.65","168","0.00","0.11"
"data.brla.gov","2025","/government/polling-place/9g8x-h7ij/about_data","http://data.brla.gov/government/polling-place/9g8x-h7ij/about_data","502","274","4.42","77","0.24","0.78"
"data.brla.gov","2025","/culture-and-recreation/historic-marker/jpvf-a4mn/about_data","http://data.brla.gov/culture-and-recreation/historic-marker/jpvf-a4mn/about_data","500","386","56.32","329","0.50","0.81"
"data.brla.gov","2025","/government/2021-purchase-orders/c6zn-g33m/about_data","http://data.brla.gov/government/2021-purchase-orders/c6zn-g33m/about_data","499","449","36.88","0","0.00","0.38"
"data.brla.gov","2025","/government/2021-purchase-orders/c6zn-g33m","http://data.brla.gov/government/2021-purchase-orders/c6zn-g33m","491","491","5.17","229","0.10","0.13"
"data.brla.gov","2025","/culture-and-recreation/ebrp-library-hotspot-checkout-stats/2vbe-dvdu/data_preview","http://data.brla.gov/culture-and-recreation/ebrp-library-hotspot-checkout-stats/2vbe-dvdu/data_preview","491","213","344.87","0","0.00","0.54"
"data.brla.gov","2025","/widgets/g9vh-zeiw","http://data.brla.gov/widgets/g9vh-zeiw","488","488","0.25","432","0.88","1.00"
"data.brla.gov","2025","/government/1st-circuit-court-of-appeals-2nd-district/9mc4-8ctx","http://data.brla.gov/government/1st-circuit-court-of-appeals-2nd-district/9mc4-8ctx","485","485","6.14","485","0.09","0.09"
"data.brla.gov","2025","/housing-and-development/subdivisions/px43-apna/related_content","http://data.brla.gov/housing-and-development/subdivisions/px43-apna/related_content","481","433","83.81","0","0.12","0.11"
"data.brla.gov","2025","/government/council-districts-2025/kpkk-2hcj","http://data.brla.gov/government/council-districts-2025/kpkk-2hcj","480","480","13.31","96","0.06","0.19"
"data.brla.gov","2025","/d/pbin-pcm7/visualization","http://data.brla.gov/d/pbin-pcm7/visualization","480","424","187.09","0","0.05","0.61"
"data.brla.gov","2025","/housing-and-development/neighborhood/947q-ef2q/about_data","http://data.brla.gov/housing-and-development/neighborhood/947q-ef2q/about_data","478","366","97.12","294","0.55","0.71"
"data.brla.gov","2025","/w/522a-c6dn/default","http://data.brla.gov/w/522a-c6dn/default","472","381","3.60","472","0.90","0.90"
"data.brla.gov","2025","/public-safety/legacy-baton-rouge-police-crime-incidents/fabb-cnnu/related_content","http://data.brla.gov/public-safety/legacy-baton-rouge-police-crime-incidents/fabb-cnnu/related_content","462","418","16.62","0","0.02","0.49"
"data.brla.gov","2025","/housing-and-development/street-address/utpm-sxpk/about_data","http://data.brla.gov/housing-and-development/street-address/utpm-sxpk/about_data","454","383","79.07","0","0.15","0.36"
"data.brla.gov","2025","/business-and-financial/pet-preparedness/3t7g-ia4h/about_data","http://data.brla.gov/business-and-financial/pet-preparedness/3t7g-ia4h/about_data","453","339","26.32","228","0.09","0.26"
"data.brla.gov","2025","/public-safety/2015-crime-map/smb2-b252","http://data.brla.gov/public-safety/2015-crime-map/smb2-b252","446","389","0.61","446","1.00","1.00"
"data.brla.gov","2025","/government/pos-by-vendor-drilldown-to-contract-counts-/9hyi-aapj","http://data.brla.gov/government/pos-by-vendor-drilldown-to-contract-counts-/9hyi-aapj","441","391","56.13","267","0.58","0.63"
"data.brla.gov","2025","/government/retail-food-inspections/ux2t-b9wr/explore","http://data.brla.gov/government/retail-food-inspections/ux2t-b9wr/explore","440","184","2.84","0","0.00","0.08"
"data.brla.gov","2025","/public-safety/legacy-baton-rouge-traffic-incidents-2010-2020-/2tu5-7kif","http://data.brla.gov/public-safety/legacy-baton-rouge-traffic-incidents-2010-2020-/2tu5-7kif","435","435","5.04","268","0.19","0.19"
"data.brla.gov","2025","/w/ei2c-krsr/default","http://data.brla.gov/w/ei2c-krsr/default","426","426","0.25","426","1.00","1.00"
"data.brla.gov","2025","/profile/re7j-xhdx","http://data.brla.gov/profile/re7j-xhdx","425","326","17.62","250","0.09","0.10"
"data.brla.gov","2025","/government/ward-pre-1949/hfcm-trtq/about_data","http://data.brla.gov/government/ward-pre-1949/hfcm-trtq/about_data","424","424","2.74","157","0.46","0.79"
"data.brla.gov","2025","/government/2017-department-salary-comparison/x3zy-8zcs","http://data.brla.gov/government/2017-department-salary-comparison/x3zy-8zcs","419","320","3.06","0","0.00","0.09"
"data.brla.gov","2025","/business-and-financial/sales-tax-collections/wzhh-xrbf/data_preview","http://data.brla.gov/business-and-financial/sales-tax-collections/wzhh-xrbf/data_preview","415","330","452.24","0","0.00","0.21"
"data.brla.gov","2025","/government/city-parish-expenditures/vwa8-ps2a","http://data.brla.gov/government/city-parish-expenditures/vwa8-ps2a","413","413","4.45","44","0.03","0.08"
"data.brla.gov","2025","/government/landscape-maintenance-agreement/eyp8-c7wc/about_data","http://data.brla.gov/government/landscape-maintenance-agreement/eyp8-c7wc/about_data","409","369","241.86","0","0.19","0.34"
"data.brla.gov","2025","/housing-and-development/subdivisions/px43-apna/explore","http://data.brla.gov/housing-and-development/subdivisions/px43-apna/explore","397","340","3.98","0","0.00","0.09"
"data.brla.gov","2025","/w/7wah-qncc/default","http://data.brla.gov/w/7wah-qncc/default","396","282","3.98","396","1.00","1.00"
"data.brla.gov","2025","/housing-and-development/census-demographics/xsrb-mxqt/about_data","http://data.brla.gov/housing-and-development/census-demographics/xsrb-mxqt/about_data","395","395","1.02","56","0.13","0.78"
"data.brla.gov","2025","/government/potential-sedbe-vendors/3eph-sq8r/about_data","http://data.brla.gov/government/potential-sedbe-vendors/3eph-sq8r/about_data","394","337","367.99","0","0.00","0.00"
"data.brla.gov","2025","/dataset/neighborhoods_from_qfmj_2fwi/uvg4-nwq8","http://data.brla.gov/dataset/neighborhoods_from_qfmj_2fwi/uvg4-nwq8","391","391","5.28","110","0.10","0.10"
"data.brla.gov","2025","/public-safety/baton-rouge-fire-department-occupancy-inspections/h453-hp7u/data_preview","http://data.brla.gov/public-safety/baton-rouge-fire-department-occupancy-inspections/h453-hp7u/data_preview","388","294","5.66","189","0.07","0.71"
"data.brla.gov","2025","/widgets/h9j4-yewx","http://data.brla.gov/widgets/h9j4-yewx","388","388","0.25","388","1.00","1.00"
"data.brla.gov","2025","/housing-and-development/lot-profile/9gt6-rmn8/about_data","http://data.brla.gov/housing-and-development/lot-profile/9gt6-rmn8/about_data","387","244","38.43","0","0.00","0.35"
"data.brla.gov","2025","/business-and-financial/grocery/8ds2-8tze/about_data","http://data.brla.gov/business-and-financial/grocery/8ds2-8tze/about_data","386","215","121.05","114","0.21","0.31"
"data.brla.gov","2025","/culture-and-recreation/ebrp-library-gate-counts/stfv-hidx/data_preview","http://data.brla.gov/culture-and-recreation/ebrp-library-gate-counts/stfv-hidx/data_preview","383","215","253.60","0","0.00","0.00"
"data.brla.gov","2025","/environment/fault-line/v7es-qup7","http://data.brla.gov/environment/fault-line/v7es-qup7","379","379","6.30","379","0.10","0.10"
"data.brla.gov","2025","/transportation-and-infrastructure/green-light-plan/up6b-ensz","http://data.brla.gov/transportation-and-infrastructure/green-light-plan/up6b-ensz","379","379","9.25","379","0.08","0.08"
"data.brla.gov","2025","/government/retail-food-inspections/ux2t-b9wr/related_content","http://data.brla.gov/government/retail-food-inspections/ux2t-b9wr/related_content","376","320","2.04","0","0.00","0.19"
"data.brla.gov","2025","/business-and-financial/sales-tax-collections/wzhh-xrbf","http://data.brla.gov/business-and-financial/sales-tax-collections/wzhh-xrbf","374","288","4.47","172","0.52","0.09"
"data.brla.gov","2025","/government/city-parish-employees/bj3z-jksg/data","http://data.brla.gov/government/city-parish-employees/bj3z-jksg/data","372","260","3.91","372","0.00","0.00"
"data.brla.gov","2025","/w/6zc2-imdr/default","http://data.brla.gov/w/6zc2-imdr/default","368","144","7.32","324","0.78","1.00"
"data.brla.gov","2025","/business-and-financial/business/rz2r-b86i","http://data.brla.gov/business-and-financial/business/rz2r-b86i","368","368","118.74","0","0.00","0.48"
"data.brla.gov","2025","/government/pos-by-vendor-drilldown-to-contract-dollars-/w5ni-qggu","http://data.brla.gov/government/pos-by-vendor-drilldown-to-contract-dollars-/w5ni-qggu","361","259","60.87","100","0.42","0.50"
"data.brla.gov","2025","/profile/edit","http://data.brla.gov/profile/edit","359","196","2.74","0","0.00","0.18"
"data.brla.gov","2025","/transportation-and-infrastructure/ebrp-street-name-changes/h9j4-yewx/data_preview","http://data.brla.gov/transportation-and-infrastructure/ebrp-street-name-changes/h9j4-yewx/data_preview","359","274","83.99","0","0.00","0.64"
"data.brla.gov","2025","/government/19th-judicial-district-court-sections/3id2-kbnu/about_data","http://data.brla.gov/government/19th-judicial-district-court-sections/3id2-kbnu/about_data","359","359","40.96","161","0.44","0.93"
"data.brla.gov","2025","/government/dataset-of-datasets/stfb-qk35","http://data.brla.gov/government/dataset-of-datasets/stfb-qk35","356","300","3.20","22","0.41","0.09"
"data.brla.gov","2025","/government/311-citizen-requests-for-service-by-department-cha/w4h9-g36c","http://data.brla.gov/government/311-citizen-requests-for-service-by-department-cha/w4h9-g36c","355","355","43.05","107","0.10","0.81"
"data.brla.gov","2025","/dataset/zip-codes_from_tqy7_429i/jrqt-zu77/about_data","http://data.brla.gov/dataset/zip-codes_from_tqy7_429i/jrqt-zu77/about_data","353","311","21.36","0","0.00","0.37"
"data.brla.gov","2025","/public-safety/legacy-baton-rouge-traffic-incidents-2021-2022-/sfeg-d9ip","http://data.brla.gov/public-safety/legacy-baton-rouge-traffic-incidents-2021-2022-/sfeg-d9ip","350","250","4.76","250","0.10","0.10"
"data.brla.gov","2025","/culture-and-recreation/ebrp-library-circulation-statistics/m33w-s9q6/data_preview","http://data.brla.gov/culture-and-recreation/ebrp-library-circulation-statistics/m33w-s9q6/data_preview","347","237","294.22","0","0.00","0.20"
"data.brla.gov","2025","/profile/2kgd-zqs7","http://data.brla.gov/profile/2kgd-zqs7","345","143","7.50","0","0.00","0.60"
"data.brla.gov","2025","/transportation-and-infrastructure/railroad-crossing/7jir-8rxf/about_data","http://data.brla.gov/transportation-and-infrastructure/railroad-crossing/7jir-8rxf/about_data","342","295","7.02","44","0.11","0.71"
"data.brla.gov","2025","/housing-and-development/building-footprint/i6q4-ime9","http://data.brla.gov/housing-and-development/building-footprint/i6q4-ime9","342","342","120.03","146","0.58","0.67"
"data.brla.gov","2025","/government/2018-social-vulnerability-index/q7v5-ijjg/about_data","http://data.brla.gov/government/2018-social-vulnerability-index/q7v5-ijjg/about_data","339","282","8.28","114","0.00","0.37"
"data.brla.gov","2025","/w/3j5u-jyar/default","http://data.brla.gov/w/3j5u-jyar/default","337","223","14.08","337","1.00","1.00"
"data.brla.gov","2025","/widgets/whw6-pbh2","http://data.brla.gov/widgets/whw6-pbh2","337","337","0.25","337","1.00","1.00"
"data.brla.gov","2025","/w/icrw-xqk9/default","http://data.brla.gov/w/icrw-xqk9/default","336","168","150.65","224","0.50","0.50"
"data.brla.gov","2025","/government/baton-rouge-city-limit/nyqb-2p5j/data_preview","http://data.brla.gov/government/baton-rouge-city-limit/nyqb-2p5j/data_preview","335","279","45.66","0","0.19","0.22"
"data.brla.gov","2025","/housing-and-development/existing-land-use/wc4e-ahnj","http://data.brla.gov/housing-and-development/existing-land-use/wc4e-ahnj","332","332","167.25","114","0.21","0.37"
"data.brla.gov","2025","/government/baton-rouge-annexation-history/3xd7-twu2/about_data","http://data.brla.gov/government/baton-rouge-annexation-history/3xd7-twu2/about_data","331","222","32.38","114","0.00","0.15"
"data.brla.gov","2025","/transportation-and-infrastructure/btr-airport-signatory-airlines-passenger-stats/5ihf-n5qf","http://data.brla.gov/transportation-and-infrastructure/btr-airport-signatory-airlines-passenger-stats/5ihf-n5qf","329","329","5.11","219","0.00","0.00"
"data.brla.gov","2025","/d/bj3z-jksg/visualization","http://data.brla.gov/d/bj3z-jksg/visualization","329","329","80.99","126","0.22","0.34"
"data.brla.gov","2025","/business-and-financial/business/nx5f-3fxd","http://data.brla.gov/business-and-financial/business/nx5f-3fxd","326","326","5.83","123","0.11","0.12"
"data.brla.gov","2025","/business-and-financial/business/nx5f-3fxd/about_data","http://data.brla.gov/business-and-financial/business/nx5f-3fxd/about_data","326","326","20.84","0","0.00","0.21"
"data.brla.gov","2025","/government/city-parish-vendors/6w2f-pxr9/data_preview","http://data.brla.gov/government/city-parish-vendors/6w2f-pxr9/data_preview","324","216","6.78","0","0.00","0.47"
"data.brla.gov","2025","/government/city-limits/ak38-x6fx/about_data","http://data.brla.gov/government/city-limits/ak38-x6fx/about_data","323","323","2.17","0","0.00","0.86"
"data.brla.gov","2025","/government/census-2020/xb3r-mcew","http://data.brla.gov/government/census-2020/xb3r-mcew","322","322","5.99","173","0.10","0.10"
"data.brla.gov","2025","/government/census-2020/xb3r-mcew/about_data","http://data.brla.gov/government/census-2020/xb3r-mcew/about_data","322","322","3.64","0","0.00","0.90"
"data.brla.gov","2025","/transportation-and-infrastructure/street-crosswalk/mgt5-6piy/about_data","http://data.brla.gov/transportation-and-infrastructure/street-crosswalk/mgt5-6piy/about_data","317","317","2.88","56","0.43","0.59"
"data.brla.gov","2025","/government/legacy-city-parish-employee-annual-salaries/g5c2-myyj/related_content","http://data.brla.gov/government/legacy-city-parish-employee-annual-salaries/g5c2-myyj/related_content","315","100","2.27","0","0.00","1.00"
"data.brla.gov","2025","/dataset/zip-codes_from_tqy7_429i/jrqt-zu77","http://data.brla.gov/dataset/zip-codes_from_tqy7_429i/jrqt-zu77","311","311","5.40","112","0.00","0.09"
"data.brla.gov","2025","/government/polling-place/9g8x-h7ij","http://data.brla.gov/government/polling-place/9g8x-h7ij","311","197","3.73","96","0.00","0.07"
"data.brla.gov","2025","/admin","http://data.brla.gov/admin","309","93","1.90","0","0.48","0.15"
"data.brla.gov","2025","/transportation-and-infrastructure/btr-airport-signatory-airlines-passenger-stats/5ihf-n5qf/data_preview","http://data.brla.gov/transportation-and-infrastructure/btr-airport-signatory-airlines-passenger-stats/5ihf-n5qf/data_preview","309","155","112.03","57","0.16","0.52"
"data.brla.gov","2025","/widgets/ir77-bp8g","http://data.brla.gov/widgets/ir77-bp8g","308","308","42.29","308","0.50","0.50"
"data.brla.gov","2025","/widgets/2ung-w7t4","http://data.brla.gov/widgets/2ung-w7t4","308","264","8.40","308","1.00","1.00"
"data.brla.gov","2025","/government/contracts-50-000-under-by-vendor-amount/gvg3-cjq5","http://data.brla.gov/government/contracts-50-000-under-by-vendor-amount/gvg3-cjq5","307","131","39.60","0","0.00","0.28"
"data.brla.gov","2025","/housing-and-development/census-demographics/xsrb-mxqt","http://data.brla.gov/housing-and-development/census-demographics/xsrb-mxqt","307","307","5.16","150","0.12","0.22"
"data.brla.gov","2025","/housing-and-development/address-label/vg5n-ma2n","http://data.brla.gov/housing-and-development/address-label/vg5n-ma2n","307","284","42.45","0","0.29","0.09"
"data.brla.gov","2025","/government/2025-contracts-less-than-50-000/xvu8-amb5/data_preview","http://data.brla.gov/government/2025-contracts-less-than-50-000/xvu8-amb5/data_preview","306","174","59.30","132","0.19","0.31"
"data.brla.gov","2025","/public-safety/baton-rouge-traffic-crash-incidents/7wah-qncc/data","http://data.brla.gov/public-safety/baton-rouge-traffic-crash-incidents/7wah-qncc/data","305","255","6.09","305","0.00","0.00"
"data.brla.gov","2025","/business-and-financial/louisiana-opportunity-zone/n8kq-uika/about_data","http://data.brla.gov/business-and-financial/louisiana-opportunity-zone/n8kq-uika/about_data","303","303","1.51","64","0.14","0.94"
"data.brla.gov","2025","/government/gas-utility-district/265k-umkd","http://data.brla.gov/government/gas-utility-district/265k-umkd","301","301","6.33","301","0.08","0.08"
"data.brla.gov","2025","/culture-and-recreation/ebrp-library-computer-usage-stats/3u4i-fz9z/about_data","http://data.brla.gov/culture-and-recreation/ebrp-library-computer-usage-stats/3u4i-fz9z/about_data","301","191","3.13","25","0.14","0.14"
"data.brla.gov","2025","/transportation-and-infrastructure/railroad-crossing/7jir-8rxf","http://data.brla.gov/transportation-and-infrastructure/railroad-crossing/7jir-8rxf","298","251","6.27","298","0.00","0.00"
"data.brla.gov","2025","/business-and-financial/daycare-center/48u5-p88m","http://data.brla.gov/business-and-financial/daycare-center/48u5-p88m","296","267","36.22","0","0.00","0.49"
"data.brla.gov","2025","/government/landscape-maintenance-agreement/eyp8-c7wc","http://data.brla.gov/government/landscape-maintenance-agreement/eyp8-c7wc","293","253","4.73","0","0.24","0.09"
"data.brla.gov","2025","/housing-and-development/street-address/utpm-sxpk","http://data.brla.gov/housing-and-development/street-address/utpm-sxpk","293","270","3.88","0","0.36","0.10"
"data.brla.gov","2025","/housing-and-development/ebr-building-permits/7fq7-8j7r/data","http://data.brla.gov/housing-and-development/ebr-building-permits/7fq7-8j7r/data","291","247","5.88","243","0.11","0.11"
"data.brla.gov","2025","/government/baker-city-council-district/cyn7-vpxf/about_data","http://data.brla.gov/government/baker-city-council-district/cyn7-vpxf/about_data","289","289","63.45","100","0.66","0.89"
"data.brla.gov","2025","/housing-and-development/lot-profile/9gt6-rmn8","http://data.brla.gov/housing-and-development/lot-profile/9gt6-rmn8","287","244","4.81","43","0.08","0.08"
"data.brla.gov","2025","/government/zachary-council-district/f3up-4e7c/about_data","http://data.brla.gov/government/zachary-council-district/f3up-4e7c/about_data","286","263","25.83","188","0.24","0.35"
"data.brla.gov","2025","/public-safety/school-gun-free-zone/b6gs-42fc/about_data","http://data.brla.gov/public-safety/school-gun-free-zone/b6gs-42fc/about_data","284","195","83.28","148","0.71","1.00"
"data.brla.gov","2025","/government/city-parish-revenue-budget/4kxx-65v6","http://data.brla.gov/government/city-parish-revenue-budget/4kxx-65v6","284","284","2.44","100","0.11","0.20"
"data.brla.gov","2025","/public-safety/legacy-crime-type-comparison-chart/rfvj-394m","http://data.brla.gov/public-safety/legacy-crime-type-comparison-chart/rfvj-394m","284","227","40.90","0","0.00","0.50"
"data.brla.gov","2025","/housing-and-development/tax-parcel/ei2c-krsr/data_preview","http://data.brla.gov/housing-and-development/tax-parcel/ei2c-krsr/data_preview","282","156","330.41","0","0.00","0.40"
"data.brla.gov","2025","/housing-and-development/mobile-home-park/az26-5c8f/data_preview","http://data.brla.gov/housing-and-development/mobile-home-park/az26-5c8f/data_preview","282","47","27.72","0","0.00","1.00"
"data.brla.gov","2025","/w/2ung-w7t4/default","http://data.brla.gov/w/2ung-w7t4/default","281","281","47.70","281","0.61","0.61"
"data.brla.gov","2025","/culture-and-recreation/ebrp-library-wifi-usage-stats/mtjw-7y57","http://data.brla.gov/culture-and-recreation/ebrp-library-wifi-usage-stats/mtjw-7y57","280","223","3.38","170","0.00","0.00"
"data.brla.gov","2025","/w/u9zk-8nix/default","http://data.brla.gov/w/u9zk-8nix/default","280","112","34.84","280","1.00","1.00"
"data.brla.gov","2025","/government/potential-sedbe-vendors/3eph-sq8r","http://data.brla.gov/government/potential-sedbe-vendors/3eph-sq8r","280","280","5.18","0","0.00","0.00"
"data.brla.gov","2025","/public-safety/brfd-hazmat-incidents/puvg-q6uk/data_preview","http://data.brla.gov/public-safety/brfd-hazmat-incidents/puvg-q6uk/data_preview","279","251","13.77","56","0.00","0.17"
"data.brla.gov","2025","/w/ir77-bp8g/_variation_","http://data.brla.gov/w/ir77-bp8g/_variation_","279","111","6.83","279","1.00","1.00"
"data.brla.gov","2025","/government/hospital-service-district-1/n5h6-jjpt","http://data.brla.gov/government/hospital-service-district-1/n5h6-jjpt","277","277","4.63","277","0.30","0.30"
"data.brla.gov","2025","/government/legacy-city-parish-employees/gyhq-w3h3/data_preview","http://data.brla.gov/government/legacy-city-parish-employees/gyhq-w3h3/data_preview","275","235","61.80","0","0.00","0.76"
"data.brla.gov","2025","/business-and-financial/businesses-registered-with-ebr-parish/xw6s-bcqm/related_content","http://data.brla.gov/business-and-financial/businesses-registered-with-ebr-parish/xw6s-bcqm/related_content","274","231","2.50","0","0.07","0.45"
"data.brla.gov","2025","/transportation-and-infrastructure/street-names/whw6-pbh2/explore","http://data.brla.gov/transportation-and-infrastructure/street-names/whw6-pbh2/explore","274","162","3.59","0","0.00","0.00"
"data.brla.gov","2025","/business-and-financial/grocery/ta9h-vscu","http://data.brla.gov/business-and-financial/grocery/ta9h-vscu","273","216","79.33","0","0.00","0.62"
"data.brla.gov","2025","/housing-and-development/subdivision/gks8-t3yg/about_data","http://data.brla.gov/housing-and-development/subdivision/gks8-t3yg/about_data","269","199","11.28","56","0.40","0.48"
"data.brla.gov","2025","/business-and-financial/economic-development-district/5yzd-cg42/about_data","http://data.brla.gov/business-and-financial/economic-development-district/5yzd-cg42/about_data","269","212","121.02","0","0.00","0.56"
"data.brla.gov","2025","/government/ward-pre-1949/hfcm-trtq","http://data.brla.gov/government/ward-pre-1949/hfcm-trtq","267","267","7.14","267","0.00","0.00"
"data.brla.gov","2025","/government/city-limits/ak38-x6fx","http://data.brla.gov/government/city-limits/ak38-x6fx","266","266","4.69","151","0.11","0.11"
"data.brla.gov","2025","/government/metropolitan-council-districts/d8sa-f3ec","http://data.brla.gov/government/metropolitan-council-districts/d8sa-f3ec","265","265","5.84","217","0.85","0.85"
"data.brla.gov","2025","/business-and-financial/abc_license/9zt6-czis","http://data.brla.gov/business-and-financial/abc_license/9zt6-czis","265","265","41.36","0","0.00","0.27"
"data.brla.gov","2025","/public-safety/crime-prevention-district/ms63-rwj2","http://data.brla.gov/public-safety/crime-prevention-district/ms63-rwj2","262","206","3.86","100","0.09","0.09"
"data.brla.gov","2025","/housing-and-development/historical-land-development-story-map/pn4q-ta4g/about_data","http://data.brla.gov/housing-and-development/historical-land-development-story-map/pn4q-ta4g/about_data","260","260","5.90","113","0.21","0.70"
"data.brla.gov","2025","/government/bid-openings-and-results/u9zk-8nix/about_data","http://data.brla.gov/government/bid-openings-and-results/u9zk-8nix/about_data","260","260","1.28","0","0.00","0.83"
"data.brla.gov","2025","/government/bid-openings-and-results/u9zk-8nix","http://data.brla.gov/government/bid-openings-and-results/u9zk-8nix","260","260","6.51","260","0.09","0.09"
"data.brla.gov","2025","/government/annual-contracts/syff-bi5d/about_data","http://data.brla.gov/government/annual-contracts/syff-bi5d/about_data","259","219","12.21","0","0.00","0.11"
"data.brla.gov","2025","/government/annual-contracts/syff-bi5d","http://data.brla.gov/government/annual-contracts/syff-bi5d","259","219","2.71","0","0.00","0.11"
"data.brla.gov","2025","/public-safety/animal-control-incidents/qmns-hw3s/related_content","http://data.brla.gov/public-safety/animal-control-incidents/qmns-hw3s/related_content","257","257","37.50","0","0.00","0.12"
"data.brla.gov","2025","/government/government-agency/9478-pwaa/about_data","http://data.brla.gov/government/government-agency/9478-pwaa/about_data","256","156","24.63","86","0.00","0.23"
"data.brla.gov","2025","/government/justice-of-the-peace-district/3qvu-k5cq","http://data.brla.gov/government/justice-of-the-peace-district/3qvu-k5cq","256","213","3.57","57","0.20","1.00"
"data.brla.gov","2025","/forgot_password","http://data.brla.gov/forgot_password","253","231","10.92","99","0.17","0.26"
"data.brla.gov","2025","/business-and-financial/tax-increment-financing-district/grgp-zm7k/about_data","http://data.brla.gov/business-and-financial/tax-increment-financing-district/grgp-zm7k/about_data","253","196","10.81","114","0.00","0.62"
"data.brla.gov","2025","/government/dataset-of-datasets/stfb-qk35/","http://data.brla.gov/government/dataset-of-datasets/stfb-qk35/","248","180","3.64","248","0.17","0.17"
"data.brla.gov","2025","/government/justice-of-the-peace-district/w3qg-z2ag/about_data","http://data.brla.gov/government/justice-of-the-peace-district/w3qg-z2ag/about_data","248","205","15.84","57","0.00","0.27"
"data.brla.gov","2025","/transportation-and-infrastructure/traffic-signal/7dsi-997u","http://data.brla.gov/transportation-and-infrastructure/traffic-signal/7dsi-997u","244","244","14.39","98","0.13","0.46"
"data.brla.gov","2025","/profile/edit/developer_settings","http://data.brla.gov/profile/edit/developer_settings","244","163","188.55","0","0.00","0.49"
"data.brla.gov","2025","/government/cdc-places-data-by-census-tract/8au8-e3qg/about_data","http://data.brla.gov/government/cdc-places-data-by-census-tract/8au8-e3qg/about_data","243","243","0.25","57","0.21","1.00"
"data.brla.gov","2025","/housing-and-development/street-address-listing/6fyg-p3r9/explore","http://data.brla.gov/housing-and-development/street-address-listing/6fyg-p3r9/explore","242","242","4.56","0","0.00","0.10"
"data.brla.gov","2025","/government/2016-department-salary-comparison/v5gr-482h/about_data","http://data.brla.gov/government/2016-department-salary-comparison/v5gr-482h/about_data","241","142","29.62","0","0.00","0.00"
"data.brla.gov","2025","/w/g9vh-zeiw/default","http://data.brla.gov/w/g9vh-zeiw/default","241","241","10.39","159","0.34","0.63"
"data.brla.gov","2025","/w/ux2t-b9wr/default","http://data.brla.gov/w/ux2t-b9wr/default","240","199","21.85","158","0.79","1.00"
"data.brla.gov","2025","/business-and-financial/daycare-center/ymk7-udvj/about_data","http://data.brla.gov/business-and-financial/daycare-center/ymk7-udvj/about_data","240","156","3.45","0","0.00","0.44"
"data.brla.gov","2025","/housing-and-development/neighborhood/947q-ef2q","http://data.brla.gov/housing-and-development/neighborhood/947q-ef2q","240","240","5.50","40","0.33","0.10"
"data.brla.gov","2025","/business-and-financial/louisiana-opportunity-zone/n8kq-uika","http://data.brla.gov/business-and-financial/louisiana-opportunity-zone/n8kq-uika","239","239","6.05","239","0.10","0.10"
"data.brla.gov","2025","/government/baker-city-council-district/cyn7-vpxf","http://data.brla.gov/government/baker-city-council-district/cyn7-vpxf","239","189","27.73","239","0.53","0.53"
"data.brla.gov","2025","/government/zip-code/g5m4-huvx","http://data.brla.gov/government/zip-code/g5m4-huvx","238","180","133.26","43","0.15","0.94"
"data.brla.gov","2025","/government/city-parish-expense-budget/5emz-4788","http://data.brla.gov/government/city-parish-expense-budget/5emz-4788","236","184","2.15","0","0.00","0.09"
"data.brla.gov","2025","/government/city-parish-expense-budget/5emz-4788/about_data","http://data.brla.gov/government/city-parish-expense-budget/5emz-4788/about_data","234","182","44.54","0","0.00","0.61"
"data.brla.gov","2025","/government/city-parish-revenue-budget/4kxx-65v6/about_data","http://data.brla.gov/government/city-parish-revenue-budget/4kxx-65v6/about_data","234","234","3.11","0","0.00","0.27"
"data.brla.gov","2025","/government/polling-place/9g8x-h7ij/data_preview","http://data.brla.gov/government/polling-place/9g8x-h7ij/data_preview","228","57","21.59","0","0.00","0.00"
"data.brla.gov","2025","/environment/flood-panel/sthc-7c2m","http://data.brla.gov/environment/flood-panel/sthc-7c2m","228","57","41.98","0","0.00","1.00"
"data.brla.gov","2025","/government/legacy-city-parish-employees/gyhq-w3h3/explore","http://data.brla.gov/government/legacy-city-parish-employees/gyhq-w3h3/explore","227","204","4.83","0","0.00","0.10"
"data.brla.gov","2025","/d/g5c2-myyj/visualization","http://data.brla.gov/d/g5c2-myyj/visualization","226","140","123.28","0","0.00","0.00"
"data.brla.gov","2025","/environment/fault-line/niw9-dmd9","http://data.brla.gov/environment/fault-line/niw9-dmd9","225","225","0.24","168","0.76","1.00"
"data.brla.gov","2025","/public-safety/crime-prevention-district/ms63-rwj2/data_preview","http://data.brla.gov/public-safety/crime-prevention-district/ms63-rwj2/data_preview","225","169","16.21","112","0.00","0.00"
"data.brla.gov","2025","/government/city-parish-employees/bj3z-jksg/related_content","http://data.brla.gov/government/city-parish-employees/bj3z-jksg/related_content","225","225","8.21","0","0.00","0.23"
"data.brla.gov","2025","/housing-and-development/neighborhood/34ei-bicv","http://data.brla.gov/housing-and-development/neighborhood/34ei-bicv","224","112","382.44","0","0.27","0.00"
"data.brla.gov","2025","/government/hospital-service-district-1/n5h6-jjpt/about_data","http://data.brla.gov/government/hospital-service-district-1/n5h6-jjpt/about_data","221","165","22.93","0","0.00","1.00"
"data.brla.gov","2025","/transportation-and-infrastructure/street-lighting/2jru-byiu","http://data.brla.gov/transportation-and-infrastructure/street-lighting/2jru-byiu","221","221","6.63","221","0.14","0.14"
"data.brla.gov","2025","/culture-and-recreation/ebrp-library-hotspot-checkout-stats/2vbe-dvdu","http://data.brla.gov/culture-and-recreation/ebrp-library-hotspot-checkout-stats/2vbe-dvdu","221","221","4.39","54","0.00","0.00"
"data.brla.gov","2025","/d/k9k4-embr/visualization","http://data.brla.gov/d/k9k4-embr/visualization","220","134","32.58","0","0.00","1.00"
"data.brla.gov","2025","/d/a4h4-zi7e/visualization","http://data.brla.gov/d/a4h4-zi7e/visualization","220","180","46.43","0","0.24","0.09"
"data.brla.gov","2025","/culture-and-recreation/ebrp-library-wifi-usage-stats/mtjw-7y57/data_preview","http://data.brla.gov/culture-and-recreation/ebrp-library-wifi-usage-stats/mtjw-7y57/data_preview","220","164","196.59","0","0.00","0.00"
"data.brla.gov","2025","/transportation-and-infrastructure/ebrosco-map-key/t3gt-237b","http://data.brla.gov/transportation-and-infrastructure/ebrosco-map-key/t3gt-237b","219","219","4.22","162","0.54","0.32"
"data.brla.gov","2025","/d/g9vh-zeiw/visualization","http://data.brla.gov/d/g9vh-zeiw/visualization","218","175","13.84","0","0.00","0.69"
"data.brla.gov","2025","/government/open-checkbook-br/7qhq-wwsg/explore","http://data.brla.gov/government/open-checkbook-br/7qhq-wwsg/explore","218","195","4.64","0","0.00","0.09"
"data.brla.gov","2025","/housing-and-development/tax-parcel/489u-eq9d","http://data.brla.gov/housing-and-development/tax-parcel/489u-eq9d","216","216","5.74","0","0.00","0.71"
"data.brla.gov","2025","/business-and-financial/grocery/8ds2-8tze","http://data.brla.gov/business-and-financial/grocery/8ds2-8tze","215","158","5.47","101","0.09","0.09"
"data.brla.gov","2025","/widgets/n9u7-h9i7","http://data.brla.gov/widgets/n9u7-h9i7","214","214","10.07","214","0.73","0.73"
"data.brla.gov","2025","/government/trash-service/bs2g-vxwn","http://data.brla.gov/government/trash-service/bs2g-vxwn","212","212","0.25","212","1.00","1.00"
"data.brla.gov","2025","/business-and-financial/economic-development-district/5yzd-cg42","http://data.brla.gov/business-and-financial/economic-development-district/5yzd-cg42","212","212","4.54","98","0.09","0.09"
"data.brla.gov","2025","/stories/s/ebrp-crime-type-comparison-chart/dg7i-p7vt/","http://data.brla.gov/stories/s/ebrp-crime-type-comparison-chart/dg7i-p7vt/","211","99","12.37","43","0.41","0.41"
"data.brla.gov","2025","/government/website-analytics/n9u7-h9i7/related_content","http://data.brla.gov/government/website-analytics/n9u7-h9i7/related_content","209","209","6.20","0","0.21","0.08"
"data.brla.gov","2025","/government/sales-tax-domicile/bqzt-2rgq/about_data","http://data.brla.gov/government/sales-tax-domicile/bqzt-2rgq/about_data","209","183","22.65","52","0.04","0.19"
"data.brla.gov","2025","/environment/conveyance_zones/nk4z-mjat","http://data.brla.gov/environment/conveyance_zones/nk4z-mjat","207","207","8.66","0","0.00","0.36"
"data.brla.gov","2025","/dataset/bt_zip_codes/tqy7-429i/about_data","http://data.brla.gov/dataset/bt_zip_codes/tqy7-429i/about_data","204","204","0.25","204","1.00","1.00"
"data.brla.gov","2025","/government/baton-rouge-annexation-history-total-area-by-year/mt39-wc3u","http://data.brla.gov/government/baton-rouge-annexation-history-total-area-by-year/mt39-wc3u","201","149","54.88","40","0.21","1.00"
"data.brla.gov","2025","/public-safety/crime-prevention-district/8mrb-g4fm","http://data.brla.gov/public-safety/crime-prevention-district/8mrb-g4fm","200","200","10.77","0","0.00","0.64"
"data.brla.gov","2025","/government/1st-circuit-court-of-appeals-2nd-district/wk42-89mj","http://data.brla.gov/government/1st-circuit-court-of-appeals-2nd-district/wk42-89mj","199","199","5.24","0","0.00","0.77"
"data.brla.gov","2025","/government/19th-judicial-district-court-sections/3id2-kbnu","http://data.brla.gov/government/19th-judicial-district-court-sections/3id2-kbnu","198","198","4.83","198","0.11","0.11"
"data.brla.gov","2025","/dataset/neighborhood/65ut-h6hw","http://data.brla.gov/dataset/neighborhood/65ut-h6hw","198","198","11.80","0","0.27","0.03"
"data.brla.gov","2025","/government/2016-department-salary-comparison/v5gr-482h","http://data.brla.gov/government/2016-department-salary-comparison/v5gr-482h","198","142","3.16","0","0.00","0.00"
"data.brla.gov","2025","/profile/edit/settings","http://data.brla.gov/profile/edit/settings","197","115","6.99","0","0.00","0.18"
"data.brla.gov","2025","/public-safety/baton-rouge-fire-incidents/dakq-4sda/related_content","http://data.brla.gov/public-safety/baton-rouge-fire-incidents/dakq-4sda/related_content","195","195","3.21","0","0.00","0.65"
"data.brla.gov","2025","/government/top-viewed-brla-sites-2020-22/gh6r-fm4n","http://data.brla.gov/government/top-viewed-brla-sites-2020-22/gh6r-fm4n","194","194","16.50","84","0.37","0.09"
"data.brla.gov","2025","/government/school-location/46yn-5ctj/data_preview","http://data.brla.gov/government/school-location/46yn-5ctj/data_preview","194","194","20.83","35","0.62","0.37"
"data.brla.gov","2025","/housing-and-development/property-information/re5c-hrw9/explore","http://data.brla.gov/housing-and-development/property-information/re5c-hrw9/explore","194","194","6.57","0","0.00","0.07"
"data.brla.gov","2025","/housing-and-development/adjudicated-parcel/qash-y87x","http://data.brla.gov/housing-and-development/adjudicated-parcel/qash-y87x","193","193","549.51","0","0.20","0.10"
"data.brla.gov","2025","/government/justice-of-the-peace-district/w3qg-z2ag","http://data.brla.gov/government/justice-of-the-peace-district/w3qg-z2ag","191","148","5.25","105","0.00","0.10"
"data.brla.gov","2025","/culture-and-recreation/circulation-statistics-by-library-branch-per-year-/26bn-ibxz","http://data.brla.gov/culture-and-recreation/circulation-statistics-by-library-branch-per-year-/26bn-ibxz","190","190","47.74","50","0.58","0.56"
"data.brla.gov","2025","/w/ir77-bp8g/default","http://data.brla.gov/w/ir77-bp8g/default","187","187","10.42","97","0.55","0.88"
"data.brla.gov","2025","/government/cdc-places-data-by-census-tract/8au8-e3qg","http://data.brla.gov/government/cdc-places-data-by-census-tract/8au8-e3qg","186","186","4.49","186","0.09","0.09"
"data.brla.gov","2025","/government/311-citizen-requests-for-service-by-parent-type-ch/amgg-858a","http://data.brla.gov/government/311-citizen-requests-for-service-by-parent-type-ch/amgg-858a","186","142","63.89","56","0.53","0.61"
"data.brla.gov","2025","/government/census-1980/cjtj-22jg/about_data","http://data.brla.gov/government/census-1980/cjtj-22jg/about_data","183","126","4.65","0","0.00","1.00"
"data.brla.gov","2025","/government/2025-contracts-less-than-50-000/xvu8-amb5/about_data","http://data.brla.gov/government/2025-contracts-less-than-50-000/xvu8-amb5/about_data","181","181","24.91","0","0.00","0.24"
"data.brla.gov","2025","/housing-and-development/address-label/az2g-ktf6/about_data","http://data.brla.gov/housing-and-development/address-label/az2g-ktf6/about_data","178","122","372.57","0","0.00","0.66"
"data.brla.gov","2025","/d/2ung-w7t4/visualization","http://data.brla.gov/d/2ung-w7t4/visualization","178","136","117.44","47","0.28","0.28"
"data.brla.gov","2025","/public-safety/school-gun-free-zone/rft4-hjp5","http://data.brla.gov/public-safety/school-gun-free-zone/rft4-hjp5","177","177","4.69","156","0.88","0.95"
"data.brla.gov","2025","/government/cdc-places-data-by-zip-code/522a-c6dn/explore","http://data.brla.gov/government/cdc-places-data-by-zip-code/522a-c6dn/explore","174","116","2.85","0","0.67","0.00"
"data.brla.gov","2025","/d/6zc2-imdr/visualization","http://data.brla.gov/d/6zc2-imdr/visualization","174","174","32.22","0","0.00","0.62"
"data.brla.gov","2025","/public-safety/baton-rouge-fire-incidents-chart/dk4d-h5dx","http://data.brla.gov/public-safety/baton-rouge-fire-incidents-chart/dk4d-h5dx","172","129","55.20","43","0.25","1.00"
"data.brla.gov","2025","/business-and-financial/tax-increment-financing-district/grgp-zm7k/data_preview","http://data.brla.gov/business-and-financial/tax-increment-financing-district/grgp-zm7k/data_preview","171","57","45.13","0","0.00","0.00"
"data.brla.gov","2025","/business-and-financial/grocery-with-pharmacy/3vpg-he36/about_data","http://data.brla.gov/business-and-financial/grocery-with-pharmacy/3vpg-he36/about_data","171","57","2.06","0","0.00","0.00"
"data.brla.gov","2025","/business-and-financial/tax-ward-and-section/i4vb-ghmm","http://data.brla.gov/business-and-financial/tax-ward-and-section/i4vb-ghmm","171","114","3.88","57","0.34","1.00"
"data.brla.gov","2025","/stories/new","http://data.brla.gov/stories/new","170","113","18.59","0","0.00","0.00"
"data.brla.gov","2025","/widgets/6zc2-imdr","http://data.brla.gov/widgets/6zc2-imdr","170","170","12.02","114","0.31","0.70"
"data.brla.gov","2025","/government/census-1960/gqt6-cjvk","http://data.brla.gov/government/census-1960/gqt6-cjvk","169","113","3.57","169","1.00","1.00"
"data.brla.gov","2025","/housing-and-development/adjudicated-parcel/shrr-fsqq/about_data","http://data.brla.gov/housing-and-development/adjudicated-parcel/shrr-fsqq/about_data","169","169","3.80","0","0.00","0.71"
"data.brla.gov","2025","/government/ward-pre-1949/hne2-neet","http://data.brla.gov/government/ward-pre-1949/hne2-neet","169","169","0.25","56","0.32","1.00"
"data.brla.gov","2025","/government/311-citizen-requests-for-service/7ixm-mnvx/related_content","http://data.brla.gov/government/311-citizen-requests-for-service/7ixm-mnvx/related_content","168","168","0.10","0","0.00","0.38"
"data.brla.gov","2025","/business-and-financial/pet-preparedness/3t7g-ia4h","http://data.brla.gov/business-and-financial/pet-preparedness/3t7g-ia4h","168","168","5.45","0","0.00","0.00"
"data.brla.gov","2025","/public-safety/baton-rouge-police-crime-incidents/pbin-pcm7/revisions/58","http://data.brla.gov/public-safety/baton-rouge-police-crime-incidents/pbin-pcm7/revisions/58","168","56","2.59","0","0.00","0.00"
"data.brla.gov","2025","/business-and-financial/abc_license/xhjf-mdnv/explore","http://data.brla.gov/business-and-financial/abc_license/xhjf-mdnv/explore","168","56","1.20","0","0.00","0.00"
"data.brla.gov","2025","/public-safety/baton-rouge-police-crime-incidents/pbin-pcm7/data","http://data.brla.gov/public-safety/baton-rouge-police-crime-incidents/pbin-pcm7/data","168","112","2.24","56","0.00","0.00"
"data.brla.gov","2025","/government/2017-department-salary-comparison/x3zy-8zcs/data_preview","http://data.brla.gov/government/2017-department-salary-comparison/x3zy-8zcs/data_preview","168","56","22.91","0","0.00","0.00"
"data.brla.gov","2025","/transportation-and-infrastructure/tiger-trails-routes/h6cc-nd25","http://data.brla.gov/transportation-and-infrastructure/tiger-trails-routes/h6cc-nd25","167","167","3.75","56","0.27","0.54"
"data.brla.gov","2025","/transportation-and-infrastructure/pavement-edge/5fvg-8tsw/about_data","http://data.brla.gov/transportation-and-infrastructure/pavement-edge/5fvg-8tsw/about_data","167","167","9.44","0","0.00","0.67"
"data.brla.gov","2025","/transportation-and-infrastructure/pavement-edge/5fvg-8tsw","http://data.brla.gov/transportation-and-infrastructure/pavement-edge/5fvg-8tsw","167","167","4.91","113","0.00","0.00"
"data.brla.gov","2025","/transportation-and-infrastructure/traffic-signal/itzf-d8pn/about_data","http://data.brla.gov/transportation-and-infrastructure/traffic-signal/itzf-d8pn/about_data","166","122","27.18","0","0.00","0.28"
"data.brla.gov","2025","/government/legacy-purchase-orders/54bn-2sqf/related_content","http://data.brla.gov/government/legacy-purchase-orders/54bn-2sqf/related_content","166","166","9.52","0","0.00","0.00"
"data.brla.gov","2025","/government/census-2020-block-group/6zeu-3mgs/about_data","http://data.brla.gov/government/census-2020-block-group/6zeu-3mgs/about_data","165","165","0.25","0","0.00","1.00"
"data.brla.gov","2025","/government/census-2020-block-group/6zeu-3mgs","http://data.brla.gov/government/census-2020-block-group/6zeu-3mgs","165","165","6.48","165","0.00","0.00"
"data.brla.gov","2025","/housing-and-development/group-and-nursing-homes/rkw2-38jm","http://data.brla.gov/housing-and-development/group-and-nursing-homes/rkw2-38jm","165","165","27.24","0","0.00","0.14"
"data.brla.gov","2025","/transportation-and-infrastructure/ebrosco-map-key/t3gt-237b/about_data","http://data.brla.gov/transportation-and-infrastructure/ebrosco-map-key/t3gt-237b/about_data","163","163","23.39","0","0.30","0.31"
"data.brla.gov","2025","/government/baton-rouge-annexation-history/3xd7-twu2","http://data.brla.gov/government/baton-rouge-annexation-history/3xd7-twu2","161","109","3.60","161","0.00","0.00"
"data.brla.gov","2025","/culture-and-recreation/ebrp-library-gate-counts/stfv-hidx","http://data.brla.gov/culture-and-recreation/ebrp-library-gate-counts/stfv-hidx","161","161","4.98","0","0.34","0.00"
"data.brla.gov","2025","/admin/home","http://data.brla.gov/admin/home","160","108","1.37","0","0.53","0.47"
"data.brla.gov","2025","/public-safety/legacy-crime-map/yhcz-pjjw","http://data.brla.gov/public-safety/legacy-crime-map/yhcz-pjjw","159","159","31.16","0","0.31","0.46"
"data.brla.gov","2025","/transportation-and-infrastructure/traffic-camera/6z6u-ts44/data_preview","http://data.brla.gov/transportation-and-infrastructure/traffic-camera/6z6u-ts44/data_preview","159","159","127.46","0","0.00","0.25"
"data.brla.gov","2025","/housing-and-development/subdivision/n6my-ehyb","http://data.brla.gov/housing-and-development/subdivision/n6my-ehyb","158","158","6.72","0","0.00","0.67"
"data.brla.gov","2025","/government/baton-rouge-council-districts/9v63-zwfd/about_data","http://data.brla.gov/government/baton-rouge-council-districts/9v63-zwfd/about_data","158","158","73.97","56","0.49","0.95"
"data.brla.gov","2025","/government/sales-tax-domicile/bqzt-2rgq","http://data.brla.gov/government/sales-tax-domicile/bqzt-2rgq","157","157","4.06","100","0.11","0.11"
"data.brla.gov","2025","/housing-and-development/lot-profile/9gt6-rmn8/data_preview","http://data.brla.gov/housing-and-development/lot-profile/9gt6-rmn8/data_preview","157","100","62.33","0","0.00","0.00"
"data.brla.gov","2025","/d/fabb-cnnu/visualization","http://data.brla.gov/d/fabb-cnnu/visualization","157","157","25.58","0","0.00","0.65"
"data.brla.gov","2025","/environment/watershed/bxuh-x6x4/about_data","http://data.brla.gov/environment/watershed/bxuh-x6x4/about_data","156","100","1.31","0","0.00","1.00"
"data.brla.gov","2025","/government/parish-boundary/vv4w-wcje/about_data","http://data.brla.gov/government/parish-boundary/vv4w-wcje/about_data","156","156","7.99","57","0.31","0.67"
"data.brla.gov","2025","/government/legacy-city-parish-employee-annual-salaries/g5c2-myyj/explore","http://data.brla.gov/government/legacy-city-parish-employee-annual-salaries/g5c2-myyj/explore","156","133","4.65","0","0.00","0.09"
"data.brla.gov","2025","/business-and-financial/daycare-center/ymk7-udvj","http://data.brla.gov/business-and-financial/daycare-center/ymk7-udvj","156","156","5.01","0","0.00","0.10"
"data.brla.gov","2025","/government/open-checkbook-br/7qhq-wwsg/related_content","http://data.brla.gov/government/open-checkbook-br/7qhq-wwsg/related_content","156","106","0.00","0","0.00","0.00"
"data.brla.gov","2025","/housing-and-development/subdivision/gks8-t3yg","http://data.brla.gov/housing-and-development/subdivision/gks8-t3yg","155","120","4.18","28","0.04","0.12"
"data.brla.gov","2025","/government/census-block-group/28z4-ec48/about_data","http://data.brla.gov/government/census-block-group/28z4-ec48/about_data","155","155","3.01","0","0.00","0.49"
"data.brla.gov","2025","/government/2025-contracts-less-than-50-000/xvu8-amb5","http://data.brla.gov/government/2025-contracts-less-than-50-000/xvu8-amb5","155","155","5.01","0","0.00","0.18"
"data.brla.gov","2025","/government/census-block-group/28z4-ec48","http://data.brla.gov/government/census-block-group/28z4-ec48","155","155","5.06","155","0.00","0.00"
"data.brla.gov","2025","/transportation-and-infrastructure/grease-trap/9ait-3ztk/about_data","http://data.brla.gov/transportation-and-infrastructure/grease-trap/9ait-3ztk/about_data","154","154","35.55","0","0.29","0.09"
"data.brla.gov","2025","/transportation-and-infrastructure/grease-trap/9ait-3ztk","http://data.brla.gov/transportation-and-infrastructure/grease-trap/9ait-3ztk","154","154","5.20","0","0.29","0.09"
"data.brla.gov","2025","/widgets/qmns-hw3s","http://data.brla.gov/widgets/qmns-hw3s","152","152","0.25","152","1.00","1.00"
"data.brla.gov","2025","/government/gis-web-services/gfv4-pp7b/about_data","http://data.brla.gov/government/gis-web-services/gfv4-pp7b/about_data","152","152","8.10","0","0.00","0.76"
"data.brla.gov","2025","/government/gis-web-services/gfv4-pp7b","http://data.brla.gov/government/gis-web-services/gfv4-pp7b","152","152","6.06","103","0.00","0.00"
"data.brla.gov","2025","/government/zachary-council-district/r52u-cqw5","http://data.brla.gov/government/zachary-council-district/r52u-cqw5","151","108","195.39","42","0.36","0.92"
"data.brla.gov","2025","/transportation-and-infrastructure/street-crosswalk/mgt5-6piy","http://data.brla.gov/transportation-and-infrastructure/street-crosswalk/mgt5-6piy","150","150","5.23","110","0.15","0.13"
"data.brla.gov","2025","/transportation-and-infrastructure/ebrp-street-name-changes/h9j4-yewx","http://data.brla.gov/transportation-and-infrastructure/ebrp-street-name-changes/h9j4-yewx","148","148","5.66","44","0.04","0.04"
"data.brla.gov","2025","/government/parish-boundary/9xv4-7r4m","http://data.brla.gov/government/parish-boundary/9xv4-7r4m","147","147","23.53","0","0.00","0.25"
"data.brla.gov","2025","/transportation-and-infrastructure/ebrp-street-name-changes/h9j4-yewx/explore","http://data.brla.gov/transportation-and-infrastructure/ebrp-street-name-changes/h9j4-yewx/explore","147","147","5.01","0","0.00","0.11"
"data.brla.gov","2025","/housing-and-development/historical-land-development-story-map/pn4q-ta4g","http://data.brla.gov/housing-and-development/historical-land-development-story-map/pn4q-ta4g","147","147","6.19","90","0.00","0.00"
"data.brla.gov","2025","/w/e5pk-us93/default","http://data.brla.gov/w/e5pk-us93/default","146","146","19.55","146","0.66","0.66"
"data.brla.gov","2025","/environment/conveyance_zones/qwrb-mchd/about_data","http://data.brla.gov/environment/conveyance_zones/qwrb-mchd/about_data","145","145","11.65","0","0.00","0.31"
"data.brla.gov","2025","/public-safety/police-district/iesm-9rwj","http://data.brla.gov/public-safety/police-district/iesm-9rwj","145","145","5.01","0","0.00","0.05"
"data.brla.gov","2025","/widgets/9ait-3ztk","http://data.brla.gov/widgets/9ait-3ztk","145","145","0.25","145","1.00","1.00"
"data.brla.gov","2025","/public-safety/police-district/iesm-9rwj/about_data","http://data.brla.gov/public-safety/police-district/iesm-9rwj/about_data","145","145","307.40","0","0.00","0.35"
"data.brla.gov","2025","/housing-and-development/benchmark/dwht-w5f9","http://data.brla.gov/housing-and-development/benchmark/dwht-w5f9","144","100","16.59","144","0.59","0.59"
"data.brla.gov","2025","/housing-and-development/mobile-home-park/pkej-ihaw","http://data.brla.gov/housing-and-development/mobile-home-park/pkej-ihaw","144","144","1.29","0","0.00","0.31"
"data.brla.gov","2025","/culture-and-recreation/ebrp-library-circulation-statistics/m33w-s9q6","http://data.brla.gov/culture-and-recreation/ebrp-library-circulation-statistics/m33w-s9q6","143","143","5.16","29","0.48","0.09"
"data.brla.gov","2025","/government/government-agency/9478-pwaa/data_preview","http://data.brla.gov/government/government-agency/9478-pwaa/data_preview","143","100","21.47","0","0.00","0.46"
"data.brla.gov","2025","/government/utility-coverage-area/3dv4-vdqq/data_preview","http://data.brla.gov/government/utility-coverage-area/3dv4-vdqq/data_preview","143","100","56.97","0","0.54","0.46"
"data.brla.gov","2025","/transportation-and-infrastructure/movebr-proposed-project/iimf-qef9","http://data.brla.gov/transportation-and-infrastructure/movebr-proposed-project/iimf-qef9","142","142","1.96","142","0.84","0.84"
"data.brla.gov","2025","/government/counts-of-po-total-cost-up-to-100k-2021-/muag-b4ai","http://data.brla.gov/government/counts-of-po-total-cost-up-to-100k-2021-/muag-b4ai","141","141","37.77","0","0.00","0.25"
"data.brla.gov","2025","/business-and-financial/tax-increment-financing-district/grgp-zm7k","http://data.brla.gov/business-and-financial/tax-increment-financing-district/grgp-zm7k","139","139","6.22","139","0.10","0.10"
"data.brla.gov","2025","/transportation-and-infrastructure/bus-route/4a42-smtm/about_data","http://data.brla.gov/transportation-and-infrastructure/bus-route/4a42-smtm/about_data","139","139","4.31","35","0.36","0.60"
"data.brla.gov","2025","/transportation-and-infrastructure/street-owner/gdm3-tmr2/about_data","http://data.brla.gov/transportation-and-infrastructure/street-owner/gdm3-tmr2/about_data","138","97","60.77","0","0.00","0.09"
"data.brla.gov","2025","/housing-and-development/zoning/2v82-p7fa/about_data","http://data.brla.gov/housing-and-development/zoning/2v82-p7fa/about_data","136","89","4.52","0","0.00","0.00"
"data.brla.gov","2025","/transportation-and-infrastructure/ebrp-street-name-changes/h9j4-yewx/related_content","http://data.brla.gov/transportation-and-infrastructure/ebrp-street-name-changes/h9j4-yewx/related_content","135","91","0.17","0","0.05","0.45"
"data.brla.gov","2025","/public-safety/baton-rouge-police-crime-incidents/pbin-pcm7/","http://data.brla.gov/public-safety/baton-rouge-police-crime-incidents/pbin-pcm7/","133","133","7.22","133","0.14","0.14"
"data.brla.gov","2025","/business-and-financial/louisiana-opportunity-zone/nww4-htud","http://data.brla.gov/business-and-financial/louisiana-opportunity-zone/nww4-htud","132","132","7.33","0","0.00","0.35"
"data.brla.gov","2025","/housing-and-development/maxine/ky55-5p6u/revisions/0","http://data.brla.gov/housing-and-development/maxine/ky55-5p6u/revisions/0","132","44","0.63","0","0.00","0.95"
"data.brla.gov","2025","/government/number-of-contracts-by-contract-type/p8zr-7gz3/edit","http://data.brla.gov/government/number-of-contracts-by-contract-type/p8zr-7gz3/edit","132","44","10.17","0","0.00","0.07"
"data.brla.gov","2025","/environment/base-flood-elevation/wjb2-k4jw/about_data","http://data.brla.gov/environment/base-flood-elevation/wjb2-k4jw/about_data","132","44","13.43","0","0.00","1.00"
"data.brla.gov","2025","/housing-and-development/maxine/ky55-5p6u/revisions/0/soql","http://data.brla.gov/housing-and-development/maxine/ky55-5p6u/revisions/0/soql","132","44","196.00","0","0.00","0.14"
"data.brla.gov","2025","/government/contracts-50-000-under-by-vendor-count/mexb-agdp","http://data.brla.gov/government/contracts-50-000-under-by-vendor-count/mexb-agdp","132","44","8.69","0","0.00","0.07"
"data.brla.gov","2025","/transportation-and-infrastructure/street-lighting/m59x-ddnb","http://data.brla.gov/transportation-and-infrastructure/street-lighting/m59x-ddnb","131","131","22.15","40","0.25","0.51"
"data.brla.gov","2025","/accept_terms","http://data.brla.gov/accept_terms","129","129","4.91","0","0.00","0.08"
"data.brla.gov","2025","/en/housing-and-development/maxine/ky55-5p6u/revisions/0","http://data.brla.gov/en/housing-and-development/maxine/ky55-5p6u/revisions/0","126","42","1.67","0","0.00","0.21"
"data.brla.gov","2025","/government/census-1980/cjtj-22jg","http://data.brla.gov/government/census-1980/cjtj-22jg","126","126","8.19","126","0.10","0.10"
"data.brla.gov","2025","/housing-and-development/public-land-survey-system/5i2z-eb5u/data_preview","http://data.brla.gov/housing-and-development/public-land-survey-system/5i2z-eb5u/data_preview","126","126","18.15","0","0.38","0.15"
"data.brla.gov","2025","/business-and-financial/daycare-center/ymk7-udvj/data_preview","http://data.brla.gov/business-and-financial/daycare-center/ymk7-udvj/data_preview","126","42","2.12","0","0.00","0.29"
"data.brla.gov","2025","/transportation-and-infrastructure/traffic-signal/itzf-d8pn","http://data.brla.gov/transportation-and-infrastructure/traffic-signal/itzf-d8pn","125","125","1.43","99","0.75","0.90"
"data.brla.gov","2025","/dataset/site-analytics-asset-access/bpsy-xve9/data_preview","http://data.brla.gov/dataset/site-analytics-asset-access/bpsy-xve9/data_preview","123","41","2.63","0","0.00","0.93"
"data.brla.gov","2025","/government/voting-precinct/y5ck-h64d/data_preview","http://data.brla.gov/government/voting-precinct/y5ck-h64d/data_preview","123","73","5.50","0","0.00","0.15"
"data.brla.gov","2025","/dataset/site-analytics-asset-access/bpsy-xve9/about_data","http://data.brla.gov/dataset/site-analytics-asset-access/bpsy-xve9/about_data","123","41","2.95","0","0.00","0.22"
"data.brla.gov","2025","/transportation-and-infrastructure/movebr-proposed-project/ifas-g5cj","http://data.brla.gov/transportation-and-infrastructure/movebr-proposed-project/ifas-g5cj","120","120","18.63","0","0.00","0.56"
"data.brla.gov","2025","/government/council-district/xqij-9yqb","http://data.brla.gov/government/council-district/xqij-9yqb","120","120","4.23","22","0.23","0.23"
"data.brla.gov","2025","/government/baker-city-council-district/rjbw-zgy6","http://data.brla.gov/government/baker-city-council-district/rjbw-zgy6","116","58","95.77","116","1.00","1.00"
"data.brla.gov","2025","/widgets/hina-ybpz","http://data.brla.gov/widgets/hina-ybpz","116","58","3.32","116","1.00","1.00"
"data.brla.gov","2025","/culture-and-recreation/landmarks-and-places-of-ebrp-story-map/uuda-vzwa/about_data","http://data.brla.gov/culture-and-recreation/landmarks-and-places-of-ebrp-story-map/uuda-vzwa/about_data","116","116","2.13","0","0.00","0.50"
"data.brla.gov","2025","/housing-and-development/adjudicated-property/a4h4-zi7e/data","http://data.brla.gov/housing-and-development/adjudicated-property/a4h4-zi7e/data","116","58","9.78","116","0.00","0.00"
"data.brla.gov","2025","/government/polling-place/9g8x-h7ij/revisions/2/sources/agent","http://data.brla.gov/government/polling-place/9g8x-h7ij/revisions/2/sources/agent","114","57","0.00","0","0.00","0.00"
"data.brla.gov","2025","/environment/flood-panel/9p6y-czv3/about_data","http://data.brla.gov/environment/flood-panel/9p6y-czv3/about_data","114","57","8.91","0","0.00","0.00"
"data.brla.gov","2025","/widgets/q7v5-ijjg","http://data.brla.gov/widgets/q7v5-ijjg","114","114","0.25","114","1.00","1.00"
"data.brla.gov","2025","/business-and-financial/tax-increment-financing-district/grgp-zm7k/related_content","http://data.brla.gov/business-and-financial/tax-increment-financing-district/grgp-zm7k/related_content","114","57","1.91","0","0.00","1.00"
"data.brla.gov","2025","/culture-and-recreation/historic-marker/jpvf-a4mn","http://data.brla.gov/culture-and-recreation/historic-marker/jpvf-a4mn","114","114","6.93","114","0.00","0.00"
"data.brla.gov","2025","/business-and-financial/pet-preparedness/3t7g-ia4h/data_preview","http://data.brla.gov/business-and-financial/pet-preparedness/3t7g-ia4h/data_preview","114","57","39.62","0","0.00","0.00"
"data.brla.gov","2025","/culture-and-recreation/historic-marker/jpvf-a4mn/data_preview","http://data.brla.gov/culture-and-recreation/historic-marker/jpvf-a4mn/data_preview","114","114","5.83","0","0.00","0.50"
"data.brla.gov","2025","/w/5emz-4788/default","http://data.brla.gov/w/5emz-4788/default","114","57","5.01","114","1.00","1.00"
"data.brla.gov","2025","/business-and-financial/grocery-with-pharmacy/3vpg-he36","http://data.brla.gov/business-and-financial/grocery-with-pharmacy/3vpg-he36","114","57","2.51","0","0.00","0.00"
"data.brla.gov","2025","/property/adjudicated-properties/3rfg-j5a9","http://data.brla.gov/property/adjudicated-properties/3rfg-j5a9","114","114","0.25","114","1.00","1.00"
"data.brla.gov","2025","/environment/conservation-area/bkxn-3vvy","http://data.brla.gov/environment/conservation-area/bkxn-3vvy","114","57","93.96","0","0.00","0.00"
"data.brla.gov","2025","/government/potential-sedbe-vendors/3eph-sq8r/data_preview","http://data.brla.gov/government/potential-sedbe-vendors/3eph-sq8r/data_preview","114","114","2.09","0","0.00","0.50"
"data.brla.gov","2025","/public-safety/animal-control-incidents/qmns-hw3s/explore","http://data.brla.gov/public-safety/animal-control-incidents/qmns-hw3s/explore","114","114","4.95","0","0.00","0.00"
"data.brla.gov","2025","/government/polling-place/9g8x-h7ij/revisions/2","http://data.brla.gov/government/polling-place/9g8x-h7ij/revisions/2","114","57","11.10","0","0.00","0.00"
"data.brla.gov","2025","/environment/flood-panel/9p6y-czv3/related_content","http://data.brla.gov/environment/flood-panel/9p6y-czv3/related_content","114","57","2.59","0","0.00","0.00"
"data.brla.gov","2025","/transportation-and-infrastructure/ebrosco-map-key/keb9-zx43","http://data.brla.gov/transportation-and-infrastructure/ebrosco-map-key/keb9-zx43","113","113","107.09","0","0.51","0.49"
"data.brla.gov","2025","/profile/czyv-mw9k","http://data.brla.gov/profile/czyv-mw9k","113","113","21.14","0","0.00","0.00"
"data.brla.gov","2025","/d/px43-apna/visualization","http://data.brla.gov/d/px43-apna/visualization","113","113","34.53","0","0.00","0.51"
"data.brla.gov","2025","/widgets/7qhq-wwsg","http://data.brla.gov/widgets/7qhq-wwsg","113","113","66.24","113","0.00","0.00"
"data.brla.gov","2025","/w/7qhq-wwsg/default","http://data.brla.gov/w/7qhq-wwsg/default","113","113","0.25","113","1.00","1.00"
"data.brla.gov","2025","/w/8au8-e3qg/default","http://data.brla.gov/w/8au8-e3qg/default","113","113","0.25","113","1.00","1.00"
"data.brla.gov","2025","/public-safety/crime-prevention-district/ms63-rwj2/related_content","http://data.brla.gov/public-safety/crime-prevention-district/ms63-rwj2/related_content","113","113","0.19","0","0.00","0.00"
"data.brla.gov","2025","/culture-and-recreation/ebrp-library-gate-counts/stfv-hidx/revisions/96","http://data.brla.gov/culture-and-recreation/ebrp-library-gate-counts/stfv-hidx/revisions/96","112","56","6.39","0","0.00","0.00"
"data.brla.gov","2025","/profile/6gqx-zrk5","http://data.brla.gov/profile/6gqx-zrk5","112","56","5.74","0","0.00","0.50"
"data.brla.gov","2025","/business-and-financial/map-of-businesses-registered-with-ebr-parish/62cy-9cp3","http://data.brla.gov/business-and-financial/map-of-businesses-registered-with-ebr-parish/62cy-9cp3","112","56","1.75","0","0.00","1.00"
"data.brla.gov","2025","/culture-and-recreation/ebrp-library-wifi-usage-stats/mtjw-7y57/revisions/33","http://data.brla.gov/culture-and-recreation/ebrp-library-wifi-usage-stats/mtjw-7y57/revisions/33","112","56","10.07","0","0.00","0.00"
"data.brla.gov","2025","/culture-and-recreation/ebrp-library-computer-usage-stats/3u4i-fz9z/revisions/81","http://data.brla.gov/culture-and-recreation/ebrp-library-computer-usage-stats/3u4i-fz9z/revisions/81","112","56","10.62","0","0.00","0.00"
"data.brla.gov","2025","/culture-and-recreation/ebrp-library-hotspot-checkout-stats/2vbe-dvdu/revisions/26","http://data.brla.gov/culture-and-recreation/ebrp-library-hotspot-checkout-stats/2vbe-dvdu/revisions/26","112","56","5.45","0","0.00","0.00"
"data.brla.gov","2025","/public-safety/crime-type-comparison-chart/8r4h-ezvf/edit","http://data.brla.gov/public-safety/crime-type-comparison-chart/8r4h-ezvf/edit","112","56","33.24","0","0.00","0.00"
"data.brla.gov","2025","/w/gfv4-pp7b/default","http://data.brla.gov/w/gfv4-pp7b/default","112","112","0.25","112","1.00","1.00"
"data.brla.gov","2025","/profile/5xjd-fetu","http://data.brla.gov/profile/5xjd-fetu","112","56","4.15","0","0.00","0.00"
"data.brla.gov","2025","/government/moderate-income-block-group/pvwr-d9rq/about_data","http://data.brla.gov/government/moderate-income-block-group/pvwr-d9rq/about_data","112","56","26.69","0","0.00","0.00"
"data.brla.gov","2025","/transportation-and-infrastructure/health-care-business/icrw-xqk9/about_data","http://data.brla.gov/transportation-and-infrastructure/health-care-business/icrw-xqk9/about_data","112","112","109.88","0","0.00","0.00"
"data.brla.gov","2025","/culture-and-recreation/ebrp-library-hotspot-checkout-stats/2vbe-dvdu/revisions/25","http://data.brla.gov/culture-and-recreation/ebrp-library-hotspot-checkout-stats/2vbe-dvdu/revisions/25","112","56","9.88","0","0.00","0.00"
"data.brla.gov","2025","/culture-and-recreation/ebrp-library-gate-counts/stfv-hidx/revisions/95","http://data.brla.gov/culture-and-recreation/ebrp-library-gate-counts/stfv-hidx/revisions/95","112","56","12.48","0","0.00","0.00"
"data.brla.gov","2025","/business-and-financial/annual-sales-tax-collections/y28a-byxg","http://data.brla.gov/business-and-financial/annual-sales-tax-collections/y28a-byxg","112","112","22.77","0","0.00","0.53"
"data.brla.gov","2025","/d/3j5u-jyar/visualization","http://data.brla.gov/d/3j5u-jyar/visualization","112","112","13.32","0","0.00","0.00"
"data.brla.gov","2025","/business-and-financial/sales-tax-collections/wzhh-xrbf/revisions/101","http://data.brla.gov/business-and-financial/sales-tax-collections/wzhh-xrbf/revisions/101","112","56","6.05","0","0.00","0.00"
"data.brla.gov","2025","/widgets/7fq7-8j7r","http://data.brla.gov/widgets/7fq7-8j7r","112","112","0.25","112","1.00","1.00"
"data.brla.gov","2025","/government/upcoming-procurement-opportunities/e5pk-us93/about_data","http://data.brla.gov/government/upcoming-procurement-opportunities/e5pk-us93/about_data","112","77","10.81","0","0.00","0.09"
"data.brla.gov","2025","/government/census-1990/69v6-xwfg","http://data.brla.gov/government/census-1990/69v6-xwfg","112","112","114.21","0","0.00","0.00"
"data.brla.gov","2025","/culture-and-recreation/ebrp-library-circulation-statistics/m33w-s9q6/revisions/98","http://data.brla.gov/culture-and-recreation/ebrp-library-circulation-statistics/m33w-s9q6/revisions/98","112","56","5.45","0","0.00","0.00"
"data.brla.gov","2025","/government/311-citizen-requests-for-service/7ixm-mnvx/","http://data.brla.gov/government/311-citizen-requests-for-service/7ixm-mnvx/","112","112","5.53","56","0.00","0.00"
"data.brla.gov","2025","/government/moderate-income-block-group/pvwr-d9rq","http://data.brla.gov/government/moderate-income-block-group/pvwr-d9rq","112","56","1.05","112","0.00","0.00"
"data.brla.gov","2025","/culture-and-recreation/ebrp-library-gate-counts/stfv-hidx/revisions/97","http://data.brla.gov/culture-and-recreation/ebrp-library-gate-counts/stfv-hidx/revisions/97","112","56","7.19","0","0.00","0.00"
"data.brla.gov","2025","/public-","http://data.brla.gov/public-","112","56","3.80","112","0.00","0.00"
"data.brla.gov","2025","/transportation-and-infrastructure/btr-airport-signatory-airlines-passenger-stats/5ihf-n5qf/revisions/61","http://data.brla.gov/transportation-and-infrastructure/btr-airport-signatory-airlines-passenger-stats/5ihf-n5qf/revisions/61","112","56","13.89","0","0.00","0.00"
"data.brla.gov","2025","/d/jrqt-zu77/visualization","http://data.brla.gov/d/jrqt-zu77/visualization","111","111","98.22","54","0.48","0.48"
"data.brla.gov","2025","/widgets/bj3z-jksg","http://data.brla.gov/widgets/bj3z-jksg","111","111","0.25","111","1.00","1.00"
"data.brla.gov","2025","/culture-and-recreation/ebrp-library-computer-usage-stats/3u4i-fz9z/data_preview","http://data.brla.gov/culture-and-recreation/ebrp-library-computer-usage-stats/3u4i-fz9z/data_preview","110","110","348.77","0","0.00","0.00"
"data.brla.gov","2025","/transportation-and-infrastructure/street-crosswalk/whbm-tpwt","http://data.brla.gov/transportation-and-infrastructure/street-crosswalk/whbm-tpwt","110","110","0.25","0","0.00","1.00"
"data.brla.gov","2025","/culture-and-recreation/ebrp-library-hotspot-checkout-stats/2vbe-dvdu/revisions/27","http://data.brla.gov/culture-and-recreation/ebrp-library-hotspot-checkout-stats/2vbe-dvdu/revisions/27","108","54","7.28","0","0.00","0.00"
"data.brla.gov","2025","/business-and-financial/sales-tax-collections/wzhh-xrbf/revisions/102","http://data.brla.gov/business-and-financial/sales-tax-collections/wzhh-xrbf/revisions/102","108","54","6.91","0","0.00","0.00"
"data.brla.gov","2025","/culture-and-recreation/ebrp-library-circulation-statistics/m33w-s9q6/revisions/99","http://data.brla.gov/culture-and-recreation/ebrp-library-circulation-statistics/m33w-s9q6/revisions/99","108","54","39.87","0","0.00","0.00"
"data.brla.gov","2025","/public-safety/animal-control-incidents/qmns-hw3s/revisions/2","http://data.brla.gov/public-safety/animal-control-incidents/qmns-hw3s/revisions/2","108","54","106.41","0","0.00","0.00"
"data.brla.gov","2025","/culture-and-recreation/ebrp-library-gate-counts/stfv-hidx/revisions/98","http://data.brla.gov/culture-and-recreation/ebrp-library-gate-counts/stfv-hidx/revisions/98","108","54","5.70","0","0.00","0.00"
"data.brla.gov","2025","/culture-and-recreation/ebrp-library-hotspot-checkout-stats/2vbe-dvdu/revisions/28","http://data.brla.gov/culture-and-recreation/ebrp-library-hotspot-checkout-stats/2vbe-dvdu/revisions/28","108","54","5.86","0","0.00","0.00"
"data.brla.gov","2025","/culture-and-recreation/ebrp-library-gate-counts/stfv-hidx/revisions/99","http://data.brla.gov/culture-and-recreation/ebrp-library-gate-counts/stfv-hidx/revisions/99","108","54","20.20","0","0.00","0.00"
"data.brla.gov","2025","/culture-and-recreation/ebrp-library-wifi-usage-stats/mtjw-7y57/revisions/34","http://data.brla.gov/culture-and-recreation/ebrp-library-wifi-usage-stats/mtjw-7y57/revisions/34","108","54","8.01","0","0.00","0.00"
"data.brla.gov","2025","/culture-and-recreation/ebrp-library-computer-usage-stats/3u4i-fz9z/revisions/82","http://data.brla.gov/culture-and-recreation/ebrp-library-computer-usage-stats/3u4i-fz9z/revisions/82","108","54","6.38","0","0.00","0.00"
"data.brla.gov","2025","/culture-and-recreation/ebrp-library-circulation-statistics/m33w-s9q6/revisions/100","http://data.brla.gov/culture-and-recreation/ebrp-library-circulation-statistics/m33w-s9q6/revisions/100","108","54","38.78","0","0.00","0.00"
"data.brla.gov","2025","/environment/hydrography/rvqe-xktm","http://data.brla.gov/environment/hydrography/rvqe-xktm","106","106","13.43","0","0.00","0.47"
"data.brla.gov","2025","/housing-and-development/subdivisions/px43-apna/revisions/2","http://data.brla.gov/housing-and-development/subdivisions/px43-apna/revisions/2","105","35","2.05","0","0.00","0.26"
"data.brla.gov","2025","/housing-and-development/subdivision-geometry/gks8-t3yg/about_data","http://data.brla.gov/housing-and-development/subdivision-geometry/gks8-t3yg/about_data","105","35","0.07","0","0.00","0.17"
"data.brla.gov","2025","/housing-and-development/subdivision/gks8-t3yg/revisions/3","http://data.brla.gov/housing-and-development/subdivision/gks8-t3yg/revisions/3","105","35","5.40","0","0.00","0.17"
"data.brla.gov","2025","/transportation-and-infrastructure/bus-route/4a42-smtm","http://data.brla.gov/transportation-and-infrastructure/bus-route/4a42-smtm","104","104","6.49","57","0.44","0.00"
"data.brla.gov","2025","/w/9ait-3ztk/default","http://data.brla.gov/w/9ait-3ztk/default","104","104","0.25","104","1.00","1.00"
"data.brla.gov","2025","/admin/site_appearance","http://data.brla.gov/admin/site_appearance","104","52","14.56","0","1.00","0.00"
"data.brla.gov","2025","/housing-and-development/adjudicated-property/a4h4-zi7e/","http://data.brla.gov/housing-and-development/adjudicated-property/a4h4-zi7e/","104","104","6.39","104","0.00","0.00"
"data.brla.gov","2025","/housing-and-development/urban-design-district/5eb4-y9xj","http://data.brla.gov/housing-and-development/urban-design-district/5eb4-y9xj","103","103","15.03","0","0.00","0.00"
"data.brla.gov","2025","/transportation-and-infrastructure/green-light-plan/i2gg-px2k","http://data.brla.gov/transportation-and-infrastructure/green-light-plan/i2gg-px2k","103","103","66.26","0","0.00","0.00"
"data.brla.gov","2025","/housing-and-development/future-land-use/7qqg-d9s9","http://data.brla.gov/housing-and-development/future-land-use/7qqg-d9s9","103","103","82.29","56","0.00","0.00"
"data.brla.gov","2025","/government/city-parish-expenditures/vwa8-ps2a/explore","http://data.brla.gov/government/city-parish-expenditures/vwa8-ps2a/explore","102","102","3.53","0","0.00","0.12"
"data.brla.gov","2025","/business-and-financial/economic-development-zone/sjmx-rjcf","http://data.brla.gov/business-and-financial/economic-development-zone/sjmx-rjcf","102","102","25.95","0","0.00","0.00"
"data.brla.gov","2025","/government/annual-contracts/syff-bi5d/explore","http://data.brla.gov/government/annual-contracts/syff-bi5d/explore","102","102","5.01","0","0.00","0.10"
"data.brla.gov","2025","/government/baton-rouge-council-districts/9v63-zwfd","http://data.brla.gov/government/baton-rouge-council-districts/9v63-zwfd","102","102","4.57","26","0.08","0.15"
"data.brla.gov","2025","/government/311-citizen-requests-for-service/7ixm-mnvx/data","http://data.brla.gov/government/311-citizen-requests-for-service/7ixm-mnvx/data","101","101","5.67","57","0.00","0.06"
"data.brla.gov","2025","/business-and-financial/pharmacy/iga7-fb2n/about_data","http://data.brla.gov/business-and-financial/pharmacy/iga7-fb2n/about_data","101","101","40.75","0","0.00","0.39"
"data.brla.gov","2025","/d/phg8-g77c/visualization","http://data.brla.gov/d/phg8-g77c/visualization","101","101","0.25","101","1.00","1.00"
"data.brla.gov","2025","/d/re5c-hrw9/visualization","http://data.brla.gov/d/re5c-hrw9/visualization","100","100","24.28","44","0.03","0.59"
"data.brla.gov","2025","/business-and-financial/tax-ward-and-section/aji2-pqm5","http://data.brla.gov/business-and-financial/tax-ward-and-section/aji2-pqm5","100","100","4.16","0","0.00","0.00"
"data.brla.gov","2025","/widgets/hb8q-itcy","http://data.brla.gov/widgets/hb8q-itcy","100","100","0.25","100","1.00","1.00"
"data.brla.gov","2025","/environment/watershed/bxuh-x6x4","http://data.brla.gov/environment/watershed/bxuh-x6x4","100","100","6.24","100","0.09","0.09"
"data.brla.gov","2025","/business-and-financial/tax-ward-and-section/aji2-pqm5/about_data","http://data.brla.gov/business-and-financial/tax-ward-and-section/aji2-pqm5/about_data","100","100","3.32","0","0.00","0.38"
"data.brla.gov","2025","/w/7j6g-4hxu/_variation_","http://data.brla.gov/w/7j6g-4hxu/_variation_","100","100","0.25","100","1.00","1.00"
"data.brla.gov","2025","/transportation-and-infrastructure/aviation/xgr3-jnf4","http://data.brla.gov/transportation-and-infrastructure/aviation/xgr3-jnf4","100","50","26.88","0","0.00","0.00"
"data.brla.gov","2025","/dataset/zip-codes_from_tqy7_429i/jrqt-zu77/data_preview","http://data.brla.gov/dataset/zip-codes_from_tqy7_429i/jrqt-zu77/data_preview","99","99","10.92","0","0.00","0.11"
"data.brla.gov","2025","/housing-and-development/neighborhood-association/nkc8-x43v","http://data.brla.gov/housing-and-development/neighborhood-association/nkc8-x43v","99","99","5.10","0","0.00","0.10"
"data.brla.gov","2025","/government/parish-boundary/vv4w-wcje","http://data.brla.gov/government/parish-boundary/vv4w-wcje","99","99","6.69","43","0.00","0.00"
"data.brla.gov","2025","/transportation-and-infrastructure/aviation/58x5-i3iv","http://data.brla.gov/transportation-and-infrastructure/aviation/58x5-i3iv","99","99","6.40","99","0.09","0.09"
"data.brla.gov","2025","/dataset/zip-codes_from_tqy7_429i/jrqt-zu77/related_content","http://data.brla.gov/dataset/zip-codes_from_tqy7_429i/jrqt-zu77/related_content","99","99","3.33","0","0.00","0.00"
"data.brla.gov","2025","/transportation-and-infrastructure/aviation/58x5-i3iv/about_data","http://data.brla.gov/transportation-and-infrastructure/aviation/58x5-i3iv/about_data","99","99","3.03","0","0.00","0.66"
"data.brla.gov","2025","/government/sheriff-sector","http://data.brla.gov/government/sheriff-sector","99","99","0.25","99","1.00","1.00"
"data.brla.gov","2025","/housing-and-development/neighborhood-association/nkc8-x43v/about_data","http://data.brla.gov/housing-and-development/neighborhood-association/nkc8-x43v/about_data","99","99","15.83","0","0.00","0.10"
"data.brla.gov","2025","/government/census-2020-block-groups/6dqd-a3xj","http://data.brla.gov/government/census-2020-block-groups/6dqd-a3xj","98","98","0.25","42","0.42","1.00"
"data.brla.gov","2025","/government/council-district/xqij-9yqb/about_data","http://data.brla.gov/government/council-district/xqij-9yqb/about_data","98","98","71.49","0","0.00","0.48"
"data.brla.gov","2025","/government/gas-utility-district/r2nh-gywq","http://data.brla.gov/government/gas-utility-district/r2nh-gywq","98","98","0.25","0","0.00","1.00"
"data.brla.gov","2025","/housing-and-development/subdivision/gks8-t3yg/data_preview","http://data.brla.gov/housing-and-development/subdivision/gks8-t3yg/data_preview","98","63","6.85","0","0.00","0.35"
"data.brla.gov","2025","/government/zachary-council-district/f3up-4e7c","http://data.brla.gov/government/zachary-council-district/f3up-4e7c","98","98","4.66","98","0.08","0.08"
"data.brla.gov","2025","/government/website-analytics/n9u7-h9i7/explore","http://data.brla.gov/government/website-analytics/n9u7-h9i7/explore","98","98","5.02","0","0.55","0.09"
"data.brla.gov","2025","/transportation-and-infrastructure/street-range/8nu2-rcfv","http://data.brla.gov/transportation-and-infrastructure/street-range/8nu2-rcfv","97","97","38.68","0","0.00","0.00"
"data.brla.gov","2025","/culture-and-recreation/church/ujfw-nv76/about_data","http://data.brla.gov/culture-and-recreation/church/ujfw-nv76/about_data","97","97","11.60","0","0.00","0.73"
"data.brla.gov","2025","/culture-and-recreation/church/ujfw-nv76","http://data.brla.gov/culture-and-recreation/church/ujfw-nv76","97","97","6.47","97","0.14","0.14"
"data.brla.gov","2025","/government/census-1970/md69-r9n8/about_data","http://data.brla.gov/government/census-1970/md69-r9n8/about_data","96","96","0.25","96","1.00","1.00"
"data.brla.gov","2025","/d/xhjf-mdnv/visualization","http://data.brla.gov/d/xhjf-mdnv/visualization","95","95","52.55","0","0.00","0.00"
"data.brla.gov","2025","/government/voting-precinct/y5ck-h64d/explore","http://data.brla.gov/government/voting-precinct/y5ck-h64d/explore","95","95","4.26","0","0.00","0.00"
"data.brla.gov","2025","/housing-and-development/conditional-use-permit/jhjh-h9dd/about_data","http://data.brla.gov/housing-and-development/conditional-use-permit/jhjh-h9dd/about_data","94","47","217.26","0","0.00","0.00"
"data.brla.gov","2025","/housing-and-development/conditional-use-permit/jhjh-h9dd","http://data.brla.gov/housing-and-development/conditional-use-permit/jhjh-h9dd","94","47","2.74","0","0.00","0.00"
"data.brla.gov","2025","/widgets/3xd7-twu2","http://data.brla.gov/widgets/3xd7-twu2","94","47","18.37","94","1.00","1.00"
"data.brla.gov","2025","/housing-and-development/conditional-use-permit/7yb4-q3xu","http://data.brla.gov/housing-and-development/conditional-use-permit/7yb4-q3xu","94","47","53.14","0","0.00","1.00"
"data.brla.gov","2025","/public-safety/school-gun-free-zone/b6gs-42fc","http://data.brla.gov/public-safety/school-gun-free-zone/b6gs-42fc","93","93","5.71","93","0.00","0.00"
"data.brla.gov","2025","/government/baton-rouge-city-boundary/swb6-bab2","http://data.brla.gov/government/baton-rouge-city-boundary/swb6-bab2","92","92","0.25","92","1.00","1.00"
"data.brla.gov","2025","/housing-and-development/subdivisions/px43-apna/","http://data.brla.gov/housing-and-development/subdivisions/px43-apna/","92","92","5.76","57","0.00","0.10"
"data.brla.gov","2025","/transportation-and-infrastructure/street-owner/nh6g-bqhi","http://data.brla.gov/transportation-and-infrastructure/street-owner/nh6g-bqhi","91","91","32.16","0","0.00","0.15"
"data.brla.gov","2025","/public-safety/police-district/u25e-ay37","http://data.brla.gov/public-safety/police-district/u25e-ay37","91","91","100.51","0","0.00","0.06"
"data.brla.gov","2025","/d/whw6-pbh2/visualization","http://data.brla.gov/d/whw6-pbh2/visualization","91","91","57.42","0","0.00","0.16"
"data.brla.gov","2025","/environment/base-flood-elevation/bihj-r92g","http://data.brla.gov/environment/base-flood-elevation/bihj-r92g","91","91","24.21","0","0.00","0.06"
"data.brla.gov","2025","/housing-and-development/character-area/ujk4-ayvp","http://data.brla.gov/housing-and-development/character-area/ujk4-ayvp","90","90","7.32","0","0.00","0.16"
"data.brla.gov","2025","/government/unincorporated-area/t4z6-ynrn","http://data.brla.gov/government/unincorporated-area/t4z6-ynrn","89","89","6.48","89","0.16","0.16"
"data.brla.gov","2025","/government/unincorporated-area/t4z6-ynrn/about_data","http://data.brla.gov/government/unincorporated-area/t4z6-ynrn/about_data","89","89","0.25","0","0.00","1.00"
"data.brla.gov","2025","/housing-and-development/zoning/2v82-p7fa","http://data.brla.gov/housing-and-development/zoning/2v82-p7fa","89","89","2.78","0","0.00","0.00"
"data.brla.gov","2025","/en/housing-and-development/july/nk9u-v77v/revisions/0/soql","http://data.brla.gov/en/housing-and-development/july/nk9u-v77v/revisions/0/soql","88","44","89.88","0","0.00","0.14"
"data.brla.gov","2025","/environment/base-flood-elevation/wjb2-k4jw","http://data.brla.gov/environment/base-flood-elevation/wjb2-k4jw","88","44","2.07","88","0.07","0.07"
"data.brla.gov","2025","/government/number-of-contracts-by-contract-type/xusf-fqn8/edit","http://data.brla.gov/government/number-of-contracts-by-contract-type/xusf-fqn8/edit","88","44","7.83","0","0.00","0.07"
"data.brla.gov","2025","/d/mexb-agdp/edit_metadata","http://data.brla.gov/d/mexb-agdp/edit_metadata","88","44","51.34","0","0.00","0.07"
"data.brla.gov","2025","/government/2025-contracts-less-than-50-000/xvu8-amb5/explore","http://data.brla.gov/government/2025-contracts-less-than-50-000/xvu8-amb5/explore","88","44","2.51","0","0.00","0.14"
"data.brla.gov","2025","/government/contracts-50-000-under-by-vendor-amount/gvg3-cjq5/edit","http://data.brla.gov/government/contracts-50-000-under-by-vendor-amount/gvg3-cjq5/edit","88","44","64.22","0","0.00","0.07"
"data.brla.gov","2025","/en/housing-and-development/july/nk9u-v77v/revisions/0","http://data.brla.gov/en/housing-and-development/july/nk9u-v77v/revisions/0","88","44","10.17","0","0.00","0.07"
"data.brla.gov","2025","/d/gvg3-cjq5/edit_metadata","http://data.brla.gov/d/gvg3-cjq5/edit_metadata","88","44","27.43","0","0.00","0.07"
"data.brla.gov","2025","/government/contracts-50-000-under-by-vendor-count/mexb-agdp/edit","http://data.brla.gov/government/contracts-50-000-under-by-vendor-count/mexb-agdp/edit","88","44","66.35","0","0.00","0.07"
"data.brla.gov","2025","/housing-and-development/lot/9ygd-j4f4","http://data.brla.gov/housing-and-development/lot/9ygd-j4f4","86","43","2.49","0","0.00","0.00"
"data.brla.gov","2025","/government/contracts-50-000-under-by-vendor/gvg3-cjq5/edit","http://data.brla.gov/government/contracts-50-000-under-by-vendor/gvg3-cjq5/edit","86","86","1,309.63","0","0.00","0.07"
"data.brla.gov","2025","/w/7fq7-8j7r/default","http://data.brla.gov/w/7fq7-8j7r/default","86","86","0.25","86","1.00","1.00"
"data.brla.gov","2025","/public-safety/city-court-warrants/c4w3-5aix","http://data.brla.gov/public-safety/city-court-warrants/c4w3-5aix","86","43","2.02","0","0.00","1.00"
"data.brla.gov","2025","/housing-and-development/lot/9ygd-j4f4/about_data","http://data.brla.gov/housing-and-development/lot/9ygd-j4f4/about_data","86","43","54.87","0","0.00","0.00"
"data.brla.gov","2025","/housing-and-development/group-and-nursing-homes/q5s6-jbef/about_data","http://data.brla.gov/housing-and-development/group-and-nursing-homes/q5s6-jbef/about_data","86","43","3.81","0","0.00","1.00"
"data.brla.gov","2025","/en/housing-and-development/maxine/ky55-5p6u/revisions/0/soql","http://data.brla.gov/en/housing-and-development/maxine/ky55-5p6u/revisions/0/soql","84","42","23.80","0","0.00","1.00"
"data.brla.gov","2025","/housing-and-development/tax-parcel/ei2c-krsr/related_content","http://data.brla.gov/housing-and-development/tax-parcel/ei2c-krsr/related_content","84","42","3.69","0","0.00","0.21"
"data.brla.gov","2025","/housing-and-development/permits-last-14-days/crir-zwev/edit","http://data.brla.gov/housing-and-development/permits-last-14-days/crir-zwev/edit","84","42","22.67","0","0.00","0.21"
"data.brla.gov","2025","/transportation-and-infrastructure/btr-airport-signatory-airlines-passenger-stats/5ihf-n5qf/revisions/63","http://data.brla.gov/transportation-and-infrastructure/btr-airport-signatory-airlines-passenger-stats/5ihf-n5qf/revisions/63","84","42","4.82","0","0.00","0.00"
"data.brla.gov","2025","/business-and-financial/daycare-center/ymk7-udvj/related_content","http://data.brla.gov/business-and-financial/daycare-center/ymk7-udvj/related_content","84","42","1.72","0","0.00","0.11"
"data.brla.gov","2025","/government/libraries/xuu3-5k6y/about_data","http://data.brla.gov/government/libraries/xuu3-5k6y/about_data","83","83","4.20","0","0.00","0.80"
"data.brla.gov","2025","/culture-and-recreation/ebrp-library-hotspot-checkout-stats/dbq3-53w2","http://data.brla.gov/culture-and-recreation/ebrp-library-hotspot-checkout-stats/dbq3-53w2","83","83","6.61","0","0.00","0.29"
"data.brla.gov","2025","/housing-and-development/street-address/utpm-sxpk/explore","http://data.brla.gov/housing-and-development/street-address/utpm-sxpk/explore","82","41","7.51","0","0.00","0.22"
"data.brla.gov","2025","/w/stfb-qk35/default","http://data.brla.gov/w/stfb-qk35/default","82","82","22.13","47","0.61","0.77"
"data.brla.gov","2025","/transportation-and-infrastructure/street-owner/gdm3-tmr2","http://data.brla.gov/transportation-and-infrastructure/street-owner/gdm3-tmr2","82","41","2.67","0","0.00","0.22"
"data.brla.gov","2025","/admin/schedules","http://data.brla.gov/admin/schedules","82","41","8.06","0","0.00","0.22"
"data.brla.gov","2025","/public-safety/legacy-baton-rouge-traffic-incidents-2010-2020-/2tu5-7kif/data_preview","http://data.brla.gov/public-safety/legacy-baton-rouge-traffic-incidents-2010-2020-/2tu5-7kif/data_preview","81","81","0.54","0","0.00","0.80"
"data.brla.gov","2025","/culture-and-recreation/fitness-center/sgsp-r6v2","http://data.brla.gov/culture-and-recreation/fitness-center/sgsp-r6v2","79","79","7.61","79","0.11","0.11"
"data.brla.gov","2025","/culture-and-recreation/fitness-center/sgsp-r6v2/about_data","http://data.brla.gov/culture-and-recreation/fitness-center/sgsp-r6v2/about_data","79","79","0.25","0","0.00","1.00"
"data.brla.gov","2025","/housing-and-development/urban-design-district/qm9w-ytji/about_data","http://data.brla.gov/housing-and-development/urban-design-district/qm9w-ytji/about_data","78","78","23.62","0","0.00","0.28"
"data.brla.gov","2025","/housing-and-development/urban-design-district/qm9w-ytji","http://data.brla.gov/housing-and-development/urban-design-district/qm9w-ytji","78","78","2.59","22","0.12","0.12"
"data.brla.gov","2025","/government/upcoming-procurement-opportunities/e5pk-us93/data_preview","http://data.brla.gov/government/upcoming-procurement-opportunities/e5pk-us93/data_preview","77","77","491.28","0","0.00","0.18"
"data.brla.gov","2025","/government/upcoming-procurement-opportunities/e5pk-us93","http://data.brla.gov/government/upcoming-procurement-opportunities/e5pk-us93","77","77","5.01","0","0.00","0.18"
"data.brla.gov","2025","/transportation-and-infrastructure/medical-clinic/8gcn-upcq/about_data","http://data.brla.gov/transportation-and-infrastructure/medical-clinic/8gcn-upcq/about_data","75","50","1.51","0","0.00","1.00"
"data.brla.gov","2025","/housing-and-development/small-area-plan/9kgs-ck6m","http://data.brla.gov/housing-and-development/small-area-plan/9kgs-ck6m","73","51","16.44","0","0.00","0.31"
"data.brla.gov","2025","/transportation-and-infrastructure/pavement-edge/k3yk-e9qx","http://data.brla.gov/transportation-and-infrastructure/pavement-edge/k3yk-e9qx","72","72","27.33","0","0.00","0.26"
"data.brla.gov","2025","/public-safety/baton-rouge-traffic-crash-incidents/7wah-qncc/revisions/160/sources/agent","http://data.brla.gov/public-safety/baton-rouge-traffic-crash-incidents/7wah-qncc/revisions/160/sources/agent","70","35","0.00","0","0.00","0.00"
"data.brla.gov","2025","/public-safety/baton-rouge-traffic-crash-incidents/7wah-qncc/revisions/160","http://data.brla.gov/public-safety/baton-rouge-traffic-crash-incidents/7wah-qncc/revisions/160","70","35","17.11","0","0.00","0.26"
"data.brla.gov","2025","/housing-and-development/subdivision-geometry/gks8-t3yg","http://data.brla.gov/housing-and-development/subdivision-geometry/gks8-t3yg","70","35","2.62","0","0.00","0.26"
"data.brla.gov","2025","/government/census-block/bb2s-hh6s/about_data","http://data.brla.gov/government/census-block/bb2s-hh6s/about_data","69","23","20.03","0","0.00","0.39"
"data.brla.gov","2025","/d/7wah-qncc/visualization","http://data.brla.gov/d/7wah-qncc/visualization","69","69","18.89","0","0.00","0.80"
"data.brla.gov","2025","/transportation-and-infrastructure/legacy-traffic-incidents-chart-2021-2022-/udxh-ksuj","http://data.brla.gov/transportation-and-infrastructure/legacy-traffic-incidents-chart-2021-2022-/udxh-ksuj","68","68","26.30","0","0.00","0.16"
"data.brla.gov","2025","/w/wzhh-xrbf/default","http://data.brla.gov/w/wzhh-xrbf/default","67","67","0.25","67","1.00","1.00"
"data.brla.gov","2025","/transportation-and-infrastructure/movebr-proposed-project/iimf-qef9/about_data","http://data.brla.gov/transportation-and-infrastructure/movebr-proposed-project/iimf-qef9/about_data","64","64","1.25","0","0.00","0.39"
"data.brla.gov","2025","/government/city-parish-vendors/6w2f-pxr9/explore","http://data.brla.gov/government/city-parish-vendors/6w2f-pxr9/explore","58","58","5.00","0","0.00","0.00"
"data.brla.gov","2025","/business-and-financial/sales-tax-collections/wzhh-xrbf/revisions/103","http://data.brla.gov/business-and-financial/sales-tax-collections/wzhh-xrbf/revisions/103","58","29","5.56","0","0.00","0.31"
"data.brla.gov","2025","/d/7ixm-mnvx/visualization","http://data.brla.gov/d/7ixm-mnvx/visualization","58","58","30.83","0","0.00","0.00"
"data.brla.gov","2025","/culture-and-recreation/landmarks-and-places-of-ebrp-story-map/uuda-vzwa","http://data.brla.gov/culture-and-recreation/landmarks-and-places-of-ebrp-story-map/uuda-vzwa","58","58","1.98","0","0.00","0.00"
"data.brla.gov","2025","/w/utpm-sxpk/_variation_","http://data.brla.gov/w/utpm-sxpk/_variation_","58","58","0.25","58","1.00","1.00"
"data.brla.gov","2025","/government/public-facilities/4u7h-jsge/about_data","http://data.brla.gov/government/public-facilities/4u7h-jsge/about_data","57","57","0.25","0","0.00","1.00"
"data.brla.gov","2025","/transportation-and-infrastructure/major-street-plan/p8nt-qh98/data_preview","http://data.brla.gov/transportation-and-infrastructure/major-street-plan/p8nt-qh98/data_preview","57","57","117.44","0","0.00","0.00"
"data.brla.gov","2025","/culture-and-recreation/sports-venue/vmrg-mbcx","http://data.brla.gov/culture-and-recreation/sports-venue/vmrg-mbcx","57","57","28.24","0","0.00","0.00"
"data.brla.gov","2025","/government/fire-district/y444-mmam","http://data.brla.gov/government/fire-district/y444-mmam","57","57","0.25","0","0.00","1.00"
"data.brla.gov","2025","/transportation-and-infrastructure/major-street-plan/p8nt-qh98/related_content","http://data.brla.gov/transportation-and-infrastructure/major-street-plan/p8nt-qh98/related_content","57","57","7.08","0","0.00","0.00"
"data.brla.gov","2025","/business-and-financial/pharmacy/deh5-pdvg","http://data.brla.gov/business-and-financial/pharmacy/deh5-pdvg","57","57","15.98","0","0.00","0.00"
"data.brla.gov","2025","/public-safety/legacy-baton-rouge-police-crime-incidents/fabb-cnnu/data","http://data.brla.gov/public-safety/legacy-baton-rouge-police-crime-incidents/fabb-cnnu/data","57","57","8.10","57","0.00","0.00"
"data.brla.gov","2025","/business-and-financial/grocery-with-pharmacy/3vpg-he36/data_preview","http://data.brla.gov/business-and-financial/grocery-with-pharmacy/3vpg-he36/data_preview","57","57","13.73","0","0.00","0.00"
"data.brla.gov","2025","/w/nyqb-2p5j/default","http://data.brla.gov/w/nyqb-2p5j/default","57","57","0.25","57","1.00","1.00"
"data.brla.gov","2025","/business-and-financial/pet-preparedness/3t7g-ia4h/related_content","http://data.brla.gov/business-and-financial/pet-preparedness/3t7g-ia4h/related_content","57","57","3.28","0","0.00","0.00"
"data.brla.gov","2025","/housing-and-development/2015-adjudicated-property-point-map-with-council-d/ftc4-wkk2","http://data.brla.gov/housing-and-development/2015-adjudicated-property-point-map-with-council-d/ftc4-wkk2","57","57","0.25","57","1.00","1.00"
"data.brla.gov","2025","/housing-and-development/subdivisions-by-council-district/hdxd-pjgz/about_data","http://data.brla.gov/housing-and-development/subdivisions-by-council-district/hdxd-pjgz/about_data","57","57","0.25","0","0.00","1.00"
"data.brla.gov","2025","/housing-and-development/","http://data.brla.gov/housing-and-development/","57","57","16.32","0","0.00","0.00"
"data.brla.gov","2025","/w/6w2f-pxr9/default","http://data.brla.gov/w/6w2f-pxr9/default","57","57","0.25","57","1.00","1.00"
"data.brla.gov","2025","/government/polling-place/9g8x-h7ij/revisions/2/sources/342544452/schemas/337945166/output/342855900","http://data.brla.gov/government/polling-place/9g8x-h7ij/revisions/2/sources/342544452/schemas/337945166/output/342855900","57","57","7.71","0","0.00","0.00"
"data.brla.gov","2025","/government/census-1960/nfeu-bch4/about_data","http://data.brla.gov/government/census-1960/nfeu-bch4/about_data","57","57","0.25","57","1.00","1.00"
"data.brla.gov","2025","/public-safety/legacy-baton-rouge-traffic-incidents-2010-2020-/2tu5-7kif/data","http://data.brla.gov/public-safety/legacy-baton-rouge-traffic-incidents-2010-2020-/2tu5-7kif/data","57","57","6.18","57","0.00","0.00"
"data.brla.gov","2025","/government/open-checkbook-br-logo-large/hxy9-x4yz/about_data","http://data.brla.gov/government/open-checkbook-br-logo-large/hxy9-x4yz/about_data","57","57","7.72","0","0.00","0.00"
"data.brla.gov","2025","/government/census-1980/cjtj-22jg/data_preview","http://data.brla.gov/government/census-1980/cjtj-22jg/data_preview","57","57","22.07","0","0.00","0.00"
"data.brla.gov","2025","/culture-and-recreation/play-place/d643-42mv/about_data","http://data.brla.gov/culture-and-recreation/play-place/d643-42mv/about_data","57","57","51.82","0","0.00","0.00"
"data.brla.gov","2025","/dataset/developers-test-api/jxgm-6gyk/about_data","http://data.brla.gov/dataset/developers-test-api/jxgm-6gyk/about_data","57","57","0.25","0","0.00","1.00"
"data.brla.gov","2025","/government/mowing-maintenance-lot/hyhm-vn2z","http://data.brla.gov/government/mowing-maintenance-lot/hyhm-vn2z","57","57","24.25","0","0.00","0.00"
"data.brla.gov","2025","/government/2018-social-vulnerability-index/q7v5-ijjg","http://data.brla.gov/government/2018-social-vulnerability-index/q7v5-ijjg","57","57","6.45","57","0.00","0.00"
"data.brla.gov","2025","/profile/nftw-desv","http://data.brla.gov/profile/nftw-desv","57","57","0.25","0","0.00","1.00"
"data.brla.gov","2025","/government/polling-place/9g8x-h7ij/revisions/2/sources/agent/42921009-b6f5-4ad1-aed3-85a4bd3b3fe0/esri/esri","http://data.brla.gov/government/polling-place/9g8x-h7ij/revisions/2/sources/agent/42921009-b6f5-4ad1-aed3-85a4bd3b3fe0/esri/esri","57","57","18.99","0","0.00","0.00"
"data.brla.gov","2025","/business-and-financial/economic-development-district/5yzd-cg42/data_preview","http://data.brla.gov/business-and-financial/economic-development-district/5yzd-cg42/data_preview","57","57","19.70","0","0.00","0.00"
"data.brla.gov","2025","/government/polling-place/9g8x-h7ij/revisions/2/sources/agent/42921009-b6f5-4ad1-aed3-85a4bd3b3fe0/esri/arcgis_online","http://data.brla.gov/government/polling-place/9g8x-h7ij/revisions/2/sources/agent/42921009-b6f5-4ad1-aed3-85a4bd3b3fe0/esri/arcgis_online","57","57","26.22","0","0.00","0.00"
"data.brla.gov","2025","/government/libraries/xuu3-5k6y/data_preview","http://data.brla.gov/government/libraries/xuu3-5k6y/data_preview","57","57","0.25","0","0.00","0.00"
"data.brla.gov","2025","/w/3t7g-ia4h/default","http://data.brla.gov/w/3t7g-ia4h/default","57","57","0.25","57","1.00","1.00"
"data.brla.gov","2025","/housing-and-development/subdivisions-by-council-district/hdxd-pjgz","http://data.brla.gov/housing-and-development/subdivisions-by-council-district/hdxd-pjgz","57","57","4.99","0","0.00","0.00"
"data.brla.gov","2025","/dataset/developers-test-api/jxgm-6gyk","http://data.brla.gov/dataset/developers-test-api/jxgm-6gyk","57","57","6.44","57","0.00","0.00"
"data.brla.gov","2025","/government/consolidated-road-lighting-district/9agr-68y3/about_data","http://data.brla.gov/government/consolidated-road-lighting-district/9agr-68y3/about_data","57","57","0.25","0","0.00","1.00"
"data.brla.gov","2025","/environment/flood-panel/9p6y-czv3/data_preview","http://data.brla.gov/environment/flood-panel/9p6y-czv3/data_preview","57","57","0.00","0","0.00","0.00"
"data.brla.gov","2025","/d/xw6s-bcqm/visualization","http://data.brla.gov/d/xw6s-bcqm/visualization","57","57","0.25","0","0.00","1.00"
"data.brla.gov","2025","/w/2vbe-dvdu/_variation_","http://data.brla.gov/w/2vbe-dvdu/_variation_","57","57","0.25","57","1.00","1.00"
"data.brla.gov","2025","/government/fire-district/5fcu-7qaq/about_data","http://data.brla.gov/government/fire-district/5fcu-7qaq/about_data","57","57","14.74","57","0.00","0.00"
"data.brla.gov","2025","/business-and-financial/grocery-with-pharmacy/jcs3-54b9","http://data.brla.gov/business-and-financial/grocery-with-pharmacy/jcs3-54b9","57","57","37.59","0","0.00","0.00"
"data.brla.gov","2025","/government/barricade-service-area/wrey-t2uu","http://data.brla.gov/government/barricade-service-area/wrey-t2uu","57","57","26.02","0","0.00","0.00"
"data.brla.gov","2025","/government/public-facilities/4u7h-jsge","http://data.brla.gov/government/public-facilities/4u7h-jsge","57","57","5.01","0","0.00","0.00"
"data.brla.gov","2025","/environment/stream-segment/ugp7-jyfn","http://data.brla.gov/environment/stream-segment/ugp7-jyfn","57","57","6.25","57","0.00","0.00"
"data.brla.gov","2025","/d/2tu5-7kif/visualization","http://data.brla.gov/d/2tu5-7kif/visualization","57","57","64.14","0","0.00","0.00"
"data.brla.gov","2025","/government/open-checkbook-br-logo-large/hxy9-x4yz","http://data.brla.gov/government/open-checkbook-br-logo-large/hxy9-x4yz","57","57","1.75","0","0.00","0.00"
"data.brla.gov","2025","/government/sales-tax-domicile/8355-us6n","http://data.brla.gov/government/sales-tax-domicile/8355-us6n","57","57","0.25","0","0.00","1.00"
"data.brla.gov","2025","/environment/stream-segment/ugp7-jyfn/about_data","http://data.brla.gov/environment/stream-segment/ugp7-jyfn/about_data","57","57","0.25","0","0.00","1.00"
"data.brla.gov","2025","/government/polling-place/9g8x-h7ij/revisions/2/sources/url","http://data.brla.gov/government/polling-place/9g8x-h7ij/revisions/2/sources/url","57","57","38.93","0","0.00","0.00"
"data.brla.gov","2025","/government/libraries/xuu3-5k6y","http://data.brla.gov/government/libraries/xuu3-5k6y","57","57","5.01","0","0.00","0.00"
"data.brla.gov","2025","/widgets/bbec-x3iy","http://data.brla.gov/widgets/bbec-x3iy","57","57","0.25","57","1.00","1.00"
"data.brla.gov","2025","/stories/s/cbx7-arts/edit","http://data.brla.gov/stories/s/cbx7-arts/edit","57","57","289.55","0","0.00","0.00"
"data.brla.gov","2025","/business-and-financial/grocery/8ds2-8tze/data_preview","http://data.brla.gov/business-and-financial/grocery/8ds2-8tze/data_preview","57","57","1.67","0","0.00","0.00"
"data.brla.gov","2025","/w/stfb-qk35/_variation_","http://data.brla.gov/w/stfb-qk35/_variation_","57","57","0.25","57","1.00","1.00"
"data.brla.gov","2025","/dataset/neighborhoods_from_qfmj_2fwi/uvg4-nwq8/data_preview","http://data.brla.gov/dataset/neighborhoods_from_qfmj_2fwi/uvg4-nwq8/data_preview","57","57","8.14","0","0.00","0.00"
"data.brla.gov","2025","/government/census-2020/qkfp-ptqp","http://data.brla.gov/government/census-2020/qkfp-ptqp","57","57","0.25","57","1.00","1.00"
"data.brla.gov","2025","/government/baton-rouge-city-boundary/swb6-bab2/data","http://data.brla.gov/government/baton-rouge-city-boundary/swb6-bab2/data","57","57","0.25","57","1.00","1.00"
"data.brla.gov","2025","/culture-and-recreation/play-place/d643-42mv","http://data.brla.gov/culture-and-recreation/play-place/d643-42mv","57","57","5.01","0","0.00","0.00"
"data.brla.gov","2025","/w/mtzf-7pes/default","http://data.brla.gov/w/mtzf-7pes/default","57","57","0.25","57","1.00","1.00"
"data.brla.gov","2025","/dataset/open-data-br-site-analytics-monthly-asset-views-no/eq78-wehr","http://data.brla.gov/dataset/open-data-br-site-analytics-monthly-asset-views-no/eq78-wehr","57","57","42.16","0","1.00","0.00"
"data.brla.gov","2025","/transportation-and-infrastructure/interstate-exit/qhci-yw43","http://data.brla.gov/transportation-and-infrastructure/interstate-exit/qhci-yw43","57","57","0.25","57","1.00","1.00"
"data.brla.gov","2025","/business-and-financial/grocery-with-pharmacy/3vpg-he36/related_content","http://data.brla.gov/business-and-financial/grocery-with-pharmacy/3vpg-he36/related_content","57","57","5.38","0","0.00","0.00"
"data.brla.gov","2025","/government/polling-place/9g8x-h7ij/revisions/2/sources","http://data.brla.gov/government/polling-place/9g8x-h7ij/revisions/2/sources","57","57","0.00","0","0.00","0.00"
"data.brla.gov","2025","/public-safety/baton-rouge-police-crime-incidents/pbin-pcm7/revisions/58/sources/333423893/schemas/328994145/output/333793481","http://data.brla.gov/public-safety/baton-rouge-police-crime-incidents/pbin-pcm7/revisions/58/sources/333423893/schemas/328994145/output/333793481","56","56","21.27","0","0.00","0.00"
"data.brla.gov","2025","/government/mowing-maintenance-lot/wvct-4a9w/about_data","http://data.brla.gov/government/mowing-maintenance-lot/wvct-4a9w/about_data","56","56","0.25","56","1.00","1.00"
"data.brla.gov","2025","/culture-and-recreation/ebrp-library-computer-usage-stats/3u4i-fz9z/revisions/81/sources/338940237/schemas/334387581/output/339254542","http://data.brla.gov/culture-and-recreation/ebrp-library-computer-usage-stats/3u4i-fz9z/revisions/81/sources/338940237/schemas/334387581/output/339254542","56","56","23.27","0","0.00","0.00"
"data.brla.gov","2025","/government/city-parish-expenditures/vwa8-ps2a/data_preview","http://data.brla.gov/government/city-parish-expenditures/vwa8-ps2a/data_preview","56","56","461.74","0","0.00","0.00"
"data.brla.gov","2025","/government/baton-rouge-annexation-history/3xd7-twu2/data","http://data.brla.gov/government/baton-rouge-annexation-history/3xd7-twu2/data","56","56","0.13","0","0.00","0.00"
"data.brla.gov","2025","/transportation-and-infrastructure/btr-airport-signatory-airlines-passenger-stats/5ihf-n5qf/revisions/61/sources/335007136/schemas/330539456/output/335358070","http://data.brla.gov/transportation-and-infrastructure/btr-airport-signatory-airlines-passenger-stats/5ihf-n5qf/revisions/61/sources/335007136/schemas/330539456/output/335358070","56","56","9.95","0","0.00","0.00"
"data.brla.gov","2025","/w/7yxz-w5jz/default","http://data.brla.gov/w/7yxz-w5jz/default","56","56","0.25","56","1.00","1.00"
"data.brla.gov","2025","/housing-and-development/airport-overlay-district/ae7x-cet4/about_data","http://data.brla.gov/housing-and-development/airport-overlay-district/ae7x-cet4/about_data","56","56","2.00","0","0.00","0.00"
"data.brla.gov","2025","/transportation-and-infrastructure/telecommunication-facility/rxs2-k8q5/about_data","http://data.brla.gov/transportation-and-infrastructure/telecommunication-facility/rxs2-k8q5/about_data","56","56","0.25","0","0.00","1.00"
"data.brla.gov","2025","/w/fxzx-kgsd/_variation_","http://data.brla.gov/w/fxzx-kgsd/_variation_","56","56","0.25","56","1.00","1.00"
"data.brla.gov","2025","/culture-and-recreation/ebrp-library-hotspot-checkout-stats/2vbe-dvdu/revisions/26/sources/338944178/schemas/334391498/output/339258495","http://data.brla.gov/culture-and-recreation/ebrp-library-hotspot-checkout-stats/2vbe-dvdu/revisions/26/sources/338944178/schemas/334391498/output/339258495","56","56","717.14","0","0.00","0.00"
"data.brla.gov","2025","/culture-and-recreation/ebrp-library-gate-counts/stfv-hidx/revisions/96/sources/338936773/schemas/334384168/output/339251080","http://data.brla.gov/culture-and-recreation/ebrp-library-gate-counts/stfv-hidx/revisions/96/sources/338936773/schemas/334384168/output/339251080","56","56","30.11","0","0.00","0.00"
"data.brla.gov","2025","/transportation-and-infrastructure/grease-trap/mjgv-jquu","http://data.brla.gov/transportation-and-infrastructure/grease-trap/mjgv-jquu","56","56","0.25","0","0.00","1.00"
"data.brla.gov","2025","/culture-and-recreation/ebrp-library-wifi-usage-stats/mtjw-7y57/revisions/33/sources","http://data.brla.gov/culture-and-recreation/ebrp-library-wifi-usage-stats/mtjw-7y57/revisions/33/sources","56","56","33.13","0","0.00","0.00"
"data.brla.gov","2025","/housing-and-development/apartment/2dd6-5yp6","http://data.brla.gov/housing-and-development/apartment/2dd6-5yp6","56","56","0.25","56","1.00","1.00"
"data.brla.gov","2025","/transportation-and-infrastructure/btr-airport-signatory-airlines-passenger-stats/5ihf-n5qf/revisions/61/sources","http://data.brla.gov/transportation-and-infrastructure/btr-airport-signatory-airlines-passenger-stats/5ihf-n5qf/revisions/61/sources","56","56","16.19","0","0.00","0.00"
"data.brla.gov","2025","/government/design-overlay-district/i42i-k9j4/about_data","http://data.brla.gov/government/design-overlay-district/i42i-k9j4/about_data","56","56","2.00","0","0.00","0.00"
"data.brla.gov","2025","/culture-and-recreation/ebrp-library-circulation-statistics/m33w-s9q6/data","http://data.brla.gov/culture-and-recreation/ebrp-library-circulation-statistics/m33w-s9q6/data","56","56","0.04","0","0.00","0.00"
"data.brla.gov","2025","/government/2017-department-salary-comparison/x3zy-8zcs/explore","http://data.brla.gov/government/2017-department-salary-comparison/x3zy-8zcs/explore","56","56","5.01","0","0.00","0.00"
"data.brla.gov","2025","/dataset/moderate-income-block-group/bwvt-6bts","http://data.brla.gov/dataset/moderate-income-block-group/bwvt-6bts","56","56","128.99","0","0.00","0.00"
"data.brla.gov","2025","/profile/hmcs-nswq","http://data.brla.gov/profile/hmcs-nswq","56","56","37.42","0","0.00","0.00"
"data.brla.gov","2025","/w/3xd7-twu2/default","http://data.brla.gov/w/3xd7-twu2/default","56","56","0.25","56","1.00","1.00"
"data.brla.gov","2025","/culture-and-recreation/ebrp-library-circulation-statistics/m33w-s9q6/revisions/98/sources","http://data.brla.gov/culture-and-recreation/ebrp-library-circulation-statistics/m33w-s9q6/revisions/98/sources","56","56","13.75","0","0.00","0.00"
"data.brla.gov","2025","/finance/city-parish-expenditures/x9bz-vs2n","http://data.brla.gov/finance/city-parish-expenditures/x9bz-vs2n","56","56","5.66","56","0.00","0.00"
"data.brla.gov","2025","/transportation-and-infrastructure/road-closures/5bmt-pt5h","http://data.brla.gov/transportation-and-infrastructure/road-closures/5bmt-pt5h","56","56","0.73","0","0.00","0.00"
"data.brla.gov","2025","/government/dataset-of-datasets/stfb-qk35/revisions/41","http://data.brla.gov/government/dataset-of-datasets/stfb-qk35/revisions/41","56","56","13.90","0","1.00","0.00"
"data.brla.gov","2025","/transportation-and-infrastructure/bike-and-pedestrian-facilities/k8t8-2phb/about_data","http://data.brla.gov/transportation-and-infrastructure/bike-and-pedestrian-facilities/k8t8-2phb/about_data","56","56","0.25","0","0.00","1.00"
"data.brla.gov","2025","/public-safety/east-baton-rouge-parish-combined-crime-incidents/6zc2-imdr/revisions/13","http://data.brla.gov/public-safety/east-baton-rouge-parish-combined-crime-incidents/6zc2-imdr/revisions/13","56","56","7.68","0","0.00","0.00"
"data.brla.gov","2025","/government/design-overlay-district/i42i-k9j4","http://data.brla.gov/government/design-overlay-district/i42i-k9j4","56","56","2.00","0","0.00","0.00"
"data.brla.gov","2025","/stories/s/dg7i-p7vt/edit","http://data.brla.gov/stories/s/dg7i-p7vt/edit","56","56","570.70","0","0.00","0.00"
"data.brla.gov","2025","/stories/s/ebrp-crime-type-comparison-chart/dg7i-p7vt/edit","http://data.brla.gov/stories/s/ebrp-crime-type-comparison-chart/dg7i-p7vt/edit","56","56","244.53","0","0.00","0.00"
"data.brla.gov","2025","/housing-and-development/street-address-listing/6fyg-p3r9/related_content","http://data.brla.gov/housing-and-development/street-address-listing/6fyg-p3r9/related_content","56","56","0.00","0","0.00","0.00"
"data.brla.gov","2025","/w/3vpg-he36/default","http://data.brla.gov/w/3vpg-he36/default","56","56","0.25","56","1.00","1.00"
"data.brla.gov","2025","/housing-and-development/airport-overlay-district/ae7x-cet4","http://data.brla.gov/housing-and-development/airport-overlay-district/ae7x-cet4","56","56","2.00","0","0.00","0.00"
"data.brla.gov","2025","/widgets/g5c2-myyj","http://data.brla.gov/widgets/g5c2-myyj","56","56","0.25","56","1.00","1.00"
"data.brla.gov","2025","/culture-and-recreation/ebrp-library-gate-counts/stfv-hidx/revisions/95/sources/338936366/schemas/334383777/output/339250682","http://data.brla.gov/culture-and-recreation/ebrp-library-gate-counts/stfv-hidx/revisions/95/sources/338936366/schemas/334383777/output/339250682","56","56","35.21","0","0.00","0.00"
"data.brla.gov","2025","/w/bjay-xnyr/default","http://data.brla.gov/w/bjay-xnyr/default","56","56","0.25","56","1.00","1.00"
"data.brla.gov","2025","/government/census-block-group/7n9s-hfvk","http://data.brla.gov/government/census-block-group/7n9s-hfvk","56","56","0.25","0","0.00","1.00"
"data.brla.gov","2025","/transportation-and-infrastructure/railroad-crossing/wgw8-gbi2","http://data.brla.gov/transportation-and-infrastructure/railroad-crossing/wgw8-gbi2","56","56","44.35","0","0.00","0.00"
"data.brla.gov","2025","/d/6fyg-p3r9/visualization","http://data.brla.gov/d/6fyg-p3r9/visualization","56","56","11.08","0","0.00","0.00"
"data.brla.gov","2025","/widgets/dakq-4sda","http://data.brla.gov/widgets/dakq-4sda","56","56","0.25","56","1.00","1.00"
"data.brla.gov","2025","/culture-and-recreation/ebrp-library-wifi-usage-stats/mtjw-7y57/revisions/33/sources/338938370/schemas/334385740/output/339252671","http://data.brla.gov/culture-and-recreation/ebrp-library-wifi-usage-stats/mtjw-7y57/revisions/33/sources/338938370/schemas/334385740/output/339252671","56","56","20.74","0","0.00","0.00"
"data.brla.gov","2025","/government/2017-department-salary-comparison/x3zy-8zcs/related_content","http://data.brla.gov/government/2017-department-salary-comparison/x3zy-8zcs/related_content","56","56","0.00","0","0.00","0.00"
"data.brla.gov","2025","/culture-and-recreation/ebrp-library-gate-counts/stfv-hidx/revisions/97/sources/338956173/schemas/334403348/output/339270536","http://data.brla.gov/culture-and-recreation/ebrp-library-gate-counts/stfv-hidx/revisions/97/sources/338956173/schemas/334403348/output/339270536","56","56","86.07","0","0.00","0.00"
"data.brla.gov","2025","/transportation-and-infrastructure/bike-and-pedestrian-facilities/k8t8-2phb","http://data.brla.gov/transportation-and-infrastructure/bike-and-pedestrian-facilities/k8t8-2phb","56","56","5.85","0","0.00","0.00"
"data.brla.gov","2025","/government/purchase-orders-and-contracts/2ung-w7t4/data","http://data.brla.gov/government/purchase-orders-and-contracts/2ung-w7t4/data","56","56","4.97","0","0.00","0.00"
"data.brla.gov","2025","/culture-and-recreation/ebrp-library-hotspot-checkout-stats/2vbe-dvdu/revisions/25/sources","http://data.brla.gov/culture-and-recreation/ebrp-library-hotspot-checkout-stats/2vbe-dvdu/revisions/25/sources","56","56","8.86","0","0.00","0.00"
"data.brla.gov","2025","/public-safety/baton-rouge-traffic-crash-incidents","http://data.brla.gov/public-safety/baton-rouge-traffic-crash-incidents","56","56","7.55","0","0.00","0.00"
"data.brla.gov","2025","/government/hospital-service-district-1/53nw-iji5","http://data.brla.gov/government/hospital-service-district-1/53nw-iji5","56","56","37.26","0","0.00","0.00"
"data.brla.gov","2025","/government/redevelopment-overlay-district/shut-t697/about_data","http://data.brla.gov/government/redevelopment-overlay-district/shut-t697/about_data","56","56","0.01","0","0.00","0.00"
"data.brla.gov","2025","/public-safety/downtown-2021-crime-incidents-by-type/psem-2mpc","http://data.brla.gov/public-safety/downtown-2021-crime-incidents-by-type/psem-2mpc","56","56","39.71","0","0.00","0.00"
"data.brla.gov","2025","/culture-and-recreation/ebrp-library-hotspot-checkout-stats/2vbe-dvdu/revisions/25/sources/338943511/schemas/334390834/output/339257820","http://data.brla.gov/culture-and-recreation/ebrp-library-hotspot-checkout-stats/2vbe-dvdu/revisions/25/sources/338943511/schemas/334390834/output/339257820","56","56","20.56","0","0.00","0.00"
"data.brla.gov","2025","/datasets/brla::neighborhoods/explore","http://data.brla.gov/datasets/brla::neighborhoods/explore","56","56","0.25","56","1.00","1.00"
"data.brla.gov","2025","/culture-and-recreation/ebrp-library-hotspot-checkout-stats/2vbe-dvdu/revisions/24","http://data.brla.gov/culture-and-recreation/ebrp-library-hotspot-checkout-stats/2vbe-dvdu/revisions/24","56","56","40.35","0","0.00","0.00"
"data.brla.gov","2025","/transportation-and-infrastructure/telecommunication-facility/rxs2-k8q5","http://data.brla.gov/transportation-and-infrastructure/telecommunication-facility/rxs2-k8q5","56","56","6.62","56","0.00","0.00"
"data.brla.gov","2025","/environment/local-historic-overlay-district/tbwy-gkx4","http://data.brla.gov/environment/local-historic-overlay-district/tbwy-gkx4","56","56","4.00","0","0.00","0.00"
"data.brla.gov","2025","/public-safety/legacy-baton-rouge-traffic-incidents-2010-2020-/2tu5-7kif/explore","http://data.brla.gov/public-safety/legacy-baton-rouge-traffic-incidents-2010-2020-/2tu5-7kif/explore","56","56","4.94","0","0.00","0.00"
"data.brla.gov","2025","/environment/local-historic-overlay-district/tbwy-gkx4/about_data","http://data.brla.gov/environment/local-historic-overlay-district/tbwy-gkx4/about_data","56","56","5.00","0","0.00","0.00"
"data.brla.gov","2025","/government/government-agency/9478-pwaa","http://data.brla.gov/government/government-agency/9478-pwaa","56","56","6.97","56","0.00","0.00"
"data.brla.gov","2025","/public-safety/baton-rouge-police-crime-incidents/pbin-pcm7/revisions/58/sources","http://data.brla.gov/public-safety/baton-rouge-police-crime-incidents/pbin-pcm7/revisions/58/sources","56","56","0.00","0","0.00","0.00"
"data.brla.gov","2025","/environment/watershed/bxuh-x6x4/data_preview","http://data.brla.gov/environment/watershed/bxuh-x6x4/data_preview","56","56","6.84","0","0.00","0.00"
"data.brla.gov","2025","/w/ujfw-nv76/default","http://data.brla.gov/w/ujfw-nv76/default","56","56","0.25","56","1.00","1.00"
"data.brla.gov","2025","/stories/s/ykff-2yye","http://data.brla.gov/stories/s/ykff-2yye","56","56","28.80","0","0.00","0.00"
"data.brla.gov","2025","/stories/s/ebrp-crime-type-comparison-chart/dg7i-p7vt/preview","http://data.brla.gov/stories/s/ebrp-crime-type-comparison-chart/dg7i-p7vt/preview","56","56","418.58","0","0.00","0.00"
"data.brla.gov","2025","/culture-and-recreation/ebrp-library-gate-counts/stfv-hidx/revisions/95/sources","http://data.brla.gov/culture-and-recreation/ebrp-library-gate-counts/stfv-hidx/revisions/95/sources","56","56","10.22","0","0.00","0.00"
"data.brla.gov","2025","/profile/dsgw-c3hi","http://data.brla.gov/profile/dsgw-c3hi","56","56","6.70","0","0.00","0.00"
"data.brla.gov","2025","/d/n9u7-h9i7/visualization","http://data.brla.gov/d/n9u7-h9i7/visualization","56","56","24.62","0","0.00","0.00"
"data.brla.gov","2025","/culture-and-recreation/ebrp-library-circulation-statistics/m33w-s9q6/revisions/98/sources/338929853/schemas/334377332/output/339244160","http://data.brla.gov/culture-and-recreation/ebrp-library-circulation-statistics/m33w-s9q6/revisions/98/sources/338929853/schemas/334377332/output/339244160","56","56","33.24","0","0.00","0.00"
"data.brla.gov","2025","/public-safety/animal-control-incidents/qmns-hw3s/","http://data.brla.gov/public-safety/animal-control-incidents/qmns-hw3s/","56","56","6.24","56","0.00","0.00"
"data.brla.gov","2025","/transportation-and-infrastructure/health-care-business/icrw-xqk9","http://data.brla.gov/transportation-and-infrastructure/health-care-business/icrw-xqk9","56","56","5.00","0","0.00","0.00"
"data.brla.gov","2025","/widgets/6fyg-p3r9","http://data.brla.gov/widgets/6fyg-p3r9","56","56","0.25","0","0.00","1.00"
"data.brla.gov","2025","/culture-and-recreation/ebrp-library-computer-usage-stats/3u4i-fz9z","http://data.brla.gov/culture-and-recreation/ebrp-library-computer-usage-stats/3u4i-fz9z","56","56","0.22","0","0.00","0.00"
"data.brla.gov","2025","/transportation-and-infrastructure/interstate-exit/qgv6-hgr5/about_data","http://data.brla.gov/transportation-and-infrastructure/interstate-exit/qgv6-hgr5/about_data","56","56","5.95","56","1.00","1.00"
"data.brla.gov","2025","/business-and-financial/sales-tax-collections/wzhh-xrbf/revisions/101/sources/338905580/schemas/334353426/output/339219904","http://data.brla.gov/business-and-financial/sales-tax-collections/wzhh-xrbf/revisions/101/sources/338905580/schemas/334353426/output/339219904","56","56","27.80","0","0.00","0.00"
"data.brla.gov","2025","/housing-and-development/building-footprint/w2dv-n5tp/data_preview","http://data.brla.gov/housing-and-development/building-footprint/w2dv-n5tp/data_preview","56","56","0.25","0","0.00","1.00"
"data.brla.gov","2025","/w/icrw-xqk9/_variation_","http://data.brla.gov/w/icrw-xqk9/_variation_","56","56","14.86","56","0.00","0.00"
"data.brla.gov","2025","/w/3dv4-vdqq/default","http://data.brla.gov/w/3dv4-vdqq/default","56","56","0.25","0","0.00","1.00"
"data.brla.gov","2025","/government/natural-resource-zoning-district/7pv8-25p3/about_data","http://data.brla.gov/government/natural-resource-zoning-district/7pv8-25p3/about_data","56","56","4.01","0","0.00","0.00"
"data.brla.gov","2025","/government/natural-resource-zoning-district/jftt-8brn","http://data.brla.gov/government/natural-resource-zoning-district/jftt-8brn","56","56","21.41","0","0.00","0.00"
"data.brla.gov","2025","/w/6fyg-p3r9/_variation_","http://data.brla.gov/w/6fyg-p3r9/_variation_","56","56","0.25","56","1.00","1.00"
"data.brla.gov","2025","/public-safety/legacy-baton-rouge-police-crime-incidents/fabb-cnnu/explore","http://data.brla.gov/public-safety/legacy-baton-rouge-police-crime-incidents/fabb-cnnu/explore","56","56","5.02","0","0.00","0.00"
"data.brla.gov","2025","/w/pn4q-ta4g/default","http://data.brla.gov/w/pn4q-ta4g/default","56","56","0.25","56","1.00","1.00"
"data.brla.gov","2025","/business-and-financial/sales-tax-collections/wzhh-xrbf/revisions/101/sources","http://data.brla.gov/business-and-financial/sales-tax-collections/wzhh-xrbf/revisions/101/sources","56","56","82.70","0","0.00","0.00"
"data.brla.gov","2025","/government/redevelopment-overlay-district/shut-t697","http://data.brla.gov/government/redevelopment-overlay-district/shut-t697","56","56","1.99","0","0.00","0.00"
"data.brla.gov","2025","/government/central-council-district/thdj-c56d/about_data","http://data.brla.gov/government/central-council-district/thdj-c56d/about_data","56","56","0.25","56","1.00","1.00"
"data.brla.gov","2025","/widgets/vk53-4pr7","http://data.brla.gov/widgets/vk53-4pr7","56","56","0.25","56","1.00","1.00"
"data.brla.gov","2025","/culture-and-recreation/ebrp-library-computer-usage-stats/3u4i-fz9z/revisions/81/sources","http://data.brla.gov/culture-and-recreation/ebrp-library-computer-usage-stats/3u4i-fz9z/revisions/81/sources","56","56","8.71","0","0.00","0.00"
"data.brla.gov","2025","/government/natural-resource-zoning-district/7pv8-25p3","http://data.brla.gov/government/natural-resource-zoning-district/7pv8-25p3","56","56","5.43","0","0.00","0.00"
"data.brla.gov","2025","/transportation-and-infrastructure/street-owner/gdm3-tmr2/data_preview","http://data.brla.gov/transportation-and-infrastructure/street-owner/gdm3-tmr2/data_preview","56","56","19.89","0","0.00","0.00"
"data.brla.gov","2025","/culture-and-recreation/ebrp-library-hotspot-checkout-stats/2vbe-dvdu/revisions/27/sources/346954056/schemas/342263486/output/347242463","http://data.brla.gov/culture-and-recreation/ebrp-library-hotspot-checkout-stats/2vbe-dvdu/revisions/27/sources/346954056/schemas/342263486/output/347242463","54","54","26.67","0","0.00","0.00"
"data.brla.gov","2025","/government/downtown-development-district/q4xd-8nau","http://data.brla.gov/government/downtown-development-district/q4xd-8nau","54","54","6.21","54","0.00","0.00"
"data.brla.gov","2025","/w/q7v5-ijjg/default","http://data.brla.gov/w/q7v5-ijjg/default","54","54","0.25","54","1.00","1.00"
"data.brla.gov","2025","/culture-and-recreation/brec-park/7j6g-4hxu/about_data","http://data.brla.gov/culture-and-recreation/brec-park/7j6g-4hxu/about_data","54","54","0.25","0","0.00","1.00"
"data.brla.gov","2025","/transportation-and-infrastructure/public-safety-facility/h667-2xhn","http://data.brla.gov/transportation-and-infrastructure/public-safety-facility/h667-2xhn","54","54","5.22","0","0.00","0.00"
"data.brla.gov","2025","/w/wtig-th7z/default","http://data.brla.gov/w/wtig-th7z/default","54","54","0.25","54","1.00","1.00"
"data.brla.gov","2025","/culture-and-recreation/ebrp-library-hotspot-checkout-stats/2vbe-dvdu/revisions/27/sources","http://data.brla.gov/culture-and-recreation/ebrp-library-hotspot-checkout-stats/2vbe-dvdu/revisions/27/sources","54","54","37.03","0","0.00","0.00"
"data.brla.gov","2025","/public-safety/police-district/iesm-9rwj/data_preview","http://data.brla.gov/public-safety/police-district/iesm-9rwj/data_preview","54","54","36.74","0","0.00","0.00"
"data.brla.gov","2025","/culture-and-recreation/ebrp-library-gate-counts/stfv-hidx/revisions/98/sources/346949275/schemas/342258863/output/347237608","http://data.brla.gov/culture-and-recreation/ebrp-library-gate-counts/stfv-hidx/revisions/98/sources/346949275/schemas/342258863/output/347237608","54","54","37.65","0","0.00","0.00"
"data.brla.gov","2025","/public-safety/animal-control-incidents/qmns-hw3s/revisions/2/sources/346916706/schemas/342226996/output/347204943","http://data.brla.gov/public-safety/animal-control-incidents/qmns-hw3s/revisions/2/sources/346916706/schemas/342226996/output/347204943","54","54","8.14","0","0.00","0.00"
"data.brla.gov","2025","/culture-and-recreation/ebrp-library-wifi-usage-stats/mtjw-7y57/revisions/34/sources/346950855/schemas/342260381/output/347239241","http://data.brla.gov/culture-and-recreation/ebrp-library-wifi-usage-stats/mtjw-7y57/revisions/34/sources/346950855/schemas/342260381/output/347239241","54","54","85.71","0","0.00","0.00"
"data.brla.gov","2025","/culture-and-recreation/ebrp-library-hotspot-checkout-stats/2vbe-dvdu/revisions/28/sources/346955572/schemas/342264985/output/347243989","http://data.brla.gov/culture-and-recreation/ebrp-library-hotspot-checkout-stats/2vbe-dvdu/revisions/28/sources/346955572/schemas/342264985/output/347243989","54","54","1,500.43","0","0.00","0.00"
"data.brla.gov","2025","/culture-and-recreation/ebrp-library-computer-usage-stats/3u4i-fz9z/revisions/82/sources","http://data.brla.gov/culture-and-recreation/ebrp-library-computer-usage-stats/3u4i-fz9z/revisions/82/sources","54","54","9.62","0","0.00","0.00"
"data.brla.gov","2025","/culture-and-recreation/ebrp-library-circulation-statistics/m33w-s9q6/revisions/99/sources/346945774/schemas/342255451/output/347234012","http://data.brla.gov/culture-and-recreation/ebrp-library-circulation-statistics/m33w-s9q6/revisions/99/sources/346945774/schemas/342255451/output/347234012","54","54","23.99","0","0.00","0.00"
"data.brla.gov","2025","/government/polling-place/rcec-y7ta","http://data.brla.gov/government/polling-place/rcec-y7ta","54","54","0.25","0","0.00","1.00"
"data.brla.gov","2025","/business-and-financial/sales-tax-collections/wzhh-xrbf/revisions/102/sources","http://data.brla.gov/business-and-financial/sales-tax-collections/wzhh-xrbf/revisions/102/sources","54","54","18.69","0","0.00","0.00"
"data.brla.gov","2025","/culture-and-recreation/brec-park/7j6g-4hxu","http://data.brla.gov/culture-and-recreation/brec-park/7j6g-4hxu","54","54","4.82","0","0.00","0.00"
"data.brla.gov","2025","/government/open-checkbook-br-background-image/t49n-cj3n/about_data","http://data.brla.gov/government/open-checkbook-br-background-image/t49n-cj3n/about_data","54","54","0.25","0","0.00","1.00"
"data.brla.gov","2025","/culture-and-recreation/ebrp-library-circulation-statistics/m33w-s9q6/revisions/99/sources","http://data.brla.gov/culture-and-recreation/ebrp-library-circulation-statistics/m33w-s9q6/revisions/99/sources","54","54","11.49","0","0.00","0.00"
"data.brla.gov","2025","/widgets/2tu5-7kif","http://data.brla.gov/widgets/2tu5-7kif","54","54","0.25","54","1.00","1.00"
"data.brla.gov","2025","/transportation-and-infrastructure/tiger-trails-routes/t8sv-qiry","http://data.brla.gov/transportation-and-infrastructure/tiger-trails-routes/t8sv-qiry","54","54","5.00","0","0.00","0.00"
"data.brla.gov","2025","/transportation-and-infrastructure/public-safety-facility/h667-2xhn/about_data","http://data.brla.gov/transportation-and-infrastructure/public-safety-facility/h667-2xhn/about_data","54","54","14.10","0","0.00","0.00"
"data.brla.gov","2025","/culture-and-recreation/ebrp-library-gate-counts/stfv-hidx/revisions/99/sources/346949414/schemas/342258997/output/347237753","http://data.brla.gov/culture-and-recreation/ebrp-library-gate-counts/stfv-hidx/revisions/99/sources/346949414/schemas/342258997/output/347237753","54","54","54.87","0","0.00","0.00"
"data.brla.gov","2025","/transportation/traffic-crash-incidents/c6kd-6hp6","http://data.brla.gov/transportation/traffic-crash-incidents/c6kd-6hp6","54","54","11.08","54","0.00","0.00"
"data.brla.gov","2025","/government/downtown-development-district/q4xd-8nau/about_data","http://data.brla.gov/government/downtown-development-district/q4xd-8nau/about_data","54","54","0.25","0","0.00","1.00"
"data.brla.gov","2025","/culture-and-recreation/ebrp-library-circulation-statistics/m33w-s9q6/revisions/100/sources/346946295/schemas/342255949/output/347234523","http://data.brla.gov/culture-and-recreation/ebrp-library-circulation-statistics/m33w-s9q6/revisions/100/sources/346946295/schemas/342255949/output/347234523","54","54","319.60","0","0.00","0.00"
"data.brla.gov","2025","/culture-and-recreation/ebrp-library-gate-counts/stfv-hidx/revisions/98/sources","http://data.brla.gov/culture-and-recreation/ebrp-library-gate-counts/stfv-hidx/revisions/98/sources","54","54","10.25","0","0.00","0.00"
"data.brla.gov","2025","/business-and-financial/sales-tax-collections/wzhh-xrbf/revisions/102/sources/346230500/schemas/341557116/output/346521311","http://data.brla.gov/business-and-financial/sales-tax-collections/wzhh-xrbf/revisions/102/sources/346230500/schemas/341557116/output/346521311","54","54","14.73","0","0.00","0.00"
"data.brla.gov","2025","/transportation-and-infrastructure/tiger-trails-routes/t8sv-qiry/about_data","http://data.brla.gov/transportation-and-infrastructure/tiger-trails-routes/t8sv-qiry/about_data","54","54","12.51","0","0.00","0.00"
"data.brla.gov","2025","/government/open-checkbook-br-background-image/t49n-cj3n","http://data.brla.gov/government/open-checkbook-br-background-image/t49n-cj3n","54","54","7.15","54","0.00","0.00"
"data.brla.gov","2025","/culture-and-recreation/ebrp-library-wifi-usage-stats/mtjw-7y57/revisions/34/sources","http://data.brla.gov/culture-and-recreation/ebrp-library-wifi-usage-stats/mtjw-7y57/revisions/34/sources","54","54","6.95","0","0.00","0.00"
"data.brla.gov","2025","/culture-and-recreation/ebrp-library-computer-usage-stats/3u4i-fz9z/revisions/82/sources/346952595/schemas/342262077/output/347241026","http://data.brla.gov/culture-and-recreation/ebrp-library-computer-usage-stats/3u4i-fz9z/revisions/82/sources/346952595/schemas/342262077/output/347241026","54","54","36.57","0","0.00","0.00"
"data.brla.gov","2025","/transportation-and-infrastructure/btr-passenger-stats-by-airline-per-year/6p99-4t7p","http://data.brla.gov/transportation-and-infrastructure/btr-passenger-stats-by-airline-per-year/6p99-4t7p","54","54","71.36","0","0.00","0.00"
"data.brla.gov","2025","/dataset/category_tiles/ug93-d9mt/about_data","http://data.brla.gov/dataset/category_tiles/ug93-d9mt/about_data","52","52","3.01","0","1.00","0.00"
"data.brla.gov","2025","/transportation-and-infrastructure/traffic-signal/itzf-d8pn/","http://data.brla.gov/transportation-and-infrastructure/traffic-signal/itzf-d8pn/","52","52","6.06","52","0.35","0.35"
"data.brla.gov","2025","/dataset/category_tiles/ug93-d9mt","http://data.brla.gov/dataset/category_tiles/ug93-d9mt","52","52","5.01","0","1.00","0.00"
"data.brla.gov","2025","/dataset/category_tiles/ug93-d9mt/data_preview","http://data.brla.gov/dataset/category_tiles/ug93-d9mt/data_preview","52","52","0.19","0","1.00","0.00"
"data.brla.gov","2025","/housing-and-development/existing-land-use/u7dr-94zn","http://data.brla.gov/housing-and-development/existing-land-use/u7dr-94zn","52","52","7.85","29","0.16","0.31"
"data.brla.gov","2025","/widgets/e5pk-us93","http://data.brla.gov/widgets/e5pk-us93","52","52","0.25","0","0.00","1.00"
"data.brla.gov","2025","/housing-and-development/existing-land-use/u7dr-94zn/about_data","http://data.brla.gov/housing-and-development/existing-land-use/u7dr-94zn/about_data","52","52","10.94","0","0.00","0.31"
"data.brla.gov","2025","/government/city-parish-revenue-budget/4kxx-65v6/explore","http://data.brla.gov/government/city-parish-revenue-budget/4kxx-65v6/explore","52","52","5.01","0","0.00","0.00"
"data.brla.gov","2025","/transportation-and-infrastructure/railroad/g6kg-aimb","http://data.brla.gov/transportation-and-infrastructure/railroad/g6kg-aimb","50","50","38.02","0","0.00","0.00"
"data.brla.gov","2025","/t","http://data.brla.gov/t","50","50","5.30","0","0.00","0.00"
"data.brla.gov","2025","/transportation-and-infrastructure/medical-clinic/8gcn-upcq","http://data.brla.gov/transportation-and-infrastructure/medical-clinic/8gcn-upcq","50","50","8.96","50","0.36","0.36"
"data.brla.gov","2025","/housing-and-development/public-land-survey-system/5i2z-eb5u/explore","http://data.brla.gov/housing-and-development/public-land-survey-system/5i2z-eb5u/explore","50","50","4.95","0","0.00","0.00"
"data.brla.gov","2025","/government/city-limits/vr2w-xizt","http://data.brla.gov/government/city-limits/vr2w-xizt","50","50","0.25","0","0.00","1.00"
"data.brla.gov","2025","/transportation-and-infrastructure/street-sign/t5nm-qifn","http://data.brla.gov/transportation-and-infrastructure/street-sign/t5nm-qifn","50","50","0.25","0","0.00","1.00"
"data.brla.gov","2025","/government/2021-purchase-orders/c6zn-g33m/data_preview","http://data.brla.gov/government/2021-purchase-orders/c6zn-g33m/data_preview","50","50","0.00","0","0.00","1.00"
"data.brla.gov","2025","/environment/watershed/kk7u-5yah","http://data.brla.gov/environment/watershed/kk7u-5yah","50","50","5.49","0","0.00","0.00"
"data.brla.gov","2025","/government/barricade-service-area/6szy-fxcg","http://data.brla.gov/government/barricade-service-area/6szy-fxcg","50","50","6.48","50","0.00","0.00"
"data.brla.gov","2025","/government/legacy-purchase-orders-timeline-chart/x3z8-ktxu","http://data.brla.gov/government/legacy-purchase-orders-timeline-chart/x3z8-ktxu","50","25","7.71","0","0.00","1.00"
"data.brla.gov","2025","/environment/conveyance_zones/qwrb-mchd/related_content","http://data.brla.gov/environment/conveyance_zones/qwrb-mchd/related_content","50","50","15.48","0","0.00","0.00"
"data.brla.gov","2025","/government/open-checkbook-br-logo-small-white/dt25-qdzz","http://data.brla.gov/government/open-checkbook-br-logo-small-white/dt25-qdzz","50","50","0.25","50","1.00","1.00"
"data.brla.gov","2025","/transportation-and-infrastructure/telecommunication-facility/bgsi-i722","http://data.brla.gov/transportation-and-infrastructure/telecommunication-facility/bgsi-i722","50","50","6.98","0","0.00","0.00"
"data.brla.gov","2025","/profile/w4g6-2q2g","http://data.brla.gov/profile/w4g6-2q2g","50","50","9.56","0","1.00","0.00"
"data.brla.gov","2025","/dataset/baton-rouge-logo/7v4j-8tn9/about_data","http://data.brla.gov/dataset/baton-rouge-logo/7v4j-8tn9/about_data","50","50","8.15","0","0.00","0.00"
"data.brla.gov","2025","/government/barricade-service-area/6szy-fxcg/about_data","http://data.brla.gov/government/barricade-service-area/6szy-fxcg/about_data","50","50","0.25","0","0.00","1.00"
"data.brla.gov","2025","/profile/mxcs-3zgb","http://data.brla.gov/profile/mxcs-3zgb","50","25","6.31","0","0.00","0.36"
"data.brla.gov","2025","/housing-and-development/census-demographics/xsrb-mxqt/data_preview","http://data.brla.gov/housing-and-development/census-demographics/xsrb-mxqt/data_preview","47","47","0.25","0","0.00","1.00"
"data.brla.gov","2025","/transportation-and-infrastructure/bus-stop/hnjz-rqcd/about_data","http://data.brla.gov/transportation-and-infrastructure/bus-stop/hnjz-rqcd/about_data","47","47","1.81","0","1.00","0.00"
"data.brla.gov","2025","/d/myfc-nh6n/visualization","http://data.brla.gov/d/myfc-nh6n/visualization","47","47","0.25","0","0.00","1.00"
"data.brla.gov","2025","/housing-and-development/mobile-home-park/az26-5c8f/related_content","http://data.brla.gov/housing-and-development/mobile-home-park/az26-5c8f/related_content","47","47","3.77","47","0.00","0.00"
"data.brla.gov","2025","/business-and-financial/enterprise-zone/8hsf-8dd2","http://data.brla.gov/business-and-financial/enterprise-zone/8hsf-8dd2","47","47","6.36","0","0.00","0.00"
"data.brla.gov","2025","/housing-and-development/zoning/i3k4-dq7g","http://data.brla.gov/housing-and-development/zoning/i3k4-dq7g","47","47","53.01","0","0.00","0.00"
"data.brla.gov","2025","/business-and-financial/tax-increment-financing-district/7emk-4vm9","http://data.brla.gov/business-and-financial/tax-increment-financing-district/7emk-4vm9","47","47","7.00","0","0.00","0.00"
"data.brla.gov","2025","/transportation-and-infrastructure/bus-stop/hnjz-rqcd","http://data.brla.gov/transportation-and-infrastructure/bus-stop/hnjz-rqcd","47","47","6.00","0","1.00","0.00"
"data.brla.gov","2025","/transportation-and-infrastructure/outdoor-advertising-sign/8gj9-8cf5/about_data","http://data.brla.gov/transportation-and-infrastructure/outdoor-advertising-sign/8gj9-8cf5/about_data","47","47","7.01","0","0.00","0.00"
"data.brla.gov","2025","/public-safety/baton-rouge-fire-department-occupancy-inspections/h453-hp7u/related_content","http://data.brla.gov/public-safety/baton-rouge-fire-department-occupancy-inspections/h453-hp7u/related_content","47","47","5.74","0","0.00","0.00"
"data.brla.gov","2025","/housing-and-development/lot/pvn5-9b7e","http://data.brla.gov/housing-and-development/lot/pvn5-9b7e","47","47","4.01","0","0.00","0.00"
"data.brla.gov","2025","/government/drainage_district/tjyr-sw3m","http://data.brla.gov/government/drainage_district/tjyr-sw3m","47","47","12.54","0","0.00","0.00"
"data.brla.gov","2025","/government/dataset-of-datasets/stfb-qk35/data","http://data.brla.gov/government/dataset-of-datasets/stfb-qk35/data","47","47","4.64","0","0.00","0.00"
"data.brla.gov","2025","/transportation-and-infrastructure/outdoor-advertising-sign/8gj9-8cf5","http://data.brla.gov/transportation-and-infrastructure/outdoor-advertising-sign/8gj9-8cf5","47","47","4.89","0","0.00","0.00"
"data.brla.gov","2025","/environment/wetland/rpsc-4k3j","http://data.brla.gov/environment/wetland/rpsc-4k3j","47","47","3.24","0","0.00","0.00"
"data.brla.gov","2025","/d/h453-hp7u/visualization","http://data.brla.gov/d/h453-hp7u/visualization","47","47","223.64","0","0.00","0.00"
"data.brla.gov","2025","/environment/flood-hazard-area/xhtq-6c7v","http://data.brla.gov/environment/flood-hazard-area/xhtq-6c7v","47","47","0.90","0","0.00","0.00"
"data.brla.gov","2025","/transportation-and-infrastructure/outdoor-advertising-sign/i4z6-3jwa","http://data.brla.gov/transportation-and-infrastructure/outdoor-advertising-sign/i4z6-3jwa","47","47","39.45","0","0.00","0.00"
"data.brla.gov","2025","/housing-and-development/zoning/2v82-p7fa/data_preview","http://data.brla.gov/housing-and-development/zoning/2v82-p7fa/data_preview","47","47","0.00","0","0.00","0.00"
"data.brla.gov","2025","/profile/ad6t-qmgh","http://data.brla.gov/profile/ad6t-qmgh","47","47","728.29","0","0.00","0.00"
"data.brla.gov","2025","/government/census-block/bb2s-hh6s/data_preview","http://data.brla.gov/government/census-block/bb2s-hh6s/data_preview","46","23","0.00","0","0.00","0.00"
"data.brla.gov","2025","/government/baker-city-council-district/cyn7-vpxf/data","http://data.brla.gov/government/baker-city-council-district/cyn7-vpxf/data","46","46","4.94","0","0.00","0.00"
"data.brla.gov","2025","/w/ux2t-b9wr/_variation_","http://data.brla.gov/w/ux2t-b9wr/_variation_","46","46","0.25","46","1.00","1.00"
"data.brla.gov","2025","/d/dakq-4sda/visualization","http://data.brla.gov/d/dakq-4sda/visualization","44","44","121.94","0","0.00","0.14"
"data.brla.gov","2025","/business-and-financial/enterprise-zone/g39m-6i82/about_data","http://data.brla.gov/business-and-financial/enterprise-zone/g39m-6i82/about_data","44","44","0.25","0","0.00","1.00"
"data.brla.gov","2025","/public-safety/public-safety-facility/4vkh-8c95","http://data.brla.gov/public-safety/public-safety-facility/4vkh-8c95","44","44","0.25","0","0.00","1.00"
"data.brla.gov","2025","/datasets/business","http://data.brla.gov/datasets/business","44","44","110.48","0","0.00","0.07"
"data.brla.gov","2025","/business-and-financial/abc_license/xhjf-mdnv/related_content","http://data.brla.gov/business-and-financial/abc_license/xhjf-mdnv/related_content","44","44","7.97","44","0.11","0.11"
"data.brla.gov","2025","/environment/base-flood-elevation/wjb2-k4jw/related_content","http://data.brla.gov/environment/base-flood-elevation/wjb2-k4jw/related_content","44","44","2.61","0","0.00","0.07"
"data.brla.gov","2025","/government/school/xj7z-n8pj/about_data","http://data.brla.gov/government/school/xj7z-n8pj/about_data","44","44","1,654.50","0","0.00","0.20"
"data.brla.gov","2025","/dataset/asset-inventory-public-view/ir77-bp8g/about_data","http://data.brla.gov/dataset/asset-inventory-public-view/ir77-bp8g/about_data","44","44","0.14","0","0.00","0.54"
"data.brla.gov","2025","/dataset/asset-inventory-public-view/ir77-bp8g","http://data.brla.gov/dataset/asset-inventory-public-view/ir77-bp8g","44","44","4.86","0","0.00","0.39"
"data.brla.gov","2025","/environment/base-flood-elevation/wjb2-k4jw/data_preview","http://data.brla.gov/environment/base-flood-elevation/wjb2-k4jw/data_preview","44","44","0.00","0","0.00","0.00"
"data.brla.gov","2025","/government/school/xj7z-n8pj","http://data.brla.gov/government/school/xj7z-n8pj","44","44","5.01","0","0.00","0.20"
"data.brla.gov","2025","/business-and-financial/enterprise-zone/g39m-6i82","http://data.brla.gov/business-and-financial/enterprise-zone/g39m-6i82","44","44","15.42","44","0.18","0.18"
"data.brla.gov","2025","/government/copy-of-contracts-50-000-under-by-vendor-count/xusf-fqn8/edit","http://data.brla.gov/government/copy-of-contracts-50-000-under-by-vendor-count/xusf-fqn8/edit","44","44","370.34","0","0.00","0.07"
"data.brla.gov","2025","/government/2025-contracts-less-than-50-000/xvu8-amb5/revisions/0","http://data.brla.gov/government/2025-contracts-less-than-50-000/xvu8-amb5/revisions/0","44","44","49.88","0","0.00","0.07"
"data.brla.gov","2025","/government/2025-contracts-less-than-50-000/xvu8-amb5/revisions/0/metadata/dataset","http://data.brla.gov/government/2025-contracts-less-than-50-000/xvu8-amb5/revisions/0/metadata/dataset","44","44","58.91","0","0.00","0.07"
"data.brla.gov","2025","/government/council-district_2025/785e-vg75/about_data","http://data.brla.gov/government/council-district_2025/785e-vg75/about_data","44","44","264.74","0","0.00","0.07"
"data.brla.gov","2025","/government/copy-of-contracts-50-000-under-by-vendor-count/mexb-agdp/edit","http://data.brla.gov/government/copy-of-contracts-50-000-under-by-vendor-count/mexb-agdp/edit","44","44","13.60","0","0.00","0.07"
"data.brla.gov","2025","/housing-and-development/electrical-permits/tphc-g5mj/explore","http://data.brla.gov/housing-and-development/electrical-permits/tphc-g5mj/explore","44","44","15.76","0","0.00","0.14"
"data.brla.gov","2025","/culture-and-recreation/recreation/n2u4-s8cr","http://data.brla.gov/culture-and-recreation/recreation/n2u4-s8cr","44","44","0.25","0","0.00","1.00"
"data.brla.gov","2025","/housing-and-development/july/nk9u-v77v/revisions/0/soql","http://data.brla.gov/housing-and-development/july/nk9u-v77v/revisions/0/soql","44","44","0.25","0","0.00","1.00"
"data.brla.gov","2025","/d/eyp8-c7wc/visualization","http://data.brla.gov/d/eyp8-c7wc/visualization","44","44","0.25","0","0.00","1.00"
"data.brla.gov","2025","/transportation-and-infrastructure/street-range/fisq-xxsz","http://data.brla.gov/transportation-and-infrastructure/street-range/fisq-xxsz","44","44","0.25","44","1.00","1.00"
"data.brla.gov","2025","/culture-and-recreation/brec-park-amenities/phg8-g77c","http://data.brla.gov/culture-and-recreation/brec-park-amenities/phg8-g77c","44","44","5.00","0","0.00","0.11"
"data.brla.gov","2025","/government/downtown-development-district/ebhr-kac2","http://data.brla.gov/government/downtown-development-district/ebhr-kac2","44","44","0.25","44","1.00","1.00"
"data.brla.gov","2025","/public-safety/brfd-hazmat-incidents/puvg-q6uk/explore","http://data.brla.gov/public-safety/brfd-hazmat-incidents/puvg-q6uk/explore","44","44","5.00","0","0.00","0.18"
"data.brla.gov","2025","/api","http://data.brla.gov/api","44","44","11.91","44","0.20","0.20"
"data.brla.gov","2025","/government/2025-contracts-less-than-50-000/xvu8-amb5/revisions/0/soql","http://data.brla.gov/government/2025-contracts-less-than-50-000/xvu8-amb5/revisions/0/soql","44","44","224.60","0","0.00","0.07"
"data.brla.gov","2025","/housing-and-development/benchmark/4upw-qimu","http://data.brla.gov/housing-and-development/benchmark/4upw-qimu","44","44","5.00","0","0.00","0.07"
"data.brla.gov","2025","/d/xusf-fqn8/edit_metadata","http://data.brla.gov/d/xusf-fqn8/edit_metadata","44","44","50.70","0","0.00","0.07"
"data.brla.gov","2025","/housing-and-development/benchmark/4upw-qimu/about_data","http://data.brla.gov/housing-and-development/benchmark/4upw-qimu/about_data","44","44","0.25","0","0.00","1.00"
"data.brla.gov","2025","/dataset/business","http://data.brla.gov/dataset/business","44","44","6.82","44","0.07","0.07"
"data.brla.gov","2025","/w/q5s6-jbef/default","http://data.brla.gov/w/q5s6-jbef/default","44","44","0.25","44","1.00","1.00"
"data.brla.gov","2025","/business-and-financial/senior-citizen-center/bjay-xnyr/about_data","http://data.brla.gov/business-and-financial/senior-citizen-center/bjay-xnyr/about_data","44","44","319.65","0","0.00","0.11"
"data.brla.gov","2025","/government/council-district_2025/785e-vg75","http://data.brla.gov/government/council-district_2025/785e-vg75","44","44","5.03","0","0.00","0.07"
"data.brla.gov","2025","/oauth/authorize","http://data.brla.gov/oauth/authorize","44","44","0.25","0","0.00","1.00"
"data.brla.gov","2025","/transportation-and-infrastructure/legacy-traffic-signals/i5j3-69mv/about_data","http://data.brla.gov/transportation-and-infrastructure/legacy-traffic-signals/i5j3-69mv/about_data","44","44","0.25","44","1.00","1.00"
"data.brla.gov","2025","/dataset/flood-panel","http://data.brla.gov/dataset/flood-panel","44","44","0.25","44","1.00","1.00"
"data.brla.gov","2025","/culture-and-recreation/brec-park-amenities/phg8-g77c/about_data","http://data.brla.gov/culture-and-recreation/brec-park-amenities/phg8-g77c/about_data","44","44","8.39","0","0.00","0.11"
"data.brla.gov","2025","/government/contracts-50-000-under-by-vendor-count/j5xr-yiye/edit","http://data.brla.gov/government/contracts-50-000-under-by-vendor-count/j5xr-yiye/edit","44","44","7.24","0","0.00","0.07"
"data.brla.gov","2025","/business-and-financial/pharmacy/iga7-fb2n","http://data.brla.gov/business-and-financial/pharmacy/iga7-fb2n","43","43","10.20","43","0.21","0.21"
"data.brla.gov","2025","/housing-and-development/property-information/re5c-hrw9/3406178","http://data.brla.gov/housing-and-development/property-information/re5c-hrw9/3406178","43","43","4.17","43","0.21","0.21"
"data.brla.gov","2025","/w/59gn-d4wm/default","http://data.brla.gov/w/59gn-d4wm/default","43","43","0.25","43","1.00","1.00"
"data.brla.gov","2025","/housing-and-development/property-information/re5c-hrw9/3406178/about_data","http://data.brla.gov/housing-and-development/property-information/re5c-hrw9/3406178/about_data","43","43","0.25","0","0.00","1.00"
"data.brla.gov","2025","/culture-and-recreation/church/mn92-zncf","http://data.brla.gov/culture-and-recreation/church/mn92-zncf","43","43","0.25","0","0.00","1.00"
"data.brla.gov","2025","/d/puvg-q6uk/visualization","http://data.brla.gov/d/puvg-q6uk/visualization","43","43","22.24","0","0.00","0.21"
"data.brla.gov","2025","/housing-and-development/address-label/az2g-ktf6","http://data.brla.gov/housing-and-development/address-label/az2g-ktf6","43","43","5.00","0","0.00","0.00"
"data.brla.gov","2025","/housing-and-development/lot-profile/qhdb-cbvf","http://data.brla.gov/housing-and-development/lot-profile/qhdb-cbvf","43","43","17.50","0","0.00","0.00"
"data.brla.gov","2025","/public-safety/school-gun-free-zone/b6gs-42fc/related_content","http://data.brla.gov/public-safety/school-gun-free-zone/b6gs-42fc/related_content","43","43","12.94","0","0.00","0.00"
"data.brla.gov","2025","/government/2016-department-salary-comparison/v5gr-482h/data_preview","http://data.brla.gov/government/2016-department-salary-comparison/v5gr-482h/data_preview","43","43","15.89","0","0.00","0.00"
"data.brla.gov","2025","/housing-and-development/group-and-nursing-homes/q5s6-jbef","http://data.brla.gov/housing-and-development/group-and-nursing-homes/q5s6-jbef","43","43","5.98","43","0.21","0.21"
"data.brla.gov","2025","/public-safety/baton-rouge-police-crime-incidents/pbin-pcm7>>","http://data.brla.gov/public-safety/baton-rouge-police-crime-incidents/pbin-pcm7>>","43","43","0.25","43","1.00","1.00"
"data.brla.gov","2025","/government/landscape-maintenance-agreement/eyp8-c7wc/data_preview","http://data.brla.gov/government/landscape-maintenance-agreement/eyp8-c7wc/data_preview","43","43","0.25","43","1.00","1.00"
"data.brla.gov","2025","/transportation-and-infrastructure/aviation/58x5-i3iv/data_preview","http://data.brla.gov/transportation-and-infrastructure/aviation/58x5-i3iv/data_preview","43","43","0.25","0","0.00","1.00"
"data.brla.gov","2025","/transportation-and-infrastructure/grease-trap/9ait-3ztk/data_preview","http://data.brla.gov/transportation-and-infrastructure/grease-trap/9ait-3ztk/data_preview","42","42","18.31","0","0.00","0.21"
"data.brla.gov","2025","/w/dakq-4sda/_variation_","http://data.brla.gov/w/dakq-4sda/_variation_","42","42","38.39","0","0.00","0.00"
"data.brla.gov","2025","/d/ir77-bp8g/visualization","http://data.brla.gov/d/ir77-bp8g/visualization","42","21","1.61","0","0.00","0.43"
"data.brla.gov","2025","/dataset/asset-inventory-public-view/ir77-bp8g/related_content","http://data.brla.gov/dataset/asset-inventory-public-view/ir77-bp8g/related_content","42","21","1.64","0","0.00","1.00"
"data.brla.gov","2025","/transportation-and-infrastructure/btr-airport-signatory-airlines-passenger-stats/5ihf-n5qf/revisions/63/sources","http://data.brla.gov/transportation-and-infrastructure/btr-airport-signatory-airlines-passenger-stats/5ihf-n5qf/revisions/63/sources","42","42","18.85","0","0.00","0.00"
"data.brla.gov","2025","/d/crir-zwev/edit_metadata","http://data.brla.gov/d/crir-zwev/edit_metadata","42","42","108.21","0","0.00","0.21"
"data.brla.gov","2025","/housing-and-development/subject-property-points/tkta-8gdz/about_data","http://data.brla.gov/housing-and-development/subject-property-points/tkta-8gdz/about_data","42","42","96.48","0","0.00","0.00"
"data.brla.gov","2025","/housing-and-development/permits-last-14/nfjv-zdbk/revisions/0/soql","http://data.brla.gov/housing-and-development/permits-last-14/nfjv-zdbk/revisions/0/soql","42","42","231.76","0","0.00","0.21"
"data.brla.gov","2025","/transportation-and-infrastructure/btr-airport-signatory-airlines-passenger-stats/5ihf-n5qf/revisions/63/sources/350363396/schemas/345624697/output/350655688","http://data.brla.gov/transportation-and-infrastructure/btr-airport-signatory-airlines-passenger-stats/5ihf-n5qf/revisions/63/sources/350363396/schemas/345624697/output/350655688","42","42","25.32","0","0.00","0.00"
"data.brla.gov","2025","/d/m4y9-pj8t/visualization","http://data.brla.gov/d/m4y9-pj8t/visualization","42","42","0.25","42","1.00","1.00"
"data.brla.gov","2025","/environment/conveyance_zones/qwrb-mchd","http://data.brla.gov/environment/conveyance_zones/qwrb-mchd","41","41","7.72","41","0.22","0.22"
"data.brla.gov","2025","/government/bese-district/7bdd-82sw/about_data","http://data.brla.gov/government/bese-district/7bdd-82sw/about_data","41","41","0.25","0","0.00","1.00"
"data.brla.gov","2025","/admin/gateway/42921009-b6f5-4ad1-aed3-85a4bd3b3fe0","http://data.brla.gov/admin/gateway/42921009-b6f5-4ad1-aed3-85a4bd3b3fe0","41","41","0.83","0","0.00","0.22"
"data.brla.gov","2025","/government/bese-district/7bdd-82sw","http://data.brla.gov/government/bese-district/7bdd-82sw","41","41","6.17","41","0.22","0.22"
"data.brla.gov","2025","/admin/schedules/url","http://data.brla.gov/admin/schedules/url","41","41","0.00","0","0.00","0.00"
"data.brla.gov","2025","/profile/7zpa-inbb","http://data.brla.gov/profile/7zpa-inbb","41","41","11.48","0","0.00","0.22"
"data.brla.gov","2025","/datasets/big-demo::movebr-proposed-project/about","http://data.brla.gov/datasets/big-demo::movebr-proposed-project/about","41","41","0.25","0","0.00","1.00"
"data.brla.gov","2025","/admin/schedules/gateway","http://data.brla.gov/admin/schedules/gateway","41","41","4.62","0","0.00","0.22"
"data.brla.gov","2025","/dataset/site-analytics-asset-access/bpsy-xve9","http://data.brla.gov/dataset/site-analytics-asset-access/bpsy-xve9","41","41","5.00","0","0.00","0.22"
"data.brla.gov","2025","/dataset/street-names","http://data.brla.gov/dataset/street-names","41","41","0.25","41","1.00","1.00"
"data.brla.gov","2025","/housing-and-development/street-address/utpm-sxpk/data_preview","http://data.brla.gov/housing-and-development/street-address/utpm-sxpk/data_preview","41","41","8.31","0","0.00","0.22"
"data.brla.gov","2025","/admin/analytics","http://data.brla.gov/admin/analytics","41","41","12.64","0","0.00","0.22"
"data.brla.gov","2025","/transportation-and-infrastructure/street-sign/4mib-eu3q/about_data","http://data.brla.gov/transportation-and-infrastructure/street-sign/4mib-eu3q/about_data","41","41","0.25","0","0.00","1.00"
"data.brla.gov","2025","/admin/gateway","http://data.brla.gov/admin/gateway","41","41","20.78","0","0.00","0.22"
"data.brla.gov","2025","/housing-and-development/property-information/re5c-hrw9/2735342","http://data.brla.gov/housing-and-development/property-information/re5c-hrw9/2735342","40","40","0.25","40","1.00","1.00"
"data.brla.gov","2025","/government/judicial-family-court-section/4asr-6duw","http://data.brla.gov/government/judicial-family-court-section/4asr-6duw","35","35","0.25","35","1.00","1.00"
"data.brla.gov","2025","/housing-and-development/subdivision/gks8-t3yg/related_content","http://data.brla.gov/housing-and-development/subdivision/gks8-t3yg/related_content","35","35","0.00","0","0.00","0.00"
"data.brla.gov","2025","/government/dataset-of-datasets/stfb-qk35/explore","http://data.brla.gov/government/dataset-of-datasets/stfb-qk35/explore","35","35","5.01","0","0.74","0.26"
"data.brla.gov","2025","/transportation-and-infrastructure/bus-route/mu6c-es6q","http://data.brla.gov/transportation-and-infrastructure/bus-route/mu6c-es6q","35","35","0.25","0","0.00","1.00"
"data.brla.gov","2025","/housing-and-development/subdivision/gks8-t3yg/revisions/3/sources/353549727/schemas/348760960/output/353850061","http://data.brla.gov/housing-and-development/subdivision/gks8-t3yg/revisions/3/sources/353549727/schemas/348760960/output/353850061","35","35","8.93","0","0.00","0.26"
"data.brla.gov","2025","/public-safety/baton-rouge-traffic-crash-incidents/7wah-qncc/revisions/160/sources/353589304/schemas/348800309/output/353890709","http://data.brla.gov/public-safety/baton-rouge-traffic-crash-incidents/7wah-qncc/revisions/160/sources/353589304/schemas/348800309/output/353890709","35","35","14.39","0","0.00","0.26"
"data.brla.gov","2025","/housing-and-development/subdivisions/px43-apna/revisions/2/sources/353549078/schemas/348760320/output/353849395","http://data.brla.gov/housing-and-development/subdivisions/px43-apna/revisions/2/sources/353549078/schemas/348760320/output/353849395","35","35","11.50","0","0.00","0.26"
"data.brla.gov","2025","/public-safety/baton-rouge-traffic-crash-incidents/7wah-qncc/revisions/160/sources/agent/42921009-b6f5-4ad1-aed3-85a4bd3b3fe0/esri/arcgis_online","http://data.brla.gov/public-safety/baton-rouge-traffic-crash-incidents/7wah-qncc/revisions/160/sources/agent/42921009-b6f5-4ad1-aed3-85a4bd3b3fe0/esri/arcgis_online","35","35","14.00","0","0.00","0.26"
"data.brla.gov","2025","/housing-and-development/subdivision-geometry/gks8-t3yg/data_preview","http://data.brla.gov/housing-and-development/subdivision-geometry/gks8-t3yg/data_preview","35","35","0.84","0","0.00","0.26"
"data.brla.gov","2025","/public-safety/baton-rouge-traffic-crash-incidents/7wah-qncc/revisions/160/sources/353589304/schemas/348800309/output/353890441/mismatch","http://data.brla.gov/public-safety/baton-rouge-traffic-crash-incidents/7wah-qncc/revisions/160/sources/353589304/schemas/348800309/output/353890441/mismatch","35","35","70.20","0","0.00","0.26"
"data.brla.gov","2025","/public-safety/baton-rouge-traffic-crash-incidents/7wah-qncc/revisions/160/sources/agent/42921009-b6f5-4ad1-aed3-85a4bd3b3fe0/esri/esri","http://data.brla.gov/public-safety/baton-rouge-traffic-crash-incidents/7wah-qncc/revisions/160/sources/agent/42921009-b6f5-4ad1-aed3-85a4bd3b3fe0/esri/esri","35","35","24.85","0","0.00","0.26"
"data.brla.gov","2025","/housing-and-development/subdivision/gks8-t3yg/revisions/3/sources","http://data.brla.gov/housing-and-development/subdivision/gks8-t3yg/revisions/3/sources","35","35","0.00","0","0.00","0.00"
"data.brla.gov","2025","/public-safety/baton-rouge-traffic-crash-incidents/7wah-qncc/revisions/160/sources/url","http://data.brla.gov/public-safety/baton-rouge-traffic-crash-incidents/7wah-qncc/revisions/160/sources/url","35","35","34.62","0","0.00","0.26"
"data.brla.gov","2025","/public-safety/baton-rouge-traffic-crash-incidents/7wah-qncc/revisions/160/sources","http://data.brla.gov/public-safety/baton-rouge-traffic-crash-incidents/7wah-qncc/revisions/160/sources","35","35","0.00","0","0.00","0.00"
"data.brla.gov","2025","/widgets/re5c-hrw9","http://data.brla.gov/widgets/re5c-hrw9","33","33","0.25","0","0.00","1.00"
"data.brla.gov","2025","/w/s58w-7isi/default","http://data.brla.gov/w/s58w-7isi/default","29","29","0.25","29","1.00","1.00"
"data.brla.gov","2025","/government/active-city-parish-employees/k9k4-embr/related_content","http://data.brla.gov/government/active-city-parish-employees/k9k4-embr/related_content","29","29","0.00","0","0.00","0.00"
"data.brla.gov","2025","/business-and-financial/sales-tax-collections/wzhh-xrbf/revisions/103/sources","http://data.brla.gov/business-and-financial/sales-tax-collections/wzhh-xrbf/revisions/103/sources","29","29","18.14","0","0.00","0.31"
"data.brla.gov","2025","/w/s8ex-w355/default","http://data.brla.gov/w/s8ex-w355/default","29","29","29.46","29","0.31","0.31"
"data.brla.gov","2025","/business-and-financial/sales-tax-collections/wzhh-xrbf/revisions/103/sources/354745892/schemas/349941342/output/355052406","http://data.brla.gov/business-and-financial/sales-tax-collections/wzhh-xrbf/revisions/103/sources/354745892/schemas/349941342/output/355052406","29","29","11.89","0","0.00","0.31"
"data.brla.gov","2025","/public-safety/city-court-warrants/3j5u-jyar/explore","http://data.brla.gov/public-safety/city-court-warrants/3j5u-jyar/explore","28","28","5.01","0","0.00","0.32"
"data.brla.gov","2025","/government/baton-rouge-city-court/shsq-4qar/about_data","http://data.brla.gov/government/baton-rouge-city-court/shsq-4qar/about_data","26","26","0.25","0","0.00","1.00"
"data.brla.gov","2025","/d/bqzt-2rgq/visualization","http://data.brla.gov/d/bqzt-2rgq/visualization","26","26","0.25","0","0.00","1.00"
"data.brla.gov","2025","/government/sales-tax-domicile/bqzt-2rgq/related_content","http://data.brla.gov/government/sales-tax-domicile/bqzt-2rgq/related_content","26","26","24.60","0","0.00","0.35"
"data.brla.gov","2025","/government/sales-tax-domicile/bqzt-2rgq/data_preview","http://data.brla.gov/government/sales-tax-domicile/bqzt-2rgq/data_preview","26","26","61.90","0","0.00","0.35"
"data.brla.gov","2025","/government/judicial-juvenile-court-section/9cxw-j2cu","http://data.brla.gov/government/judicial-juvenile-court-section/9cxw-j2cu","26","26","29.96","0","0.00","0.35"
"data.brla.gov","2025","/profile/5u4w-95mr","http://data.brla.gov/profile/5u4w-95mr","26","26","4.91","0","0.00","0.35"
"data.brla.gov","2025","/widgets/9g8x-h7ij","http://data.brla.gov/widgets/9g8x-h7ij","26","26","0.25","26","1.00","1.00"
"data.brla.gov","2025","/government/judicial-juvenile-court-section/qebx-d8aw/about_data","http://data.brla.gov/government/judicial-juvenile-court-section/qebx-d8aw/about_data","26","26","6.67","0","0.00","0.35"
"data.brla.gov","2025","/w/re5c-hrw9/default","http://data.brla.gov/w/re5c-hrw9/default","26","26","0.25","26","1.00","1.00"
"data.brla.gov","2025","/culture-and-recreation/ebrp-library-wifi-usage-stats/mtjw-7y57/revisions/37","http://data.brla.gov/culture-and-recreation/ebrp-library-wifi-usage-stats/mtjw-7y57/revisions/37","25","25","193.34","0","0.64","0.36"
"data.brla.gov","2025","/culture-and-recreation/cemetery/5f6n-rw2d/about_data","http://data.brla.gov/culture-and-recreation/cemetery/5f6n-rw2d/about_data","25","25","0.25","0","0.00","1.00"
"data.brla.gov","2025","/government/public-service-commission/metg-sudz/about_data","http://data.brla.gov/government/public-service-commission/metg-sudz/about_data","25","25","0.25","25","1.00","1.00"
"data.brla.gov","2025","/culture-and-recreation/cemetery/5f6n-rw2d","http://data.brla.gov/culture-and-recreation/cemetery/5f6n-rw2d","25","25","6.42","25","0.36","0.36"
"data.brla.gov","2025","/w/9478-pwaa/default","http://data.brla.gov/w/9478-pwaa/default","25","25","0.25","25","1.00","1.00"
"data.brla.gov","2025","/datasets/tax-parcel","http://data.brla.gov/datasets/tax-parcel","23","23","0.25","0","0.00","1.00"
"data.brla.gov","2025","/housing-and-development/small-area-plan/9yr4-5zjj/about_data","http://data.brla.gov/housing-and-development/small-area-plan/9yr4-5zjj/about_data","23","23","57.98","0","0.00","0.39"
"data.brla.gov","2025","/government/census-block/g2kq-69rg","http://data.brla.gov/government/census-block/g2kq-69rg","23","23","60.88","0","0.00","0.39"
"data.brla.gov","2025","/housing-and-development/small-area-plan/9yr4-5zjj","http://data.brla.gov/housing-and-development/small-area-plan/9yr4-5zjj","23","23","6.00","0","0.00","0.39"
"data.brla.gov","2025","/housing-and-development/quick-stop/69em-bbdm","http://data.brla.gov/housing-and-development/quick-stop/69em-bbdm","23","23","47.07","0","0.00","0.39"
"data.brla.gov","2025","/public-safety/legacy-baton-rouge-traffic-incidents-2021-2022-/sfeg-d9ip/data_preview","http://data.brla.gov/public-safety/legacy-baton-rouge-traffic-incidents-2021-2022-/sfeg-d9ip/data_preview","23","23","12.11","0","0.61","0.39"
"data.brla.gov","2025","/business-and-financial/business/nx5f-3fxd/data_preview","http://data.brla.gov/business-and-financial/business/nx5f-3fxd/data_preview","22","22","0.25","0","0.00","1.00"
"data.brla.gov","2025","/datasets/brla::property-info/about","http://data.brla.gov/datasets/brla::property-info/about","22","22","5.14","0","0.00","0.41"
"data.brla.gov","2025","/government/library/fepp-5qwa","http://data.brla.gov/government/library/fepp-5qwa","22","22","5.00","0","0.00","0.41"
"data.brla.gov","2025","/government/public-facility/4iz6-ptzm","http://data.brla.gov/government/public-facility/4iz6-ptzm","22","22","5.00","0","0.00","0.41"
"data.brla.gov","2025","/w/iga7-fb2n/default","http://data.brla.gov/w/iga7-fb2n/default","22","22","0.25","22","1.00","1.00"
"data.brla.gov","2025","/government/purchase-orders-and-contracts/2ung-w7t4/","http://data.brla.gov/government/purchase-orders-and-contracts/2ung-w7t4/","22","22","5.02","22","0.41","0.41"
"data.brla.gov","2025","/government/public-facility/4iz6-ptzm/about_data","http://data.brla.gov/government/public-facility/4iz6-ptzm/about_data","22","22","56.78","0","0.00","0.41"
"data.brla.gov","2025","/government/library/fepp-5qwa/about_data","http://data.brla.gov/government/library/fepp-5qwa/about_data","22","22","13.41","0","0.00","0.41"
"data.brla.gov","2025","/datasets/brla::property-info","http://data.brla.gov/datasets/brla::property-info","22","22","0.25","0","0.00","1.00"
"data.brla.gov","2025","/government/library/5i5s-5sq8","http://data.brla.gov/government/library/5i5s-5sq8","22","22","0.25","0","0.00","1.00"
"data.brla.gov","2025","/public-safety/hospital-facilities/yia7-ga6x","http://data.brla.gov/public-safety/hospital-facilities/yia7-ga6x","21","21","74.51","0","0.00","0.43"
"data.brla.gov","2025","/dataset/asset-inventory-public-view/ir77-bp8g/data_preview","http://data.brla.gov/dataset/asset-inventory-public-view/ir77-bp8g/data_preview","21","21","11.39","0","0.00","0.43"
"data.brla.gov","2025","/public-safety/brec-park-gun-free-zone/v5xc-iqaq","http://data.brla.gov/public-safety/brec-park-gun-free-zone/v5xc-iqaq","21","21","47.30","0","0.00","0.43"
"data.brla.gov","2025","/public-safety/health-screening-location/y4a5-ub7u","http://data.brla.gov/public-safety/health-screening-location/y4a5-ub7u","21","21","19.36","0","0.00","0.43"
"data.brla.gov","2025","/public-safety/medical-clinic/pua7-zm3t","http://data.brla.gov/public-safety/medical-clinic/pua7-zm3t","21","21","164.65","0","0.00","0.43"
"data.brla.gov","2025","/public-safety/health-care-business/jzfc-srxg","http://data.brla.gov/public-safety/health-care-business/jzfc-srxg","21","21","31.97","0","0.00","0.43"
"data.brla.gov","2025","/w/jrqt-zu77/default","http://data.brla.gov/w/jrqt-zu77/default","21","21","0.25","21","1.00","1.00"
"gisdata.brla.gov","2025","/datasets/ebrgis::tax-parcel/explore","http://gisdata.brla.gov/datasets/ebrgis::tax-parcel/explore","56,450","4,208","1.24","821","0.30","0.15"
"gisdata.brla.gov","2025","/datasets/ebrgis::zoning/explore","http://gisdata.brla.gov/datasets/ebrgis::zoning/explore","27,333","3,480","1.12","4,893","0.09","0.22"
"gisdata.brla.gov","2025","/maps/ebrgis::city-of-zachary/explore","http://gisdata.brla.gov/maps/ebrgis::city-of-zachary/explore","22,951","2,000","0.68","273","0.58","0.17"
"gisdata.brla.gov","2025","/search","http://gisdata.brla.gov/search","20,895","8,215","7.44","5,137","0.24","0.38"
"gisdata.brla.gov","2025","/maps/7ad949645e6844469fe1b641f407994f/explore","http://gisdata.brla.gov/maps/7ad949645e6844469fe1b641f407994f/explore","19,449","2,962","1.30","5,184","0.23","0.22"
"gisdata.brla.gov","2025","/datasets/ebrgis::wetland/explore","http://gisdata.brla.gov/datasets/ebrgis::wetland/explore","18,426","1,176","0.45","1,129","0.66","0.12"
"gisdata.brla.gov","2025","/datasets/ebrgis::floodplain-conveyance-zone/explore","http://gisdata.brla.gov/datasets/ebrgis::floodplain-conveyance-zone/explore","18,148","934","1.33","142","0.05","0.12"
"gisdata.brla.gov","2025","/maps/8b78ffa4be1243279981bd0e99dfa45b/explore","http://gisdata.brla.gov/maps/8b78ffa4be1243279981bd0e99dfa45b/explore","15,590","757","1.38","866","0.06","0.16"
"gisdata.brla.gov","2025","/datasets/28671adcd4934c718af6a58e41bacd15/explore","http://gisdata.brla.gov/datasets/28671adcd4934c718af6a58e41bacd15/explore","14,031","1,790","6.75","2,258","0.02","0.21"
"gisdata.brla.gov","2025","/datasets/ebrgis::tax-parcel/about","http://gisdata.brla.gov/datasets/ebrgis::tax-parcel/about","13,619","7,909","9.68","13,190","0.67","0.69"
"gisdata.brla.gov","2025","/datasets/ebrgis::parish-boundary/explore","http://gisdata.brla.gov/datasets/ebrgis::parish-boundary/explore","13,112","1,545","0.83","420","0.09","0.16"
"gisdata.brla.gov","2025","/datasets/ebrgis::fire-district/explore","http://gisdata.brla.gov/datasets/ebrgis::fire-district/explore","10,502","1,054","0.63","364","0.14","0.18"
"gisdata.brla.gov","2025","/apps/ebrgis::blighted-property-dashboard/explore","http://gisdata.brla.gov/apps/ebrgis::blighted-property-dashboard/explore","9,374","4,151","15.46","8,694","0.81","0.83"
"gisdata.brla.gov","2025","/datasets/05b1260dadcf4d09b05eecdca395b572_0/explore","http://gisdata.brla.gov/datasets/05b1260dadcf4d09b05eecdca395b572_0/explore","9,369","1,067","2.04","833","0.03","0.18"
"gisdata.brla.gov","2025","/datasets/ebrgis::economic-development-district/explore","http://gisdata.brla.gov/datasets/ebrgis::economic-development-district/explore","7,676","998","2.39","773","0.03","0.20"
"gisdata.brla.gov","2025","/datasets/ebrgis::tiger-trails-route/explore","http://gisdata.brla.gov/datasets/ebrgis::tiger-trails-route/explore","6,871","711","15.07","128","0.36","0.35"
"gisdata.brla.gov","2025","/datasets/ebrgis::speed-limit/explore","http://gisdata.brla.gov/datasets/ebrgis::speed-limit/explore","6,745","1,417","6.06","1,325","0.26","0.38"
"gisdata.brla.gov","2025","/datasets/ebrgis::city-limit/explore","http://gisdata.brla.gov/datasets/ebrgis::city-limit/explore","6,727","394","4.00","506","0.00","0.04"
"gisdata.brla.gov","2025","/datasets/ebrgis::utility-coverage-area/explore","http://gisdata.brla.gov/datasets/ebrgis::utility-coverage-area/explore","6,634","1,122","2.96","1,346","0.02","0.25"
"gisdata.brla.gov","2025","/apps/ebrgis::property/about","http://gisdata.brla.gov/apps/ebrgis::property/about","6,606","3,542","4.02","6,014","0.73","0.79"
"gisdata.brla.gov","2025","/datasets/ebrgis::saint-george-zoning/explore","http://gisdata.brla.gov/datasets/ebrgis::saint-george-zoning/explore","6,056","797","1.83","245","0.01","0.21"
"gisdata.brla.gov","2025","/maps/2cbf4e0c0cc94e988d0d30ac4f683905/explore","http://gisdata.brla.gov/maps/2cbf4e0c0cc94e988d0d30ac4f683905/explore","5,375","1,042","7.71","2,125","0.09","0.23"
"gisdata.brla.gov","2025","/maps/ebrgis::city-of-zachary/about","http://gisdata.brla.gov/maps/ebrgis::city-of-zachary/about","5,299","2,517","2.75","3,516","0.42","0.50"
"gisdata.brla.gov","2025","/maps/ebrgis::city-of-baker/explore","http://gisdata.brla.gov/maps/ebrgis::city-of-baker/explore","5,044","559","0.81","0","0.20","0.15"
"gisdata.brla.gov","2025","/","http://gisdata.brla.gov/","4,807","3,452","28.25","2,689","0.34","0.67"
"gisdata.brla.gov","2025","/datasets/ebrgis::crime-prevention-district/explore","http://gisdata.brla.gov/datasets/ebrgis::crime-prevention-district/explore","4,728","322","0.75","192","0.02","0.15"
"gisdata.brla.gov","2025","/datasets/saint-george-city-council-districts/explore","http://gisdata.brla.gov/datasets/saint-george-city-council-districts/explore","3,616","667","4.95","767","0.17","0.24"
"gisdata.brla.gov","2025","/datasets/db492fb3599a4544b278c32dedc9c263/explore","http://gisdata.brla.gov/datasets/db492fb3599a4544b278c32dedc9c263/explore","3,503","410","0.63","488","0.01","0.22"
"gisdata.brla.gov","2025","/datasets/ebrgis::parish-boundary/about","http://gisdata.brla.gov/datasets/ebrgis::parish-boundary/about","3,324","2,265","6.83","3,260","0.67","0.70"
"gisdata.brla.gov","2025","/datasets/census-1960/explore","http://gisdata.brla.gov/datasets/census-1960/explore","3,300","44","0.04","44","0.00","0.01"
"gisdata.brla.gov","2025","/datasets/ebrgis::wards-pre-1949/explore","http://gisdata.brla.gov/datasets/ebrgis::wards-pre-1949/explore","3,291","178","2.25","87","0.01","0.14"
"gisdata.brla.gov","2025","/datasets/economic-development-district/explore","http://gisdata.brla.gov/datasets/economic-development-district/explore","2,875","375","0.99","375","0.07","0.24"
"gisdata.brla.gov","2025","/maps/ebrgis::city-of-baker/about","http://gisdata.brla.gov/maps/ebrgis::city-of-baker/about","2,752","1,303","8.69","1,194","0.28","0.39"
"gisdata.brla.gov","2025","/apps/ebrgis::blighted-property-dashboard/about","http://gisdata.brla.gov/apps/ebrgis::blighted-property-dashboard/about","2,706","939","2.67","170","0.44","0.30"
"gisdata.brla.gov","2025","/datasets/ebrgis::zoning/about","http://gisdata.brla.gov/datasets/ebrgis::zoning/about","2,671","1,507","5.53","1,738","0.26","0.51"
"gisdata.brla.gov","2025","/datasets/cddf02d09e444e4299984a159e080527_0/explore","http://gisdata.brla.gov/datasets/cddf02d09e444e4299984a159e080527_0/explore","2,636","268","50.62","99","0.05","0.19"
"gisdata.brla.gov","2025","/datasets/ebrgis::catholic-church-parish/explore","http://gisdata.brla.gov/datasets/ebrgis::catholic-church-parish/explore","2,362","130","1.21","99","0.36","0.25"
"gisdata.brla.gov","2025","/datasets/ebrgis::19th-judicial-district-court-sections-1/explore","http://gisdata.brla.gov/datasets/ebrgis::19th-judicial-district-court-sections-1/explore","2,356","164","0.71","336","0.23","0.17"
"gisdata.brla.gov","2025","/datasets/ebrgis::floodplain-conveyance-zone/about","http://gisdata.brla.gov/datasets/ebrgis::floodplain-conveyance-zone/about","2,332","962","24.52","2,332","0.43","0.43"
"gisdata.brla.gov","2025","/maps/11738bbe15ce476980c7d23abb17cada/explore","http://gisdata.brla.gov/maps/11738bbe15ce476980c7d23abb17cada/explore","2,322","54","0.10","0","0.00","0.02"
"gisdata.brla.gov","2025","/datasets/ebrgis::street-address/explore","http://gisdata.brla.gov/datasets/ebrgis::street-address/explore","2,204","318","3.53","417","0.16","0.19"
"gisdata.brla.gov","2025","/datasets/ad917b372aaa40659685d0e277e26064_0/explore","http://gisdata.brla.gov/datasets/ad917b372aaa40659685d0e277e26064_0/explore","2,187","258","1.27","0","0.37","0.14"
"gisdata.brla.gov","2025","/datasets/ebrgis::tiger-trails-route/about","http://gisdata.brla.gov/datasets/ebrgis::tiger-trails-route/about","2,162","1,474","17.79","2,162","0.70","0.70"
"gisdata.brla.gov","2025","/datasets/ebrgis::watershed/explore","http://gisdata.brla.gov/datasets/ebrgis::watershed/explore","2,098","347","5.37","32","1.23","0.12"
"gisdata.brla.gov","2025","/datasets/130b670cc50744cebadee91ecf8d4dfd_0/explore","http://gisdata.brla.gov/datasets/130b670cc50744cebadee91ecf8d4dfd_0/explore","1,967","304","159.42","1","0.26","0.18"
"gisdata.brla.gov","2025","/datasets/ebrgis::fire-district/about","http://gisdata.brla.gov/datasets/ebrgis::fire-district/about","1,911","1,220","13.20","1,884","0.43","0.44"
"gisdata.brla.gov","2025","/datasets/ebrgis::subdivision/explore","http://gisdata.brla.gov/datasets/ebrgis::subdivision/explore","1,878","206","0.93","142","0.19","0.22"
"gisdata.brla.gov","2025","/datasets/50614b20970441358f38f5fa3667d28b_0/explore","http://gisdata.brla.gov/datasets/50614b20970441358f38f5fa3667d28b_0/explore","1,855","276","1.33","0","0.29","0.21"
"gisdata.brla.gov","2025","/datasets/ebrgis::wetland/about","http://gisdata.brla.gov/datasets/ebrgis::wetland/about","1,684","769","4.06","1,399","0.82","0.82"
"gisdata.brla.gov","2025","/datasets/d4022371449c4b6fa56213a2f32bcc75_0/explore","http://gisdata.brla.gov/datasets/d4022371449c4b6fa56213a2f32bcc75_0/explore","1,584","182","1.56","0","0.00","0.09"
"gisdata.brla.gov","2025","/datasets/ebrgis::annexation-history/explore","http://gisdata.brla.gov/datasets/ebrgis::annexation-history/explore","1,565","136","0.67","108","0.60","0.14"
"gisdata.brla.gov","2025","/datasets/mobile-home-park/explore","http://gisdata.brla.gov/datasets/mobile-home-park/explore","1,563","578","3.52","578","0.24","0.45"
"gisdata.brla.gov","2025","/maps/ebrgis::adjudicated-property/explore","http://gisdata.brla.gov/maps/ebrgis::adjudicated-property/explore","1,556","137","3.07","0","0.00","0.32"
"gisdata.brla.gov","2025","/datasets/ebrgis::low-income-block-group/explore","http://gisdata.brla.gov/datasets/ebrgis::low-income-block-group/explore","1,512","168","0.87","0","0.64","0.00"
"gisdata.brla.gov","2025","/maps/ebrgis::economic-development-web-map/explore","http://gisdata.brla.gov/maps/ebrgis::economic-development-web-map/explore","1,435","300","4.24","73","0.04","0.26"
"gisdata.brla.gov","2025","/datasets/ebrgis::economic-development-district/about","http://gisdata.brla.gov/datasets/ebrgis::economic-development-district/about","1,424","856","3.90","1,056","0.38","0.39"
"gisdata.brla.gov","2025","/maps/b5bf83ce52794dc8bcf4126678b8a42c/explore","http://gisdata.brla.gov/maps/b5bf83ce52794dc8bcf4126678b8a42c/explore","1,354","152","0.75","192","0.14","0.18"
"gisdata.brla.gov","2025","/datasets/b961ea0510d04a2b86fa0ca55a79e8a7_0/explore","http://gisdata.brla.gov/datasets/b961ea0510d04a2b86fa0ca55a79e8a7_0/explore","1,336","247","4.17","0","0.04","0.11"
"gisdata.brla.gov","2025","/datasets/d8c1c2738e52492fb3345868f0cefaf0_0/explore","http://gisdata.brla.gov/datasets/d8c1c2738e52492fb3345868f0cefaf0_0/explore","1,328","189","0.53","0","0.00","0.11"
"gisdata.brla.gov","2025","/datasets/ebrgis::interstate-exit/explore","http://gisdata.brla.gov/datasets/ebrgis::interstate-exit/explore","1,307","316","2.87","574","0.34","0.50"
"gisdata.brla.gov","2025","/datasets/ebrgis::lot/explore","http://gisdata.brla.gov/datasets/ebrgis::lot/explore","1,272","100","0.86","0","0.00","0.15"
"gisdata.brla.gov","2025","/maps/ebrgis::speed-limit/about","http://gisdata.brla.gov/maps/ebrgis::speed-limit/about","1,249","1,080","0.66","1,249","1.00","1.00"
"gisdata.brla.gov","2025","/datasets/1fae3843bbc2488dbe53f612fe35ade8_0/explore","http://gisdata.brla.gov/datasets/1fae3843bbc2488dbe53f612fe35ade8_0/explore","1,240","160","0.76","0","0.72","0.00"
"gisdata.brla.gov","2025","/maps/ebrgis::traffic-resources-1/explore","http://gisdata.brla.gov/maps/ebrgis::traffic-resources-1/explore","1,171","157","0.54","0","0.07","0.67"
"gisdata.brla.gov","2025","/datasets/ebrgis::census-2020/explore","http://gisdata.brla.gov/datasets/ebrgis::census-2020/explore","1,145","201","1.56","0","0.96","0.13"
"gisdata.brla.gov","2025","/datasets/ebrgis::tax-increment-financing-district/explore","http://gisdata.brla.gov/datasets/ebrgis::tax-increment-financing-district/explore","1,133","201","0.88","112","0.19","0.23"
"gisdata.brla.gov","2025","/datasets/ba4386ed16a844d690702d6af2774dbe_0/explore","http://gisdata.brla.gov/datasets/ba4386ed16a844d690702d6af2774dbe_0/explore","1,129","169","1.19","113","0.00","0.15"
"gisdata.brla.gov","2025","/maps/ebrgis::adjudicated-property/about","http://gisdata.brla.gov/maps/ebrgis::adjudicated-property/about","1,020","267","0.54","690","0.28","0.33"
"gisdata.brla.gov","2025","/maps/ebrgis::subject-property/explore","http://gisdata.brla.gov/maps/ebrgis::subject-property/explore","1,019","85","1.23","0","0.10","0.14"
"gisdata.brla.gov","2025","/maps/95c76896b67a423ead32cc2bb997067e/explore","http://gisdata.brla.gov/maps/95c76896b67a423ead32cc2bb997067e/explore","992","32","0.35","0","0.00","0.28"
"gisdata.brla.gov","2025","/datasets/ebrgis::census-2020/about","http://gisdata.brla.gov/datasets/ebrgis::census-2020/about","951","383","9.30","951","0.95","0.95"
"gisdata.brla.gov","2025","/datasets/ebrgis::watershed/about","http://gisdata.brla.gov/datasets/ebrgis::watershed/about","928","457","9.22","928","0.94","0.94"
"gisdata.brla.gov","2025","/datasets/ebrgis::bus-stop/explore","http://gisdata.brla.gov/datasets/ebrgis::bus-stop/explore","896","112","3.20","0","0.00","0.14"
"gisdata.brla.gov","2025","/maps/db1478bb0f744fd58d400e33385bd1a4/explore","http://gisdata.brla.gov/maps/db1478bb0f744fd58d400e33385bd1a4/explore","823","167","1.13","0","0.18","0.28"
"gisdata.brla.gov","2025","/datasets/ebrgis::mobile-home-park/explore","http://gisdata.brla.gov/datasets/ebrgis::mobile-home-park/explore","821","161","0.93","249","0.15","0.33"
"gisdata.brla.gov","2025","/maps/5d5a0c66059e46faaedebf899edaafeb/explore","http://gisdata.brla.gov/maps/5d5a0c66059e46faaedebf899edaafeb/explore","791","75","0.82","0","0.00","0.21"
"gisdata.brla.gov","2025","/apps/ebrgis::planning-and-land-development-1/explore","http://gisdata.brla.gov/apps/ebrgis::planning-and-land-development-1/explore","791","395","41.95","791","0.87","0.87"
"gisdata.brla.gov","2025","/datasets/05b1260dadcf4d09b05eecdca395b572/explore","http://gisdata.brla.gov/datasets/05b1260dadcf4d09b05eecdca395b572/explore","790","214","3.14","214","0.02","0.36"
"gisdata.brla.gov","2025","/datasets/saint-george-zoning/about","http://gisdata.brla.gov/datasets/saint-george-zoning/about","759","645","5.71","759","0.12","0.12"
"gisdata.brla.gov","2025","/datasets/ebrgis::saint-george-city-council-districts/explore","http://gisdata.brla.gov/datasets/ebrgis::saint-george-city-council-districts/explore","713","31","0.28","0","0.00","0.32"
"gisdata.brla.gov","2025","/datasets/ebrgis::annexation-history/about","http://gisdata.brla.gov/datasets/ebrgis::annexation-history/about","676","398","34.15","676","1.00","1.00"
"gisdata.brla.gov","2025","/datasets/ebrgis::low-income-block-group/about","http://gisdata.brla.gov/datasets/ebrgis::low-income-block-group/about","672","168","9.21","728","0.58","0.58"
"gisdata.brla.gov","2025","/datasets/ebrgis::flood-hazard-area/explore","http://gisdata.brla.gov/datasets/ebrgis::flood-hazard-area/explore","648","54","0.38","54","0.00","0.08"
"gisdata.brla.gov","2025","/datasets/c2b6e6da8efd4dceafbf6d19114fd799_0/explore","http://gisdata.brla.gov/datasets/c2b6e6da8efd4dceafbf6d19114fd799_0/explore","639","189","2.08","189","0.07","0.39"
"gisdata.brla.gov","2025","/datasets/ebrgis::saint-george-zoning/about","http://gisdata.brla.gov/datasets/ebrgis::saint-george-zoning/about","578","123","3.89","0","0.00","0.46"
"gisdata.brla.gov","2025","/maps/2e03423a9d614da19b18472a9e0c5f79/explore","http://gisdata.brla.gov/maps/2e03423a9d614da19b18472a9e0c5f79/explore","569","91","6.90","0","1.24","0.00"
"gisdata.brla.gov","2025","/datasets/tax-increment-financing-district/about","http://gisdata.brla.gov/datasets/tax-increment-financing-district/about","563","304","6.28","563","0.55","0.55"
"gisdata.brla.gov","2025","/datasets/spanish-town-survey/explore","http://gisdata.brla.gov/datasets/spanish-town-survey/explore","559","67","3.90","102","0.05","0.35"
"gisdata.brla.gov","2025","/datasets/46564a99fa304978a36b97c285035603_0/explore","http://gisdata.brla.gov/datasets/46564a99fa304978a36b97c285035603_0/explore","559","43","0.38","0","0.00","0.15"
"gisdata.brla.gov","2025","/datasets/ebrgis::usps-vacancy/explore","http://gisdata.brla.gov/datasets/ebrgis::usps-vacancy/explore","525","152","3.33","139","0.17","0.38"
"gisdata.brla.gov","2025","/maps/ebrgis::traffic-resources-1/about","http://gisdata.brla.gov/maps/ebrgis::traffic-resources-1/about","518","329","4.10","348","0.48","0.63"
"gisdata.brla.gov","2025","/datasets/benchmark/about","http://gisdata.brla.gov/datasets/benchmark/about","509","509","6.33","509","0.21","0.21"
"gisdata.brla.gov","2025","/maps/ebrgis::subject-property/about","http://gisdata.brla.gov/maps/ebrgis::subject-property/about","507","190","2.30","105","0.33","0.25"
"gisdata.brla.gov","2025","/apps/2574a55d43b14ea69985cfe5059ac077/explore","http://gisdata.brla.gov/apps/2574a55d43b14ea69985cfe5059ac077/explore","502","251","61.32","0","0.03","0.59"
"gisdata.brla.gov","2025","/datasets/ebrgis::speed-limit/about","http://gisdata.brla.gov/datasets/ebrgis::speed-limit/about","499","387","54.69","413","0.74","0.92"
"gisdata.brla.gov","2025","/maps/ebrgis::census-low-moderate-income/about","http://gisdata.brla.gov/maps/ebrgis::census-low-moderate-income/about","498","166","6.59","218","0.43","0.71"
"gisdata.brla.gov","2025","/apps/7a5c1637454242d3a2fc4af93281cb5c/about","http://gisdata.brla.gov/apps/7a5c1637454242d3a2fc4af93281cb5c/about","482","241","61.13","0","0.08","0.44"
"gisdata.brla.gov","2025","/maps/ff11eb5b930b4fabba15c47feb130de4/explore","http://gisdata.brla.gov/maps/ff11eb5b930b4fabba15c47feb130de4/explore","476","110","2.07","0","0.64","0.12"
"gisdata.brla.gov","2025","/datasets/ebrgis::mosquito-spray-zone/explore","http://gisdata.brla.gov/datasets/ebrgis::mosquito-spray-zone/explore","473","43","0.81","0","1.45","0.00"
"gisdata.brla.gov","2025","/apps/ebrgis::official-subdivision-list/about","http://gisdata.brla.gov/apps/ebrgis::official-subdivision-list/about","472","205","1.93","472","0.55","0.55"
"gisdata.brla.gov","2025","/datasets/db492fb3599a4544b278c32dedc9c263_0/explore","http://gisdata.brla.gov/datasets/db492fb3599a4544b278c32dedc9c263_0/explore","469","64","0.41","0","0.00","0.19"
"gisdata.brla.gov","2025","/datasets/ebrgis::lot/about","http://gisdata.brla.gov/datasets/ebrgis::lot/about","452","126","1.38","0","0.00","0.40"
"gisdata.brla.gov","2025","/apps/ebrgis::official-street-name-list/about","http://gisdata.brla.gov/apps/ebrgis::official-street-name-list/about","452","113","2.53","452","1.00","1.00"
"gisdata.brla.gov","2025","/datasets/ebrgis::business/explore","http://gisdata.brla.gov/datasets/ebrgis::business/explore","450","25","0.36","0","0.00","0.36"
"gisdata.brla.gov","2025","/maps/0114c186dd50441eba81765522752e0a/explore","http://gisdata.brla.gov/maps/0114c186dd50441eba81765522752e0a/explore","444","200","1.40","254","0.39","0.50"
"gisdata.brla.gov","2025","/datasets/tax-increment-financing-district/explore","http://gisdata.brla.gov/datasets/tax-increment-financing-district/explore","426","101","1.66","56","0.00","0.10"
"gisdata.brla.gov","2025","/apps/baaf791b7b434928b055c1f4ca8ae61f/explore","http://gisdata.brla.gov/apps/baaf791b7b434928b055c1f4ca8ae61f/explore","414","213","10.12","56","0.42","0.50"
"gisdata.brla.gov","2025","/datasets/bb1470d97313407989649f4034b0c2e7_0/explore","http://gisdata.brla.gov/datasets/bb1470d97313407989649f4034b0c2e7_0/explore","396","36","0.60","0","0.00","0.25"
"gisdata.brla.gov","2025","/apps/ebrgis::property-ownership-map/explore","http://gisdata.brla.gov/apps/ebrgis::property-ownership-map/explore","393","150","53.57","293","0.70","0.90"
"gisdata.brla.gov","2025","/apps/82b225039dd1481693efc1f2944442f0/about","http://gisdata.brla.gov/apps/82b225039dd1481693efc1f2944442f0/about","392","110","1.19","0","0.00","0.89"
"gisdata.brla.gov","2025","/datasets/pontchartrain-levee-district/about","http://gisdata.brla.gov/datasets/pontchartrain-levee-district/about","389","192","5.46","389","0.89","0.89"
"gisdata.brla.gov","2025","/maps/ebrgis::census-low-moderate-income/explore","http://gisdata.brla.gov/maps/ebrgis::census-low-moderate-income/explore","388","110","2.04","0","0.46","0.00"
"gisdata.brla.gov","2025","/maps/ef927acb261c48c3bbef735602b9f5dc/explore","http://gisdata.brla.gov/maps/ef927acb261c48c3bbef735602b9f5dc/explore","386","81","0.87","106","0.31","0.42"
"gisdata.brla.gov","2025","/datasets/1589fd9b229f4f57b9e28651d9e323d3_0/explore","http://gisdata.brla.gov/datasets/1589fd9b229f4f57b9e28651d9e323d3_0/explore","352","44","0.66","0","0.00","0.24"
"gisdata.brla.gov","2025","/datasets/ebrgis::city-limit/about","http://gisdata.brla.gov/datasets/ebrgis::city-limit/about","344","114","1.75","0","0.55","0.45"
"gisdata.brla.gov","2025","/datasets/justice-of-the-peace-district/about","http://gisdata.brla.gov/datasets/justice-of-the-peace-district/about","336","224","4.11","168","0.35","0.84"
"gisdata.brla.gov","2025","/datasets/a1191c6a65b44ce1a7fcd28272858508_0/explore","http://gisdata.brla.gov/datasets/a1191c6a65b44ce1a7fcd28272858508_0/explore","336","56","19.17","0","0.00","0.00"
"gisdata.brla.gov","2025","/datasets/68b1cf300844486dac4a8899641fc072_0/explore","http://gisdata.brla.gov/datasets/68b1cf300844486dac4a8899641fc072_0/explore","336","56","23.07","0","0.00","0.17"
"gisdata.brla.gov","2025","/datasets/ebrgis::crime-prevention-district/about","http://gisdata.brla.gov/datasets/ebrgis::crime-prevention-district/about","326","274","7.43","326","0.25","0.25"
"gisdata.brla.gov","2025","/maps/8abd700b76df4732b339811962274868/explore","http://gisdata.brla.gov/maps/8abd700b76df4732b339811962274868/explore","319","149","0.84","0","0.00","0.44"
"gisdata.brla.gov","2025","/apps/822fdc16e55e4410b5ee200a5a4a184c/explore","http://gisdata.brla.gov/apps/822fdc16e55e4410b5ee200a5a4a184c/explore","304","94","2.29","0","0.00","0.13"
"gisdata.brla.gov","2025","/datasets/ebrgis::cond-2-3-25/explore","http://gisdata.brla.gov/datasets/ebrgis::cond-2-3-25/explore","280","56","9.32","56","0.00","0.00"
"gisdata.brla.gov","2025","/datasets/a08a6dc476014bca8b2b6efd60640506_0/explore","http://gisdata.brla.gov/datasets/a08a6dc476014bca8b2b6efd60640506_0/explore","280","56","1.94","0","0.00","0.00"
"gisdata.brla.gov","2025","/datasets/ebrgis::pontchartrain-levee-district/explore","http://gisdata.brla.gov/datasets/ebrgis::pontchartrain-levee-district/explore","280","83","1.15","0","1.02","0.26"
"gisdata.brla.gov","2025","/datasets/ebrgis::lot-profile/about","http://gisdata.brla.gov/datasets/ebrgis::lot-profile/about","276","110","3.64","0","0.53","0.00"
"gisdata.brla.gov","2025","/datasets/ebrgis::baton-rouge-traffic-crash-incidents/explore","http://gisdata.brla.gov/datasets/ebrgis::baton-rouge-traffic-crash-incidents/explore","274","98","1.08","98","0.41","0.61"
"gisdata.brla.gov","2025","/datasets/ebrgis::subject-property-points/explore","http://gisdata.brla.gov/datasets/ebrgis::subject-property-points/explore","264","44","0.76","44","0.00","0.17"
"gisdata.brla.gov","2025","/maps/6ce3251d63854d4290548992aa1a3a6d/about","http://gisdata.brla.gov/maps/6ce3251d63854d4290548992aa1a3a6d/about","256","157","6.89","144","0.49","0.49"
"gisdata.brla.gov","2025","/maps/ebrgis::city-of-saint-george-1/explore","http://gisdata.brla.gov/maps/ebrgis::city-of-saint-george-1/explore","254","159","2.51","159","0.23","0.63"
"gisdata.brla.gov","2025","/datasets/46cba9d6e923429897c574e9dd9420d4_0/explore","http://gisdata.brla.gov/datasets/46cba9d6e923429897c574e9dd9420d4_0/explore","252","36","0.81","0","0.00","0.25"
"gisdata.brla.gov","2025","/datasets/ebrgis::mosquito-spray-zone/about","http://gisdata.brla.gov/datasets/ebrgis::mosquito-spray-zone/about","246","74","0.64","246","1.00","1.00"
"gisdata.brla.gov","2025","/datasets/ebrgis::19th-judicial-district-court-sections-1/about","http://gisdata.brla.gov/datasets/ebrgis::19th-judicial-district-court-sections-1/about","237","131","9.59","149","0.46","0.48"
"gisdata.brla.gov","2025","/maps/ff11eb5b930b4fabba15c47feb130de4/about","http://gisdata.brla.gov/maps/ff11eb5b930b4fabba15c47feb130de4/about","234","78","1.70","234","0.96","0.96"
"gisdata.brla.gov","2025","/maps/bb389c32358a4364bb647fc2d744284c/about","http://gisdata.brla.gov/maps/bb389c32358a4364bb647fc2d744284c/about","228","57","8.34","228","1.00","1.00"
"gisdata.brla.gov","2025","/datasets/28671adcd4934c718af6a58e41bacd15_0/about","http://gisdata.brla.gov/datasets/28671adcd4934c718af6a58e41bacd15_0/about","228","114","14.16","0","0.00","0.00"
"gisdata.brla.gov","2025","/datasets/pud-cases/explore","http://gisdata.brla.gov/datasets/pud-cases/explore","228","57","4.80","57","0.00","0.00"
"gisdata.brla.gov","2025","/maps/ebrgis::economic-development-web-map/about","http://gisdata.brla.gov/maps/ebrgis::economic-development-web-map/about","228","114","1.03","0","0.00","0.49"
"gisdata.brla.gov","2025","/datasets/b82bbb38cd7d48c6950fe5bc2029944f_0/explore","http://gisdata.brla.gov/datasets/b82bbb38cd7d48c6950fe5bc2029944f_0/explore","227","95","7.57","0","0.61","0.20"
"gisdata.brla.gov","2025","/apps/c1abdc23b116441da00c2a4a5adf24ad/explore","http://gisdata.brla.gov/apps/c1abdc23b116441da00c2a4a5adf24ad/explore","226","89","17.81","0","0.00","0.16"
"gisdata.brla.gov","2025","/datasets/ebrgis::street-address/about","http://gisdata.brla.gov/datasets/ebrgis::street-address/about","224","56","46.64","0","0.00","0.00"
"gisdata.brla.gov","2025","/maps/3799fb2fef4b48a9a5d8c097371accf0/explore","http://gisdata.brla.gov/maps/3799fb2fef4b48a9a5d8c097371accf0/explore","224","56","3.80","112","0.00","0.00"
"gisdata.brla.gov","2025","/datasets/ebrgis::census-1970/about","http://gisdata.brla.gov/datasets/ebrgis::census-1970/about","215","101","0.54","44","0.37","1.00"
"gisdata.brla.gov","2025","/datasets/economic-development-zone/api","http://gisdata.brla.gov/datasets/economic-development-zone/api","210","157","39.97","210","0.75","0.75"
"gisdata.brla.gov","2025","/datasets/ebrgis::catholic-church-parish/about","http://gisdata.brla.gov/datasets/ebrgis::catholic-church-parish/about","205","143","0.26","205","0.97","0.97"
"gisdata.brla.gov","2025","/datasets/ebrgis::existing-land-use/explore","http://gisdata.brla.gov/datasets/ebrgis::existing-land-use/explore","200","25","0.47","0","0.00","0.36"
"gisdata.brla.gov","2025","/datasets/ebrgis::business/about","http://gisdata.brla.gov/datasets/ebrgis::business/about","200","25","0.31","0","0.00","0.36"
"gisdata.brla.gov","2025","/datasets/ebrgis::mobile-home-park/about","http://gisdata.brla.gov/datasets/ebrgis::mobile-home-park/about","194","150","0.87","0","0.00","0.74"
"gisdata.brla.gov","2025","/apps/ebrgis::transportation-2/about","http://gisdata.brla.gov/apps/ebrgis::transportation-2/about","188","94","1.88","0","0.00","0.34"
"gisdata.brla.gov","2025","/datasets/ebrgis::subdivision/about","http://gisdata.brla.gov/datasets/ebrgis::subdivision/about","187","122","4.11","187","0.55","0.55"
"gisdata.brla.gov","2025","/apps/ebrgis::property-ownership-map/about","http://gisdata.brla.gov/apps/ebrgis::property-ownership-map/about","182","91","2.71","0","0.00","0.15"
"gisdata.brla.gov","2025","/datasets/ebrgis::sheriff-sector/about","http://gisdata.brla.gov/datasets/ebrgis::sheriff-sector/about","176","88","2.90","176","1.00","1.00"
"gisdata.brla.gov","2025","/datasets/ebrgis::sheriff-sector/explore","http://gisdata.brla.gov/datasets/ebrgis::sheriff-sector/explore","176","44","0.88","0","0.99","0.20"
"gisdata.brla.gov","2025","/datasets/7d1e55573f844074bac9d043ef66e7c2_0/explore","http://gisdata.brla.gov/datasets/7d1e55573f844074bac9d043ef66e7c2_0/explore","175","25","1.02","0","0.00","0.36"
"gisdata.brla.gov","2025","/datasets/ebrgis::sales-tax-domicile-1/explore","http://gisdata.brla.gov/datasets/ebrgis::sales-tax-domicile-1/explore","171","57","1.83","0","0.00","0.00"
"gisdata.brla.gov","2025","/datasets/ebrgis::census-1970/explore","http://gisdata.brla.gov/datasets/ebrgis::census-1970/explore","171","57","1.00","0","0.00","0.00"
"gisdata.brla.gov","2025","/maps/0114c186dd50441eba81765522752e0a/about","http://gisdata.brla.gov/maps/0114c186dd50441eba81765522752e0a/about","170","170","20.11","170","0.00","0.00"
"gisdata.brla.gov","2025","/maps/b7af8df506364d9d831ba6fb8de39952/explore","http://gisdata.brla.gov/maps/b7af8df506364d9d831ba6fb8de39952/explore","168","56","6.76","0","0.00","0.00"
"gisdata.brla.gov","2025","/datasets/46cba9d6e923429897c574e9dd9420d4_0/about","http://gisdata.brla.gov/datasets/46cba9d6e923429897c574e9dd9420d4_0/about","168","56","198.95","168","1.00","1.00"
"gisdata.brla.gov","2025","/datasets/traffic-camera/explore","http://gisdata.brla.gov/datasets/traffic-camera/explore","168","56","11.01","56","0.00","0.33"
"gisdata.brla.gov","2025","/maps/ebrgis::wetland/about","http://gisdata.brla.gov/maps/ebrgis::wetland/about","167","71","2.89","167","1.00","1.00"
"gisdata.brla.gov","2025","/datasets/speed-limit/about","http://gisdata.brla.gov/datasets/speed-limit/about","161","161","4.24","161","0.23","0.23"
"gisdata.brla.gov","2025","/datasets/120de45bc2ee4ffc88c4709e1feeb624_0/explore","http://gisdata.brla.gov/datasets/120de45bc2ee4ffc88c4709e1feeb624_0/explore","160","32","0.86","0","0.00","0.28"
"gisdata.brla.gov","2025","/datasets/db492fb3599a4544b278c32dedc9c263_0/about","http://gisdata.brla.gov/datasets/db492fb3599a4544b278c32dedc9c263_0/about","137","87","4.24","137","0.15","0.15"
"gisdata.brla.gov","2025","/datasets/ebrgis::usps-vacancy/about","http://gisdata.brla.gov/datasets/ebrgis::usps-vacancy/about","137","81","126.45","25","0.31","0.31"
"gisdata.brla.gov","2025","/datasets/59b6d21a413e472dacd603c2acfe6621_0/about","http://gisdata.brla.gov/datasets/59b6d21a413e472dacd603c2acfe6621_0/about","129","129","1.11","129","0.80","0.80"
"gisdata.brla.gov","2025","/datasets/ebrgis::baton-rouge-traffic-crash-incidents-1/about","http://gisdata.brla.gov/datasets/ebrgis::baton-rouge-traffic-crash-incidents-1/about","128","32","0.24","0","0.00","0.28"
"gisdata.brla.gov","2025","/datasets/ebrgis::saint-george-city-council-districts/about","http://gisdata.brla.gov/datasets/ebrgis::saint-george-city-council-districts/about","124","31","7.66","0","0.00","0.22"
"gisdata.brla.gov","2025","/datasets/6730b81eba674ecf904b972e65ee6ea1_0/explore","http://gisdata.brla.gov/datasets/6730b81eba674ecf904b972e65ee6ea1_0/explore","116","58","1.32","0","0.00","1.00"
"gisdata.brla.gov","2025","/datasets/ebrgis::animal-control-center/explore","http://gisdata.brla.gov/datasets/ebrgis::animal-control-center/explore","116","58","30.50","116","0.00","0.00"
"gisdata.brla.gov","2025","/maps/fcbbac9a67dd467ca6566f22d3f4f3d1/about","http://gisdata.brla.gov/maps/fcbbac9a67dd467ca6566f22d3f4f3d1/about","114","57","3.55","0","0.00","0.00"
"gisdata.brla.gov","2025","/datasets/street-crosswalk/about","http://gisdata.brla.gov/datasets/street-crosswalk/about","114","57","2.63","114","1.00","1.00"
"gisdata.brla.gov","2025","/apps/ebrgis::dataset-of-datasets/about","http://gisdata.brla.gov/apps/ebrgis::dataset-of-datasets/about","114","57","1.31","114","1.00","1.00"
"gisdata.brla.gov","2025","/datasets/a2cb406b9b064a4fbcb04087136d44ae_0/explore","http://gisdata.brla.gov/datasets/a2cb406b9b064a4fbcb04087136d44ae_0/explore","114","57","1.03","0","0.00","1.00"
"gisdata.brla.gov","2025","/datasets/6f4a9316e844422a9c99ccccfb6afd9b_0/explore","http://gisdata.brla.gov/datasets/6f4a9316e844422a9c99ccccfb6afd9b_0/explore","112","56","1.31","0","0.00","1.00"
"gisdata.brla.gov","2025","/datasets/7dc96f12ddda4cdfa905d3767eaaebb5_0/explore","http://gisdata.brla.gov/datasets/7dc96f12ddda4cdfa905d3767eaaebb5_0/explore","112","56","6.34","0","0.00","0.00"
"gisdata.brla.gov","2025","/datasets/city-limit/api","http://gisdata.brla.gov/datasets/city-limit/api","112","112","0.25","56","0.50","1.00"
"gisdata.brla.gov","2025","/datasets/fault-line/api","http://gisdata.brla.gov/datasets/fault-line/api","112","112","0.25","112","1.00","1.00"
"gisdata.brla.gov","2025","/datasets/crime-prevention-district/about","http://gisdata.brla.gov/datasets/crime-prevention-district/about","112","112","0.25","112","1.00","1.00"
"gisdata.brla.gov","2025","/datasets/74656793ebfa4ea099e559465f894507_0/explore","http://gisdata.brla.gov/datasets/74656793ebfa4ea099e559465f894507_0/explore","112","56","0.97","0","0.00","1.00"
"gisdata.brla.gov","2025","/datasets/7c8208b0cd6e430c9ba119199e4858da_0/explore","http://gisdata.brla.gov/datasets/7c8208b0cd6e430c9ba119199e4858da_0/explore","112","56","4.75","0","0.00","0.00"
"gisdata.brla.gov","2025","/datasets/ebrgis::movebr-proposed-road-projects/explore","http://gisdata.brla.gov/datasets/ebrgis::movebr-proposed-road-projects/explore","112","56","1.30","112","1.00","1.00"
"gisdata.brla.gov","2025","/datasets/ebrgis::grocery/about","http://gisdata.brla.gov/datasets/ebrgis::grocery/about","112","56","1.31","0","0.00","1.00"
"gisdata.brla.gov","2025","/datasets/economic-development-district/about","http://gisdata.brla.gov/datasets/economic-development-district/about","112","112","2.59","112","0.50","0.50"
"gisdata.brla.gov","2025","/datasets/ebrgis::justice-of-the-peace-district/explore","http://gisdata.brla.gov/datasets/ebrgis::justice-of-the-peace-district/explore","112","56","3.51","0","0.00","0.00"
"gisdata.brla.gov","2025","/maps/ebrgis::overlay-district/about","http://gisdata.brla.gov/maps/ebrgis::overlay-district/about","112","56","0.41","0","0.00","0.00"
"gisdata.brla.gov","2025","/datasets/c2f604e42dd04698b6441937bdd7f74a_0/explore","http://gisdata.brla.gov/datasets/c2f604e42dd04698b6441937bdd7f74a_0/explore","110","55","30.02","0","0.00","0.00"
"gisdata.brla.gov","2025","/apps/ebrgis::planning-and-land-development-1/about","http://gisdata.brla.gov/apps/ebrgis::planning-and-land-development-1/about","108","54","2.26","0","0.00","0.00"
"gisdata.brla.gov","2025","/maps/ebrgis::building-footprint/about","http://gisdata.brla.gov/maps/ebrgis::building-footprint/about","108","36","90.69","0","0.00","0.25"
"gisdata.brla.gov","2025","/datasets/ebrgis::downtown-development-district/explore","http://gisdata.brla.gov/datasets/ebrgis::downtown-development-district/explore","104","26","0.74","52","0.17","0.51"
"gisdata.brla.gov","2025","/datasets/0584ee1dabe34d72a9fac576f65eff5d_0/explore","http://gisdata.brla.gov/datasets/0584ee1dabe34d72a9fac576f65eff5d_0/explore","100","25","1.45","0","0.00","0.36"
"gisdata.brla.gov","2025","/datasets/ebrgis::existing-land-use/about","http://gisdata.brla.gov/datasets/ebrgis::existing-land-use/about","100","25","1.06","0","0.00","1.00"
"gisdata.brla.gov","2025","/documents/7be36476305848dd8b233543ef9aa664/explore","http://gisdata.brla.gov/documents/7be36476305848dd8b233543ef9aa664/explore","96","48","1.31","96","1.00","1.00"
"gisdata.brla.gov","2025","/datasets/mobile-home-park/api","http://gisdata.brla.gov/datasets/mobile-home-park/api","96","48","78.84","96","0.00","0.00"
"gisdata.brla.gov","2025","/maps/ebrgis::watershed/about","http://gisdata.brla.gov/maps/ebrgis::watershed/about","94","47","0.62","94","1.00","1.00"
"gisdata.brla.gov","2025","/datasets/9c35c1c45b234a20b400b10b39287a8b_0/about","http://gisdata.brla.gov/datasets/9c35c1c45b234a20b400b10b39287a8b_0/about","90","90","0.25","90","1.00","1.00"
"gisdata.brla.gov","2025","/signin","http://gisdata.brla.gov/signin","89","89","9.26","57","0.69","0.83"
"gisdata.brla.gov","2025","/datasets/d3394a1f7a4e41bd9c5f9f161f83449b_0/explore","http://gisdata.brla.gov/datasets/d3394a1f7a4e41bd9c5f9f161f83449b_0/explore","88","44","8.30","0","0.00","0.07"
"gisdata.brla.gov","2025","/datasets/4a4285b95da44753adddd99e4e23edaa_0/explore","http://gisdata.brla.gov/datasets/4a4285b95da44753adddd99e4e23edaa_0/explore","86","43","3.01","0","0.00","0.00"
"gisdata.brla.gov","2025","/datasets/ebrgis::fema-firm-panel/explore","http://gisdata.brla.gov/datasets/ebrgis::fema-firm-panel/explore","84","42","0.66","0","0.00","1.00"
"gisdata.brla.gov","2025","/apps/8542154fb54746e0a1a326e5b89b759a/explore","http://gisdata.brla.gov/apps/8542154fb54746e0a1a326e5b89b759a/explore","84","42","1.30","0","0.00","1.00"
"gisdata.brla.gov","2025","/datasets/095a5b5b41854d16bcc38d4b315e0616_0/explore","http://gisdata.brla.gov/datasets/095a5b5b41854d16bcc38d4b315e0616_0/explore","84","21","40.63","0","0.57","0.43"
"gisdata.brla.gov","2025","/datasets/interstate-exit/explore","http://gisdata.brla.gov/datasets/interstate-exit/explore","75","25","1.96","25","0.12","0.36"
"gisdata.brla.gov","2025","/datasets/ebrgis::daycare-center/explore","http://gisdata.brla.gov/datasets/ebrgis::daycare-center/explore","70","35","13.56","35","0.13","0.63"
"gisdata.brla.gov","2025","/404","http://gisdata.brla.gov/404","64","64","6.51","64","0.64","0.64"
"gisdata.brla.gov","2025","/datasets/ebrgis::baton-rouge-traffic-crash-incidents-1/explore","http://gisdata.brla.gov/datasets/ebrgis::baton-rouge-traffic-crash-incidents-1/explore","64","32","1.22","0","0.00","0.28"
"gisdata.brla.gov","2025","/maps/ebrgis::stream-gauge/about","http://gisdata.brla.gov/maps/ebrgis::stream-gauge/about","58","58","0.25","58","1.00","1.00"
"gisdata.brla.gov","2025","/datasets/drainage-district/about","http://gisdata.brla.gov/datasets/drainage-district/about","58","58","0.25","58","1.00","1.00"
"gisdata.brla.gov","2025","/datasets/ebrgis::spanish-town-survey/explore","http://gisdata.brla.gov/datasets/ebrgis::spanish-town-survey/explore","57","57","0.25","57","1.00","1.00"
"gisdata.brla.gov","2025","/datasets/brec-park/explore","http://gisdata.brla.gov/datasets/brec-park/explore","57","57","0.25","57","1.00","1.00"
"gisdata.brla.gov","2025","/datasets/ebrgis::historic-marker/about","http://gisdata.brla.gov/datasets/ebrgis::historic-marker/about","57","57","0.25","57","1.00","1.00"
"gisdata.brla.gov","2025","/datasets/ebrgis::public-facility/explore","http://gisdata.brla.gov/datasets/ebrgis::public-facility/explore","57","57","0.25","57","1.00","1.00"
"gisdata.brla.gov","2025","/datasets/ebrgis::sales-tax-domicile-1/about","http://gisdata.brla.gov/datasets/ebrgis::sales-tax-domicile-1/about","57","57","21.81","57","0.00","0.00"
"gisdata.brla.gov","2025","/datasets/ebrgis::pharmacy/explore","http://gisdata.brla.gov/datasets/ebrgis::pharmacy/explore","57","57","0.25","57","1.00","1.00"
"gisdata.brla.gov","2025","/datasets/ebrgis::311-citizen-request-for-service-all-requests-1/explore","http://gisdata.brla.gov/datasets/ebrgis::311-citizen-request-for-service-all-requests-1/explore","56","56","0.25","56","1.00","1.00"
"gisdata.brla.gov","2025","/datasets/ebrgis::bus-stop/about","http://gisdata.brla.gov/datasets/ebrgis::bus-stop/about","56","56","2.15","56","0.00","0.00"
"gisdata.brla.gov","2025","/datasets/ebrgis::311-citizen-request-for-service-all-requests-1/about","http://gisdata.brla.gov/datasets/ebrgis::311-citizen-request-for-service-all-requests-1/about","56","56","0.25","56","1.00","1.00"
"gisdata.brla.gov","2025","/datasets/street-address/api","http://gisdata.brla.gov/datasets/street-address/api","56","56","310.51","0","0.00","0.00"
"gisdata.brla.gov","2025","/datasets/cemetery/explore","http://gisdata.brla.gov/datasets/cemetery/explore","56","56","0.25","56","1.00","1.00"
"gisdata.brla.gov","2025","/datasets/school/explore","http://gisdata.brla.gov/datasets/school/explore","56","56","0.25","56","1.00","1.00"
"gisdata.brla.gov","2025","/datasets/ebrgis::traffic-signal/explore","http://gisdata.brla.gov/datasets/ebrgis::traffic-signal/explore","56","56","0.25","56","1.00","1.00"
"gisdata.brla.gov","2025","/datasets/af21777d77104a3091edb53a18aa7bb4/explore","http://gisdata.brla.gov/datasets/af21777d77104a3091edb53a18aa7bb4/explore","54","54","0.25","54","1.00","1.00"
"gisdata.brla.gov","2025","/ebrparcels","http://gisdata.brla.gov/ebrparcels","51","51","0.25","51","1.00","1.00"
"gisdata.brla.gov","2025","/datasets/ebrgis::census-block-group/about","http://gisdata.brla.gov/datasets/ebrgis::census-block-group/about","50","25","2.24","0","0.00","0.36"
"gisdata.brla.gov","2025","/datasets/0dfd1cfb96fb48c2b4a6a6b5104dc893_0/explore","http://gisdata.brla.gov/datasets/0dfd1cfb96fb48c2b4a6a6b5104dc893_0/explore","50","25","1.97","0","0.00","0.36"
"gisdata.brla.gov","2025","/maps/ebrgis::supreme-court-districts-2025/about","http://gisdata.brla.gov/maps/ebrgis::supreme-court-districts-2025/about","48","48","0.25","48","1.00","1.00"
"gisdata.brla.gov","2025","/datasets/ebrgis::wards-pre-1949/about","http://gisdata.brla.gov/datasets/ebrgis::wards-pre-1949/about","48","48","14.67","48","0.00","0.00"
"gisdata.brla.gov","2025","/arcgis/rest/services/layers/tax_parcel/mapserver","http://gisdata.brla.gov/arcgis/rest/services/layers/tax_parcel/mapserver","44","44","0.25","44","1.00","1.00"
"gisdata.brla.gov","2025","/datasets/wards-pre-1949/about","http://gisdata.brla.gov/datasets/wards-pre-1949/about","43","43","3.31","43","0.00","0.00"
"gisdata.brla.gov","2025","/datasets/unincorporated-area/api","http://gisdata.brla.gov/datasets/unincorporated-area/api","42","42","0.25","0","0.00","1.00"
"gisdata.brla.gov","2025","/datasets/ebrgis::tax-parcel.json/about","http://gisdata.brla.gov/datasets/ebrgis::tax-parcel.json/about","42","42","9.62","42","0.21","0.21"
"gisdata.brla.gov","2025","/datasets/1e9d5a1c04964a7cb6ba017a082f1d35/explore","http://gisdata.brla.gov/datasets/1e9d5a1c04964a7cb6ba017a082f1d35/explore","42","42","21.59","42","0.21","0.21"
"gisdata.brla.gov","2025","/datasets/ebrgis::aviation/about","http://gisdata.brla.gov/datasets/ebrgis::aviation/about","42","42","107.47","42","0.21","0.21"
"gisdata.brla.gov","2025","/server/rest/services","http://gisdata.brla.gov/server/rest/services","42","42","0.25","0","0.00","1.00"
"gisdata.brla.gov","2025","/datasets/ebrgis::neighborhood-association/about","http://gisdata.brla.gov/datasets/ebrgis::neighborhood-association/about","42","21","0.84","0","0.57","0.43"
"gisdata.brla.gov","2025","/datasets/ebrgis::baton-rouge-traffic-crash-incidents/about","http://gisdata.brla.gov/datasets/ebrgis::baton-rouge-traffic-crash-incidents/about","36","36","0.25","36","1.00","1.00"
"gisdata.brla.gov","2025","/datasets/polling-place/api","http://gisdata.brla.gov/datasets/polling-place/api","36","36","0.25","36","1.00","1.00"
"gisdata.brla.gov","2025","/datasets/school/about","http://gisdata.brla.gov/datasets/school/about","32","32","0.25","32","1.00","1.00"
"gisdata.brla.gov","2025","/datasets/census-1970/explore","http://gisdata.brla.gov/datasets/census-1970/explore","31","31","0.25","31","1.00","1.00"
"gisdata.brla.gov","2025","/maps/ad917b372aaa40659685d0e277e26064/about","http://gisdata.brla.gov/maps/ad917b372aaa40659685d0e277e26064/about","26","26","0.25","0","0.00","1.00"
"gisdata.brla.gov","2025","/datasets/wards-1950/about","http://gisdata.brla.gov/datasets/wards-1950/about","26","26","0.25","26","1.00","1.00"
"my.brla.gov","2025","/","http://my.brla.gov/","140,498","102,548","26.55","107,455","0.63","0.79"
"my.brla.gov","2025","/login","http://my.brla.gov/login","120","120","29.03","120","0.15","0.15"
"www.brla.gov","2025","/","http://www.brla.gov/","2,700,825","2,466,432","14.04","2,465,643","0.76","0.79"
"www.brla.gov","2025","/directory.aspx","http://www.brla.gov/directory.aspx","1,537,763","968,459","31.74","635,364","0.35","0.55"
"www.brla.gov","2025","/faq.aspx","http://www.brla.gov/faq.aspx","967,928","784,307","41.95","437,634","0.42","0.61"
"www.brla.gov","2025","/1144/employment-resources","http://www.brla.gov/1144/employment-resources","858,077","740,074","33.84","550,185","0.57","0.81"
"www.brla.gov","2025","/1382/online-ticket-payments","http://www.brla.gov/1382/online-ticket-payments","712,261","585,766","30.92","614,992","0.80","0.90"
"www.brla.gov","2025","/search","http://www.brla.gov/search","685,014","414,434","30.91","27,336","0.18","0.39"
"www.brla.gov","2025","/337/garbage-collection","http://www.brla.gov/337/garbage-collection","480,587","345,356","39.40","356,115","0.58","0.70"
"www.brla.gov","2025","/civicalerts.aspx","http://www.brla.gov/civicalerts.aspx","480,113","372,530","37.37","318,731","0.67","0.75"
"www.brla.gov","2025","/3280/_311","http://www.brla.gov/3280/_311","432,477","303,756","33.65","187,733","0.31","0.57"
"www.brla.gov","2025","/2706/police-department","http://www.brla.gov/2706/police-department","424,016","350,665","39.80","341,850","0.52","0.62"
"www.brla.gov","2025","/civicmedia","http://www.brla.gov/civicmedia","379,881","341,362","152.72","357,290","0.43","0.60"
"www.brla.gov","2025","/2688/permits-inspections","http://www.brla.gov/2688/permits-inspections","351,030","240,012","31.81","227,014","0.39","0.49"
"www.brla.gov","2025","/150/city-court","http://www.brla.gov/150/city-court","312,108","243,374","38.48","247,578","0.44","0.50"
"www.brla.gov","2025","/531/public-records","http://www.brla.gov/531/public-records","288,700","235,390","40.36","99,554","0.34","0.62"
"www.brla.gov","2025","/1404/home","http://www.brla.gov/1404/home","241,379","203,556","35.95","41,748","0.21","0.35"
"www.brla.gov","2025","/455/adjudicated-property","http://www.brla.gov/455/adjudicated-property","239,608","163,729","39.19","210,493","0.79","0.86"
"www.brla.gov","2025","/2727/metronet","http://www.brla.gov/2727/metronet","232,642","182,269","33.17","205,178","0.43","0.46"
"www.brla.gov","2025","/561/metropolitan-council","http://www.brla.gov/561/metropolitan-council","223,771","158,536","33.11","116,712","0.27","0.37"
"www.brla.gov","2025","/501/office-of-social-services","http://www.brla.gov/501/office-of-social-services","205,322","166,075","46.56","156,689","0.64","0.79"
"www.brla.gov","2025","/331/head-start-program","http://www.brla.gov/331/head-start-program","203,716","169,742","50.56","177,061","0.73","0.82"
"www.brla.gov","2025","/35/departments","http://www.brla.gov/35/departments","196,653","149,660","33.27","69,852","0.20","0.33"
"www.brla.gov","2025","/536/utility-assistance-liheap","http://www.brla.gov/536/utility-assistance-liheap","194,820","139,395","38.29","169,454","0.60","0.65"
"www.brla.gov","2025","/588/mayor-president","http://www.brla.gov/588/mayor-president","194,621","157,984","40.29","113,437","0.44","0.55"
"www.brla.gov","2025","/148/animal-control-rescue-center","http://www.brla.gov/148/animal-control-rescue-center","181,442","151,788","28.94","173,733","0.80","0.82"
"www.brla.gov","2025","/244/human-resources","http://www.brla.gov/244/human-resources","157,997","120,800","41.90","53,437","0.24","0.49"
"www.brla.gov","2025","/532/rental-assistance-fema-csbg","http://www.brla.gov/532/rental-assistance-fema-csbg","151,630","105,224","35.83","127,246","0.47","0.54"
"www.brla.gov","2025","/agendacenter","http://www.brla.gov/agendacenter","147,077","126,347","44.22","64,640","0.57","0.76"
"www.brla.gov","2025","/706/unified-development-code","http://www.brla.gov/706/unified-development-code","145,916","127,333","72.44","97,470","0.57","0.81"
"www.brla.gov","2025","/2691/residential","http://www.brla.gov/2691/residential","141,639","109,087","51.75","54,259","0.37","0.67"
"www.brla.gov","2025","/3302/request-for-service","http://www.brla.gov/3302/request-for-service","134,055","99,291","53.14","31,095","0.23","0.84"
"www.brla.gov","2025","/1085/live-stream-archived-meetings","http://www.brla.gov/1085/live-stream-archived-meetings","133,176","96,714","53.92","83,312","0.49","0.77"
"www.brla.gov","2025","/calendar.aspx","http://www.brla.gov/calendar.aspx","131,024","89,351","23.72","49,462","0.36","0.52"
"www.brla.gov","2025","/648/planning-commission","http://www.brla.gov/648/planning-commission","125,566","99,330","47.29","73,189","0.34","0.49"
"www.brla.gov","2025","/2119/marriages","http://www.brla.gov/2119/marriages","115,111","79,530","23.83","104,145","0.79","0.85"
"www.brla.gov","2025","/1916/online-employment-application-process","http://www.brla.gov/1916/online-employment-application-process","111,196","81,511","41.52","54,796","0.40","0.69"
"www.brla.gov","2025","/395/ticket-violations","http://www.brla.gov/395/ticket-violations","105,966","91,007","30.22","92,483","0.73","0.76"
"www.brla.gov","2025","/2862/non-emergency-minor-event","http://www.brla.gov/2862/non-emergency-minor-event","104,015","88,685","37.30","62,355","0.58","0.89"
"www.brla.gov","2025","/509/federal-emergency-rentmortgage-assistanc","http://www.brla.gov/509/federal-emergency-rentmortgage-assistanc","102,676","75,265","27.29","73,959","0.50","0.64"
"www.brla.gov","2025","/340/north-landfill-operations","http://www.brla.gov/340/north-landfill-operations","101,746","87,994","32.18","93,032","0.85","0.91"
"www.brla.gov","2025","/3343/operation-stay-cool","http://www.brla.gov/3343/operation-stay-cool","101,011","83,231","33.22","88,564","0.80","0.90"
"www.brla.gov","2025","/874/online-services","http://www.brla.gov/874/online-services","98,922","84,757","47.35","54,487","0.20","0.30"
"www.brla.gov","2025","/2115/evictions","http://www.brla.gov/2115/evictions","97,400","79,425","42.80","91,101","0.80","0.83"
"www.brla.gov","2025","/827/maps-apps","http://www.brla.gov/827/maps-apps","95,335","83,672","53.37","78,621","0.72","0.84"
"www.brla.gov","2025","/1154/online-payments","http://www.brla.gov/1154/online-payments","89,386","70,748","22.79","84,196","0.88","0.90"
"www.brla.gov","2025","/911/fire-department","http://www.brla.gov/911/fire-department","85,976","69,211","31.76","66,509","0.49","0.57"
"www.brla.gov","2025","/183/emergency-medical-services","http://www.brla.gov/183/emergency-medical-services","80,046","65,270","35.77","62,118","0.53","0.61"
"www.brla.gov","2025","/jobs","http://www.brla.gov/jobs","79,583","73,405","11.21","76,310","0.63","0.64"
"www.brla.gov","2025","/list.aspx","http://www.brla.gov/list.aspx","78,901","57,362","125.42","15,297","0.32","0.67"
"www.brla.gov","2025","/893/household-hazardous-materials","http://www.brla.gov/893/household-hazardous-materials","77,403","66,941","31.72","66,015","0.81","0.90"
"www.brla.gov","2025","/quicklinks.aspx","http://www.brla.gov/quicklinks.aspx","76,446","62,943","32.16","7,504","0.42","0.57"
"www.brla.gov","2025","/1688/human-resources","http://www.brla.gov/1688/human-resources","75,447","56,340","25.93","6,439","0.05","0.18"
"www.brla.gov","2025","/358/purchasing","http://www.brla.gov/358/purchasing","75,220","54,808","37.88","23,471","0.23","0.44"
"www.brla.gov","2025","/913/entry-level-firefighter-employment","http://www.brla.gov/913/entry-level-firefighter-employment","74,399","63,053","29.73","54,367","0.64","0.84"
"www.brla.gov","2025","/1180/garbage-recycling","http://www.brla.gov/1180/garbage-recycling","73,930","65,169","26.61","44,262","0.29","0.27"
"www.brla.gov","2025","/publiclogin.aspx","http://www.brla.gov/publiclogin.aspx","72,301","36,416","22.82","31,069","0.55","0.65"
"www.brla.gov","2025","/3185/office-of-community-development","http://www.brla.gov/3185/office-of-community-development","72,252","51,562","41.54","38,333","0.39","0.48"
"www.brla.gov","2025","/1461/occupational-license-tax","http://www.brla.gov/1461/occupational-license-tax","71,480","51,962","44.33","57,939","0.45","0.52"
"www.brla.gov","2025","/1434/contracting-opportunities","http://www.brla.gov/1434/contracting-opportunities","66,025","50,153","44.33","41,017","0.56","0.74"
"www.brla.gov","2025","/469/licensing","http://www.brla.gov/469/licensing","65,458","50,963","31.54","53,856","0.67","0.76"
"www.brla.gov","2025","/3159/downtown-parking","http://www.brla.gov/3159/downtown-parking","65,003","57,962","30.07","62,658","0.94","0.96"
"www.brla.gov","2025","/193/finance-department","http://www.brla.gov/193/finance-department","64,334","50,051","26.99","26,679","0.20","0.28"
"www.brla.gov","2025","/290/student-internship-program","http://www.brla.gov/290/student-internship-program","64,084","50,462","42.06","36,561","0.53","0.77"
"www.brla.gov","2025","/2118/small-claims","http://www.brla.gov/2118/small-claims","62,145","39,913","44.33","53,561","0.62","0.67"
"www.brla.gov","2025","/264/retirement-system","http://www.brla.gov/264/retirement-system","61,426","47,274","36.69","45,593","0.47","0.58"
"www.brla.gov","2025","/2114/justices-of-the-peace","http://www.brla.gov/2114/justices-of-the-peace","61,147","45,627","29.79","45,547","0.40","0.43"
"www.brla.gov","2025","/archive.aspx","http://www.brla.gov/archive.aspx","60,095","39,302","24.07","26,699","0.57","0.77"
"www.brla.gov","2025","/2694/permit-inspection-fees","http://www.brla.gov/2694/permit-inspection-fees","59,659","50,859","51.07","21,928","0.35","0.50"
"www.brla.gov","2025","/2690/commercial","http://www.brla.gov/2690/commercial","59,656","44,140","53.56","9,372","0.22","0.47"
"www.brla.gov","2025","/1058/traffic-resources","http://www.brla.gov/1058/traffic-resources","59,094","47,957","28.36","45,275","0.70","0.79"
"www.brla.gov","2025","/686/sales-use-tax","http://www.brla.gov/686/sales-use-tax","58,721","46,314","28.78","45,027","0.31","0.32"
"www.brla.gov","2025","/359/criminal-traffic","http://www.brla.gov/359/criminal-traffic","58,285","43,354","46.40","24,904","0.34","0.56"
"www.brla.gov","2025","/formcenter/planning-commission-26/planning-commission-public-comment-form-160","http://www.brla.gov/formcenter/planning-commission-26/planning-commission-public-comment-form-160","57,977","45,363","245.64","51,117","0.54","0.65"
"www.brla.gov","2025","/101/services","http://www.brla.gov/101/services","56,765","47,136","43.59","19,130","0.22","0.33"
"www.brla.gov","2025","/460/alcoholic-beverage-control-office","http://www.brla.gov/460/alcoholic-beverage-control-office","56,177","47,361","35.77","48,330","0.60","0.65"
"www.brla.gov","2025","/418/mosquito-abatement-rodent-control","http://www.brla.gov/418/mosquito-abatement-rodent-control","54,874","45,834","31.61","46,830","0.62","0.69"
"www.brla.gov","2025","/2481/filing-a-police-report","http://www.brla.gov/2481/filing-a-police-report","54,377","47,409","45.11","48,165","0.70","0.77"
"www.brla.gov","2025","/838/city-jail","http://www.brla.gov/838/city-jail","53,541","41,540","20.81","49,242","0.76","0.81"
"www.brla.gov","2025","/942/occupational-license-tax-renewals","http://www.brla.gov/942/occupational-license-tax-renewals","53,294","43,920","53.49","27,840","0.45","0.75"
"www.brla.gov","2025","/801/district-map-demographics","http://www.brla.gov/801/district-map-demographics","52,743","39,102","48.28","36,922","0.47","0.59"
"www.brla.gov","2025","/2705/red-stick-ready","http://www.brla.gov/2705/red-stick-ready","52,591","43,836","20.81","46,735","0.60","0.64"
"www.brla.gov","2025","/27/government","http://www.brla.gov/27/government","52,476","42,252","28.42","13,807","0.17","0.27"
"www.brla.gov","2025","/155/city-court-divisions","http://www.brla.gov/155/city-court-divisions","51,779","37,965","25.93","15,074","0.16","0.19"
"www.brla.gov","2025","/3267/press-release-2025","http://www.brla.gov/3267/press-release-2025","51,640","43,357","29.90","39,022","0.75","0.87"
"www.brla.gov","2025","/456/development","http://www.brla.gov/456/development","51,319","42,113","52.64","17,229","0.22","0.38"
"www.brla.gov","2025","/841/a-brief-history","http://www.brla.gov/841/a-brief-history","51,092","47,352","20.09","46,841","0.88","0.94"
"www.brla.gov","2025","/734/online-sales-tax-payments","http://www.brla.gov/734/online-sales-tax-payments","50,597","41,213","33.82","25,968","0.47","0.81"
"www.brla.gov","2025","/agendacenter/search/","http://www.brla.gov/agendacenter/search/","50,082","34,537","34.22","12,509","0.44","0.64"
"www.brla.gov","2025","/411/juvenile-detention-center","http://www.brla.gov/411/juvenile-detention-center","48,585","38,809","28.83","44,101","0.73","0.78"
"www.brla.gov","2025","/890/recycling-office","http://www.brla.gov/890/recycling-office","47,484","39,819","40.69","32,112","0.49","0.64"
"www.brla.gov","2025","/1129/code-of-ordinances","http://www.brla.gov/1129/code-of-ordinances","45,842","33,599","60.01","30,431","0.53","0.74"
"www.brla.gov","2025","/agendacenter/metropolitan-council-3","http://www.brla.gov/agendacenter/metropolitan-council-3","45,823","39,891","78.08","30,563","0.43","0.68"
"www.brla.gov","2025","/1393/chief-of-police","http://www.brla.gov/1393/chief-of-police","45,044","40,207","44.23","33,723","0.67","0.76"
"www.brla.gov","2025","/2486/data-reports","http://www.brla.gov/2486/data-reports","44,362","38,782","34.16","26,331","0.39","0.56"
"www.brla.gov","2025","/3320/homeless-shelters","http://www.brla.gov/3320/homeless-shelters","44,203","31,693","37.62","40,198","0.79","0.87"
"www.brla.gov","2025","/330/human-development-services","http://www.brla.gov/330/human-development-services","44,000","33,705","35.31","16,384","0.28","0.40"
"www.brla.gov","2025","/508/low-income-home-energy-assistance-progra","http://www.brla.gov/508/low-income-home-energy-assistance-progra","43,753","34,071","52.58","20,525","0.34","0.56"
"www.brla.gov","2025","/1406/annual-operating-budgets","http://www.brla.gov/1406/annual-operating-budgets","43,512","33,196","37.59","26,816","0.59","0.82"
"www.brla.gov","2025","/596/district-2-anthony-kenney","http://www.brla.gov/596/district-2-anthony-kenney","42,532","36,486","43.35","22,211","0.50","0.65"
"www.brla.gov","2025","/771/constables-office","http://www.brla.gov/771/constables-office","42,346","35,101","36.82","32,893","0.54","0.64"
"www.brla.gov","2025","/1349/get-involved","http://www.brla.gov/1349/get-involved","42,260","36,607","30.55","39,890","0.85","0.88"
"www.brla.gov","2025","/434/records-division","http://www.brla.gov/434/records-division","41,236","31,411","30.78","26,772","0.37","0.49"
"www.brla.gov","2025","/626/district-5-darryl-hurst","http://www.brla.gov/626/district-5-darryl-hurst","41,225","35,974","52.21","21,364","0.47","0.64"
"www.brla.gov","2025","/233/civil-division","http://www.brla.gov/233/civil-division","39,975","30,782","36.42","14,107","0.32","0.49"
"www.brla.gov","2025","/412/mayors-office-of-homeland-sec-emergency-","http://www.brla.gov/412/mayors-office-of-homeland-sec-emergency-","39,907","30,870","32.01","30,927","0.52","0.57"
"www.brla.gov","2025","/237/criminal-investigations","http://www.brla.gov/237/criminal-investigations","39,783","31,293","44.25","16,938","0.38","0.59"
"www.brla.gov","2025","/245/restraining-order","http://www.brla.gov/245/restraining-order","39,005","33,706","31.76","35,461","0.85","0.92"
"www.brla.gov","2025","/293/walk-in-test-schedule","http://www.brla.gov/293/walk-in-test-schedule","38,784","32,083","59.39","21,736","0.46","0.64"
"www.brla.gov","2025","/1695/classification-pay","http://www.brla.gov/1695/classification-pay","38,778","32,565","66.67","2,601","0.08","0.78"
"www.brla.gov","2025","/2894/contact-brpd","http://www.brla.gov/2894/contact-brpd","38,772","33,760","47.50","26,399","0.43","0.62"
"www.brla.gov","2025","/319/civil-suit-interactive-forms","http://www.brla.gov/319/civil-suit-interactive-forms","38,761","32,542","58.68","22,607","0.50","0.78"
"www.brla.gov","2025","/736/dr-leo-s-butler-community-center","http://www.brla.gov/736/dr-leo-s-butler-community-center","38,696","30,429","47.52","28,372","0.49","0.58"
"www.brla.gov","2025","/644/charles-r-kelly-community-center","http://www.brla.gov/644/charles-r-kelly-community-center","38,007","31,028","34.47","29,789","0.53","0.58"
"www.brla.gov","2025","/2261/crime-statistics","http://www.brla.gov/2261/crime-statistics","37,883","34,173","28.39","33,665","0.81","0.86"
"www.brla.gov","2025","/9/how-do-i","http://www.brla.gov/9/how-do-i","37,768","32,280","38.19","7,386","0.18","0.34"
"www.brla.gov","2025","/254/check-out-our-employee-benefits","http://www.brla.gov/254/check-out-our-employee-benefits","37,701","31,711","50.57","14,029","0.28","0.58"
"www.brla.gov","2025","/headstart","http://www.brla.gov/headstart","37,605","30,666","164.64","32,377","0.60","0.75"
"www.brla.gov","2025","/723/district-7-twahna-p-harris","http://www.brla.gov/723/district-7-twahna-p-harris","37,452","31,085","53.49","14,540","0.37","0.63"
"www.brla.gov","2025","/2864/careers","http://www.brla.gov/2864/careers","36,554","32,462","35.78","21,980","0.56","0.89"
"www.brla.gov","2025","/401/pay-ticket-online-or-automated-phone-sys","http://www.brla.gov/401/pay-ticket-online-or-automated-phone-sys","36,446","28,575","39.99","12,431","0.37","0.61"
"www.brla.gov","2025","/799/tax-forms","http://www.brla.gov/799/tax-forms","36,392","30,805","52.31","19,722","0.52","0.72"
"www.brla.gov","2025","/2105/chauffeurs","http://www.brla.gov/2105/chauffeurs","35,557","29,071","59.22","35,106","0.93","0.94"
"www.brla.gov","2025","/659/taxes","http://www.brla.gov/659/taxes","35,556","29,516","19.64","15,489","0.33","0.42"
"www.brla.gov","2025","/658/district-6-cleve-dunn-jr","http://www.brla.gov/658/district-6-cleve-dunn-jr","35,350","24,595","52.99","12,078","0.33","0.49"
"www.brla.gov","2025","/416/maintenance","http://www.brla.gov/416/maintenance","34,942","27,270","48.84","18,888","0.38","0.51"
"www.brla.gov","2025","/261/examination-preparation","http://www.brla.gov/261/examination-preparation","34,888","30,514","70.02","19,360","0.49","0.73"
"www.brla.gov","2025","/699/jewel-j-newman-community-center","http://www.brla.gov/699/jewel-j-newman-community-center","34,832","27,957","29.08","29,359","0.63","0.68"
"www.brla.gov","2025","/2863/precinct-map","http://www.brla.gov/2863/precinct-map","34,640","29,670","13.58","26,792","0.80","0.88"
"www.brla.gov","2025","/3268/about","http://www.brla.gov/3268/about","34,525","28,300","25.07","22,962","0.61","0.68"
"www.brla.gov","2025","/2180/hurricane-preparedness","http://www.brla.gov/2180/hurricane-preparedness","33,942","29,319","45.23","24,412","0.65","0.85"
"www.brla.gov","2025","/oss","http://www.brla.gov/oss","33,687","25,409","62.38","26,608","0.49","0.60"
"www.brla.gov","2025","/284/employment-application-forms","http://www.brla.gov/284/employment-application-forms","32,978","24,545","44.92","4,342","0.19","0.45"
"www.brla.gov","2025","/formcenter/confirmation","http://www.brla.gov/formcenter/confirmation","32,853","28,315","33.55","7,235","0.20","0.88"
"www.brla.gov","2025","/1108/court-legal-services","http://www.brla.gov/1108/court-legal-services","32,734","26,946","40.61","19,115","0.44","0.53"
"www.brla.gov","2025","/2092/flood-information","http://www.brla.gov/2092/flood-information","32,588","29,854","32.35","28,790","0.82","0.87"
"www.brla.gov","2025","/684/new-business-registration","http://www.brla.gov/684/new-business-registration","32,507","25,242","46.52","15,705","0.33","0.53"
"www.brla.gov","2025","/1272/chapter-10-planning-and-zoning","http://www.brla.gov/1272/chapter-10-planning-and-zoning","32,202","23,164","50.85","24,619","0.36","0.41"
"www.brla.gov","2025","/3205/housing-stability","http://www.brla.gov/3205/housing-stability","32,169","24,305","32.14","26,323","0.64","0.71"
"www.brla.gov","2025","/3339/men-for-others","http://www.brla.gov/3339/men-for-others","31,852","26,200","26.36","26,613","0.68","0.81"
"www.brla.gov","2025","/1267/chapter-5-department-of-public-works","http://www.brla.gov/1267/chapter-5-department-of-public-works","31,771","23,878","42.98","24,076","0.40","0.49"
"www.brla.gov","2025","/1654/patrol-operations","http://www.brla.gov/1654/patrol-operations","31,471","21,518","38.18","12,401","0.40","0.64"
"www.brla.gov","2025","/1107/services","http://www.brla.gov/1107/services","31,396","26,885","46.23","14,409","0.37","0.61"
"www.brla.gov","2025","/450/parish-attorneys-office","http://www.brla.gov/450/parish-attorneys-office","31,197","26,759","39.90","18,538","0.38","0.47"
"www.brla.gov","2025","/1174/housing","http://www.brla.gov/1174/housing","31,095","27,040","36.77","20,051","0.47","0.57"
"www.brla.gov","2025","/286/alarm-systems","http://www.brla.gov/286/alarm-systems","30,412","22,706","32.93","20,457","0.62","0.75"
"www.brla.gov","2025","/757/district-10-carolyn-coleman","http://www.brla.gov/757/district-10-carolyn-coleman","30,345","23,882","61.33","13,232","0.37","0.52"
"www.brla.gov","2025","/314/environmental-services","http://www.brla.gov/314/environmental-services","30,279","23,897","33.67","12,961","0.27","0.40"
"www.brla.gov","2025","/769/dr-martin-l-king-jr-community-center","http://www.brla.gov/769/dr-martin-l-king-jr-community-center","29,607","24,340","58.25","20,602","0.57","0.65"
"www.brla.gov","2025","/476/judges-virtual-court","http://www.brla.gov/476/judges-virtual-court","28,496","21,228","20.64","17,976","0.40","0.50"
"www.brla.gov","2025","/3190/mayors-office-of-homelessness-prevention","http://www.brla.gov/3190/mayors-office-of-homelessness-prevention","27,674","23,343","56.63","19,902","0.61","0.77"
"www.brla.gov","2025","/2120/judgment-ownership","http://www.brla.gov/2120/judgment-ownership","27,434","24,234","31.21","24,469","0.87","0.89"
"www.brla.gov","2025","/742/sales-use-tax-guidelines","http://www.brla.gov/742/sales-use-tax-guidelines","26,696","18,116","37.88","14,820","0.48","0.63"
"www.brla.gov","2025","/391/wastewater","http://www.brla.gov/391/wastewater","26,380","21,612","41.18","21,651","0.60","0.67"
"www.brla.gov","2025","/581/district-1-mayor-pro-tempore-brandon-n","http://www.brla.gov/581/district-1-mayor-pro-tempore-brandon-n","26,262","18,978","53.36","7,346","0.28","0.44"
"www.brla.gov","2025","/770/district-12-jennifer-racca","http://www.brla.gov/770/district-12-jennifer-racca","26,229","22,425","63.78","9,635","0.36","0.62"
"www.brla.gov","2025","/837/about-baton-rouge","http://www.brla.gov/837/about-baton-rouge","25,878","23,456","25.19","18,063","0.60","0.67"
"www.brla.gov","2025","/733/district-8-denise-amoroso","http://www.brla.gov/733/district-8-denise-amoroso","25,254","21,856","41.73","11,856","0.37","0.56"
"www.brla.gov","2025","/620/district-3-rowdy-gaudet","http://www.brla.gov/620/district-3-rowdy-gaudet","25,253","18,405","34.84","6,889","0.26","0.46"
"www.brla.gov","2025","/1478/emergency-financial-assistance","http://www.brla.gov/1478/emergency-financial-assistance","25,242","17,200","28.95","21,307","0.50","0.55"
"www.brla.gov","2025","/177/exotic-wild-animal-regulations","http://www.brla.gov/177/exotic-wild-animal-regulations","24,968","20,673","11.17","24,382","0.86","0.87"
"www.brla.gov","2025","/2372/seasonal-and-temporary-employment","http://www.brla.gov/2372/seasonal-and-temporary-employment","24,507","20,138","38.37","10,054","0.39","0.74"
"www.brla.gov","2025","/496/pre-trial-diversion","http://www.brla.gov/496/pre-trial-diversion","24,318","20,496","135.09","19,780","0.66","0.71"
"www.brla.gov","2025","/3037/forms","http://www.brla.gov/3037/forms","24,229","19,395","35.57","6,323","0.23","0.43"
"www.brla.gov","2025","/683/applications","http://www.brla.gov/683/applications","24,076","19,951","79.02","7,365","0.32","0.65"
"www.brla.gov","2025","/731/online-business-registration","http://www.brla.gov/731/online-business-registration","23,261","18,806","70.43","9,340","0.39","0.67"
"www.brla.gov","2025","/763/district-11-laurie-adams","http://www.brla.gov/763/district-11-laurie-adams","23,257","16,886","34.01","6,759","0.27","0.53"
"www.brla.gov","2025","/3014/short-term-rentals","http://www.brla.gov/3014/short-term-rentals","23,115","20,914","22.74","19,686","0.75","0.84"
"www.brla.gov","2025","/2244/recruitment","http://www.brla.gov/2244/recruitment","23,080","17,759","27.94","11,370","0.30","0.42"
"www.brla.gov","2025","/1052/community-drop-off","http://www.brla.gov/1052/community-drop-off","23,022","19,345","41.80","16,537","0.55","0.62"
"www.brla.gov","2025","/1319/community-service","http://www.brla.gov/1319/community-service","22,763","17,006","74.31","20,292","0.70","0.77"
"www.brla.gov","2025","/333/garbage","http://www.brla.gov/333/garbage","22,729","19,423","28.90","10,106","0.39","0.53"
"www.brla.gov","2025","/372/paying-a-traffic-fine","http://www.brla.gov/372/paying-a-traffic-fine","22,478","19,638","34.51","9,593","0.31","0.27"
"www.brla.gov","2025","/318/juvenile-court","http://www.brla.gov/318/juvenile-court","22,211","17,062","34.99","18,148","0.51","0.54"
"www.brla.gov","2025","/250/training","http://www.brla.gov/250/training","22,156","18,314","32.53","15,113","0.59","0.74"
"www.brla.gov","2025","/1696/payroll-benefits","http://www.brla.gov/1696/payroll-benefits","22,039","15,344","17.37","442","0.06","0.16"
"www.brla.gov","2025","/2910/open-data-br","http://www.brla.gov/2910/open-data-br","21,635","18,829","41.43","1,857","0.15","0.71"
"www.brla.gov","2025","/474/ordinance-violations","http://www.brla.gov/474/ordinance-violations","21,495","17,124","31.89","14,147","0.42","0.49"
"www.brla.gov","2025","/280/transportation-drainage","http://www.brla.gov/280/transportation-drainage","21,396","17,352","40.20","6,620","0.31","0.56"
"www.brla.gov","2025","/1486/employee-retiree-benefit-information","http://www.brla.gov/1486/employee-retiree-benefit-information","21,015","14,846","53.61","6,287","0.32","0.68"
"www.brla.gov","2025","/623/district-4-aaron-moak","http://www.brla.gov/623/district-4-aaron-moak","21,014","14,390","55.70","6,048","0.30","0.44"
"www.brla.gov","2025","/564/contact-us","http://www.brla.gov/564/contact-us","20,964","18,153","41.12","10,083","0.40","0.64"
"www.brla.gov","2025","/formcenter/human-development-services-9/head-start-program-application-66","http://www.brla.gov/formcenter/human-development-services-9/head-start-program-application-66","20,792","17,587","46.57","16,660","0.49","0.69"
"www.brla.gov","2025","/255/administrationchief-of-staff","http://www.brla.gov/255/administrationchief-of-staff","20,624","16,730","47.56","1,551","0.17","0.31"
"www.brla.gov","2025","/311/information-services","http://www.brla.gov/311/information-services","20,610","17,170","43.39","6,553","0.26","0.42"
"www.brla.gov","2025","/3258/e-file","http://www.brla.gov/3258/e-file","20,198","14,141","37.84","7,611","0.31","0.66"
"www.brla.gov","2025","/2125/press-releases","http://www.brla.gov/2125/press-releases","20,026","17,736","21.61","18,076","0.75","0.81"
"www.brla.gov","2025","/2580/emergency-medical-services","http://www.brla.gov/2580/emergency-medical-services","19,984","16,689","30.43","8,546","0.19","0.51"
"www.brla.gov","2025","/1566/finance-department","http://www.brla.gov/1566/finance-department","19,838","14,457","30.66","2,072","0.05","0.18"
"www.brla.gov","2025","/3314/notice-of-tax-changes-for-april-2025","http://www.brla.gov/3314/notice-of-tax-changes-for-april-2025","19,687","12,629","30.86","11,627","0.44","0.59"
"www.brla.gov","2025","/3238/residential-self-service-non-perishable-","http://www.brla.gov/3238/residential-self-service-non-perishable-","19,684","17,239","49.42","11,912","0.59","0.79"
"www.brla.gov","2025","/2901/socially-and-economically-sedbe-business","http://www.brla.gov/2901/socially-and-economically-sedbe-business","19,667","16,345","43.24","14,172","0.64","0.75"
"www.brla.gov","2025","/738/tax-rates","http://www.brla.gov/738/tax-rates","19,598","16,551","45.67","3,390","0.26","0.63"
"www.brla.gov","2025","/507/community-service-block-grant-csbg","http://www.brla.gov/507/community-service-block-grant-csbg","19,527","15,210","52.55","11,936","0.51","0.59"
"www.brla.gov","2025","/1097/contact-us","http://www.brla.gov/1097/contact-us","19,032","17,032","47.97","13,492","0.60","0.65"
"www.brla.gov","2025","/3316/mayors-youth-workforce-experience","http://www.brla.gov/3316/mayors-youth-workforce-experience","19,018","12,433","27.20","13,366","0.56","0.63"
"www.brla.gov","2025","/282/traffic-engineering","http://www.brla.gov/282/traffic-engineering","18,590","14,913","50.35","10,521","0.46","0.58"
"www.brla.gov","2025","/1503/license-forms-information","http://www.brla.gov/1503/license-forms-information","18,426","14,127","68.39","4,524","0.27","0.53"
"www.brla.gov","2025","/3199/homeowner-repair-program","http://www.brla.gov/3199/homeowner-repair-program","18,384","14,715","38.14","14,129","0.65","0.71"
"www.brla.gov","2025","/2982/stormwater-drainage","http://www.brla.gov/2982/stormwater-drainage","18,025","13,511","173.61","7,474","0.35","0.52"
"www.brla.gov","2025","/663/no-solicitation-subdivisions","http://www.brla.gov/663/no-solicitation-subdivisions","17,613","14,828","32.81","16,315","0.89","0.92"
"www.brla.gov","2025","/1821/file-a-complaint","http://www.brla.gov/1821/file-a-complaint","17,608","14,962","33.32","11,572","0.38","0.45"
"www.brla.gov","2025","/3212/resource-information","http://www.brla.gov/3212/resource-information","17,571","15,787","41.69","16,001","0.73","0.78"
"www.brla.gov","2025","/505/our-programs","http://www.brla.gov/505/our-programs","17,467","14,045","26.97","5,499","0.29","0.35"
"www.brla.gov","2025","/271/operational-servicesspecial-operations","http://www.brla.gov/271/operational-servicesspecial-operations","17,172","13,971","43.95","2,416","0.17","0.38"
"www.brla.gov","2025","/3207/funding-opportunities","http://www.brla.gov/3207/funding-opportunities","17,091","14,022","55.40","12,055","0.55","0.66"
"www.brla.gov","2025","/2623/ebr-transportation-map","http://www.brla.gov/2623/ebr-transportation-map","17,076","13,817","39.57","15,561","0.86","0.90"
"www.brla.gov","2025","/834/street-subdivision-list","http://www.brla.gov/834/street-subdivision-list","16,965","12,331","26.49","10,535","0.68","0.80"
"www.brla.gov","2025","/2692/occupancy","http://www.brla.gov/2692/occupancy","16,941","13,502","63.39","9,279","0.32","0.47"
"www.brla.gov","2025","/31/community","http://www.brla.gov/31/community","16,820","14,062","36.58","4,070","0.23","0.39"
"www.brla.gov","2025","/870/fair-housing","http://www.brla.gov/870/fair-housing","16,774","14,848","29.54","11,515","0.62","0.76"
"www.brla.gov","2025","/405/violations-requiring-a-court-appearance","http://www.brla.gov/405/violations-requiring-a-court-appearance","16,301","14,077","39.49","10,440","0.53","0.67"
"www.brla.gov","2025","/526/city-prosecutors-office","http://www.brla.gov/526/city-prosecutors-office","16,247","13,326","37.92","9,978","0.50","0.67"
"www.brla.gov","2025","/437/vendor-information","http://www.brla.gov/437/vendor-information","16,232","13,665","59.68","8,884","0.44","0.64"
"www.brla.gov","2025","/749/district-9-dwight-hudson","http://www.brla.gov/749/district-9-dwight-hudson","16,137","12,437","41.94","4,014","0.23","0.42"
"www.brla.gov","2025","/gallery.aspx","http://www.brla.gov/gallery.aspx","16,085","5,241","11.87","2,040","0.45","0.55"
"www.brla.gov","2025","/formcenter/police-department-19/internal-affairs-complaint-form-101","http://www.brla.gov/formcenter/police-department-19/internal-affairs-complaint-form-101","15,886","11,683","79.35","2,849","0.39","0.57"
"www.brla.gov","2025","/1697/online-forms","http://www.brla.gov/1697/online-forms","15,727","11,995","78.69","1,513","0.06","0.49"
"www.brla.gov","2025","/3040/liheap-forms","http://www.brla.gov/3040/liheap-forms","15,543","11,650","52.36","2,806","0.23","0.65"
"www.brla.gov","2025","/businessdirectoryii.aspx","http://www.brla.gov/businessdirectoryii.aspx","15,334","12,926","20.22","11,114","0.61","0.76"
"www.brla.gov","2025","/1232/911-operations-center","http://www.brla.gov/1232/911-operations-center","15,234","13,675","48.34","13,596","0.70","0.73"
"www.brla.gov","2025","/635/revenue-collection-division","http://www.brla.gov/635/revenue-collection-division","15,231","12,967","36.67","7,525","0.31","0.43"
"www.brla.gov","2025","/agendacenter/metropolitan-council-3/","http://www.brla.gov/agendacenter/metropolitan-council-3/","15,061","13,006","62.85","10,184","0.34","0.60"
"www.brla.gov","2025","/361/judges","http://www.brla.gov/361/judges","14,880","12,543","20.38","11,431","0.64","0.72"
"www.brla.gov","2025","/452/civil-fax-filing-information","http://www.brla.gov/452/civil-fax-filing-information","14,840","11,262","36.97","2,350","0.22","0.34"
"www.brla.gov","2025","/2635/head-start-forms","http://www.brla.gov/2635/head-start-forms","14,765","10,606","49.53","6,162","0.44","0.61"
"www.brla.gov","2025","/223/annual-comprehensive-financial-reports","http://www.brla.gov/223/annual-comprehensive-financial-reports","14,726","13,591","59.72","7,624","0.51","0.80"
"www.brla.gov","2025","/1414/family-service-of-greater-baton-rouge","http://www.brla.gov/1414/family-service-of-greater-baton-rouge","14,683","11,328","42.87","4,118","0.33","0.62"
"www.brla.gov","2025","/1083/metro21-government-access-channel","http://www.brla.gov/1083/metro21-government-access-channel","14,615","12,464","24.10","4,605","0.12","0.19"
"www.brla.gov","2025","/685/new-business-reports","http://www.brla.gov/685/new-business-reports","14,527","11,233","25.97","11,118","0.38","0.41"
"www.brla.gov","2025","/3327/low-income-services","http://www.brla.gov/3327/low-income-services","14,487","11,026","57.45","5,742","0.36","0.58"
"www.brla.gov","2025","/410/family-in-need-of-services","http://www.brla.gov/410/family-in-need-of-services","13,821","10,708","39.83","12,747","0.73","0.76"
"www.brla.gov","2025","/2695/subdivision-engineering","http://www.brla.gov/2695/subdivision-engineering","13,614","11,191","100.86","5,346","0.29","0.61"
"www.brla.gov","2025","/922/filling-out-the-city-parish-employment-a","http://www.brla.gov/922/filling-out-the-city-parish-employment-a","13,502","12,172","48.75","2,189","0.20","0.51"
"www.brla.gov","2025","/3288/fast-track-firefighter-program","http://www.brla.gov/3288/fast-track-firefighter-program","13,422","11,980","26.40","4,310","0.37","0.67"
"www.brla.gov","2025","/367/juvenile-services","http://www.brla.gov/367/juvenile-services","13,412","11,106","48.55","6,841","0.35","0.41"
"www.brla.gov","2025","/2221/departments","http://www.brla.gov/2221/departments","13,344","11,101","29.74","1,087","0.05","0.11"
"www.brla.gov","2025","/3271/connect-with-the-mayor","http://www.brla.gov/3271/connect-with-the-mayor","13,298","11,064","34.47","2,878","0.13","0.19"
"www.brla.gov","2025","/myaccount","http://www.brla.gov/myaccount","13,274","9,230","35.92","6,240","0.36","0.47"
"www.brla.gov","2025","/1835/division-b-judge-kelli-terrell-temple","http://www.brla.gov/1835/division-b-judge-kelli-terrell-temple","13,237","11,120","48.45","7,814","0.51","0.63"
"www.brla.gov","2025","/630/community-centers","http://www.brla.gov/630/community-centers","13,174","8,379","32.59","7,519","0.31","0.39"
"www.brla.gov","2025","/151/about-the-animal-control-rescue-center","http://www.brla.gov/151/about-the-animal-control-rescue-center","12,648","11,246","46.33","3,032","0.37","0.56"
"www.brla.gov","2025","/2975/register-your-child-for-kindergarten","http://www.brla.gov/2975/register-your-child-for-kindergarten","12,487","10,132","28.21","11,189","0.76","0.82"
"www.brla.gov","2025","/ess","http://www.brla.gov/ess","12,470","10,758","19.56","11,299","0.64","0.67"
"www.brla.gov","2025","/3067/bidding-information","http://www.brla.gov/3067/bidding-information","12,390","11,364","60.79","3,825","0.29","0.64"
"www.brla.gov","2025","/157/complaints","http://www.brla.gov/157/complaints","12,200","9,604","43.54","5,524","0.41","0.59"
"www.brla.gov","2025","/176/dog-regulations","http://www.brla.gov/176/dog-regulations","12,018","9,804","41.65","9,147","0.65","0.74"
"www.brla.gov","2025","/2117/court-cost","http://www.brla.gov/2117/court-cost","11,862","10,439","74.19","2,129","0.42","0.49"
"www.brla.gov","2025","/1055/training","http://www.brla.gov/1055/training","11,718","9,271","34.66","9,315","0.54","0.61"
"www.brla.gov","2025","/270/buildings-grounds","http://www.brla.gov/270/buildings-grounds","11,694","10,738","63.34","2,447","0.18","0.37"
"www.brla.gov","2025","/687/guide-for-starting-a-new-business","http://www.brla.gov/687/guide-for-starting-a-new-business","11,448","8,758","44.76","2,631","0.20","0.44"
"www.brla.gov","2025","/963/animal-control-rescue-center-directions","http://www.brla.gov/963/animal-control-rescue-center-directions","11,411","10,315","37.46","6,195","0.45","0.64"
"www.brla.gov","2025","/1466/our-lady-of-the-lake-mid-city-clinic-p","http://www.brla.gov/1466/our-lady-of-the-lake-mid-city-clinic-p","11,248","9,677","36.25","8,962","0.78","0.87"
"www.brla.gov","2025","/1729/purchasing-department","http://www.brla.gov/1729/purchasing-department","11,215","8,173","35.16","424","0.08","0.41"
"www.brla.gov","2025","/2693/environmental-landscape","http://www.brla.gov/2693/environmental-landscape","11,142","9,780","58.15","3,507","0.37","0.59"
"www.brla.gov","2025","/493/records-custodian-public-records-reque","http://www.brla.gov/493/records-custodian-public-records-reque","11,115","9,237","48.87","3,560","0.25","0.45"
"www.brla.gov","2025","/2867/neighborhood-revitalization","http://www.brla.gov/2867/neighborhood-revitalization","11,109","9,203","43.38","5,191","0.47","0.59"
"www.brla.gov","2025","/2272/bridge","http://www.brla.gov/2272/bridge","10,965","9,683","63.76","2,587","0.22","0.79"
"www.brla.gov","2025","/366/criminal-traffic-forms","http://www.brla.gov/366/criminal-traffic-forms","10,951","9,378","60.49","3,581","0.27","0.47"
"www.brla.gov","2025","/307/retirement-system-investments","http://www.brla.gov/307/retirement-system-investments","10,919","8,919","25.40","5,114","0.46","0.70"
"www.brla.gov","2025","/sitemap","http://www.brla.gov/sitemap","10,899","8,721","36.76","1,489","0.13","0.32"
"www.brla.gov","2025","/2689/frequently-asked-questions","http://www.brla.gov/2689/frequently-asked-questions","10,875","9,727","70.99","690","0.20","0.31"
"www.brla.gov","2025","/2251/policies","http://www.brla.gov/2251/policies","10,729","9,069","70.73","7,383","0.67","0.84"
"www.brla.gov","2025","/514/our-services","http://www.brla.gov/514/our-services","10,607","9,005","43.58","2,347","0.26","0.42"
"www.brla.gov","2025","/488/inspection-divisions","http://www.brla.gov/488/inspection-divisions","10,595","8,815","31.88","2,322","0.21","0.33"
"www.brla.gov","2025","/1985/notice-of-importanttax-changes","http://www.brla.gov/1985/notice-of-importanttax-changes","10,536","7,058","33.44","2,104","0.20","0.34"
"www.brla.gov","2025","/1481/medical-transportation","http://www.brla.gov/1481/medical-transportation","10,485","8,029","31.08","10,071","0.77","0.77"
"www.brla.gov","2025","/694/oss-csbg-emergency-assistance","http://www.brla.gov/694/oss-csbg-emergency-assistance","10,472","6,485","37.62","5,498","0.32","0.51"
"www.brla.gov","2025","/2521/planning-and-zoning-schedule","http://www.brla.gov/2521/planning-and-zoning-schedule","10,451","7,513","40.97","4,983","0.36","0.57"
"www.brla.gov","2025","/1970/public-hearing-information","http://www.brla.gov/1970/public-hearing-information","10,433","7,446","36.89","4,386","0.24","0.42"
"www.brla.gov","2025","/492/parking-ticket-collections","http://www.brla.gov/492/parking-ticket-collections","10,401","8,159","43.76","7,246","0.50","0.58"
"www.brla.gov","2025","/1128/economic-development","http://www.brla.gov/1128/economic-development","10,362","7,246","41.33","4,655","0.36","0.52"
"www.brla.gov","2025","/154/about-the-companion-animal-alliance","http://www.brla.gov/154/about-the-companion-animal-alliance","9,924","8,461","25.08","4,716","0.44","0.75"
"www.brla.gov","2025","/councilcomment","http://www.brla.gov/councilcomment","9,918","7,396","64.39","6,069","0.48","0.56"
"www.brla.gov","2025","/1133/sewer-garbage-user-fees","http://www.brla.gov/1133/sewer-garbage-user-fees","9,862","8,291","59.69","6,022","0.38","0.56"
"www.brla.gov","2025","/1056/frequently-asked-questions","http://www.brla.gov/1056/frequently-asked-questions","9,855","8,367","20.25","47","0.21","0.18"
"www.brla.gov","2025","/563/public-information","http://www.brla.gov/563/public-information","9,824","9,174","33.11","1,193","0.15","0.32"
"www.brla.gov","2025","/2866/how-do-i","http://www.brla.gov/2866/how-do-i","9,697","8,672","47.02","2,323","0.22","0.44"
"www.brla.gov","2025","/1694/personnel-handbook","http://www.brla.gov/1694/personnel-handbook","9,634","7,931","85.15","741","0.09","0.65"
"www.brla.gov","2025","/352/court-services","http://www.brla.gov/352/court-services","9,601","8,660","28.55","1,398","0.23","0.33"
"www.brla.gov","2025","/1467/volunteers-of-america-south-central-loui","http://www.brla.gov/1467/volunteers-of-america-south-central-loui","9,577","7,778","36.61","3,648","0.36","0.65"
"www.brla.gov","2025","/1412/caresouth","http://www.brla.gov/1412/caresouth","9,453","8,146","23.75","7,615","0.79","0.83"
"www.brla.gov","2025","/communitydevelopmen","http://www.brla.gov/communitydevelopmen","9,438","7,567","10.59","9,216","0.59","0.59"
"www.brla.gov","2025","/639/chaneyville-community-center","http://www.brla.gov/639/chaneyville-community-center","9,433","7,160","47.42","4,380","0.34","0.45"
"www.brla.gov","2025","/1257/plan-of-government","http://www.brla.gov/1257/plan-of-government","9,415","7,209","52.78","3,604","0.26","0.29"
"www.brla.gov","2025","/2484/about-us","http://www.brla.gov/2484/about-us","9,403","8,151","26.85","1,993","0.27","0.49"
"www.brla.gov","2025","/finance","http://www.brla.gov/finance","9,382","8,128","33.18","7,288","0.30","0.33"
"www.brla.gov","2025","/2566/historic-preservation-commission","http://www.brla.gov/2566/historic-preservation-commission","9,366","6,719","38.57","6,217","0.46","0.62"
"www.brla.gov","2025","/209/staff-divisions","http://www.brla.gov/209/staff-divisions","9,352","7,701","27.40","1,750","0.22","0.27"
"www.brla.gov","2025","/3201/housing-development","http://www.brla.gov/3201/housing-development","9,351","7,492","30.12","4,509","0.44","0.66"
"www.brla.gov","2025","/1062/our-government","http://www.brla.gov/1062/our-government","9,310","7,763","27.33","5,161","0.36","0.51"
"www.brla.gov","2025","/1018/medical-supplies","http://www.brla.gov/1018/medical-supplies","9,275","7,775","14.85","8,490","0.84","0.88"
"www.brla.gov","2025","/2116/evictions","http://www.brla.gov/2116/evictions","9,167","7,413","63.99","2,645","0.33","0.51"
"www.brla.gov","2025","/1837/division-c-judge-brittany-b-jorden","http://www.brla.gov/1837/division-c-judge-brittany-b-jorden","9,105","7,481","23.17","6,331","0.49","0.59"
"www.brla.gov","2025","/3057/email-the-mayor","http://www.brla.gov/3057/email-the-mayor","9,101","7,507","58.02","2,570","0.27","0.52"
"www.brla.gov","2025","/228/organization","http://www.brla.gov/228/organization","9,098","7,010","38.50","2,545","0.22","0.50"
"www.brla.gov","2025","/3063/press-release-2024","http://www.brla.gov/3063/press-release-2024","9,090","7,885","28.89","7,696","0.73","0.80"
"www.brla.gov","2025","/formcenter/police-department-19/employees-commendation-105","http://www.brla.gov/formcenter/police-department-19/employees-commendation-105","8,989","7,705","37.22","400","0.43","0.55"
"www.brla.gov","2025","/3033/vendor-self-service-registration","http://www.brla.gov/3033/vendor-self-service-registration","8,988","6,963","38.01","5,536","0.53","0.67"
"www.brla.gov","2025","/1838/division-d-judge-yvette-alexander","http://www.brla.gov/1838/division-d-judge-yvette-alexander","8,922","7,443","23.64","6,304","0.67","0.77"
"www.brla.gov","2025","/184/livestock-chickens-fowl-regulations","http://www.brla.gov/184/livestock-chickens-fowl-regulations","8,894","5,813","21.87","7,391","0.77","0.88"
"www.brla.gov","2025","/1505/open-neighborhood-br","http://www.brla.gov/1505/open-neighborhood-br","8,837","6,391","56.77","7,270","0.64","0.71"
"www.brla.gov","2025","/3192/programs-and-projects","http://www.brla.gov/3192/programs-and-projects","8,722","6,642","20.95","876","0.12","0.21"
"www.brla.gov","2025","/2227/connectblue","http://www.brla.gov/2227/connectblue","8,681","7,859","35.07","4,106","0.42","0.71"
"www.brla.gov","2025","/2573/spanish-town","http://www.brla.gov/2573/spanish-town","8,652","7,184","17.07","7,619","0.86","0.90"
"www.brla.gov","2025","/1534/courthouse-rules","http://www.brla.gov/1534/courthouse-rules","8,576","8,271","53.14","6,677","0.76","0.85"
"www.brla.gov","2025","/3291/tips-for-using-311","http://www.brla.gov/3291/tips-for-using-311","8,523","7,701","37.64","1,470","0.26","0.43"
"www.brla.gov","2025","/3322/domestic-violence-resources","http://www.brla.gov/3322/domestic-violence-resources","8,458","6,975","19.81","6,174","0.74","0.73"
"www.brla.gov","2025","/bids.aspx","http://www.brla.gov/bids.aspx","8,439","7,453","5.04","7,659","0.79","0.80"
"www.brla.gov","2025","/formcenter/mayors-office-of-homeland-security-emerg-7/2025-east-baton-rouge-parish-hurricane-s-235","http://www.brla.gov/formcenter/mayors-office-of-homeland-security-emerg-7/2025-east-baton-rouge-parish-hurricane-s-235","8,384","6,161","86.58","7,984","0.39","0.40"
"www.brla.gov","2025","/2550/historic-landmarks","http://www.brla.gov/2550/historic-landmarks","8,376","6,886","26.97","7,595","0.90","0.93"
"www.brla.gov","2025","/439/faqs","http://www.brla.gov/439/faqs","8,327","5,679","18.90","1,093","0.11","0.22"
"www.brla.gov","2025","/396/internship-program","http://www.brla.gov/396/internship-program","8,312","6,018","22.42","6,988","0.61","0.69"
"www.brla.gov","2025","/862/section-3-program-opportunities","http://www.brla.gov/862/section-3-program-opportunities","8,273","6,993","43.38","1,166","0.19","0.46"
"www.brla.gov","2025","/formcenter/police-department-19/complaint-form-101","http://www.brla.gov/formcenter/police-department-19/complaint-form-101","8,236","6,870","59.84","1,110","0.20","0.38"
"www.brla.gov","2025","/409/ryan-white-part-a-program","http://www.brla.gov/409/ryan-white-part-a-program","8,213","5,879","36.79","4,809","0.34","0.42"
"www.brla.gov","2025","/662/futurebr","http://www.brla.gov/662/futurebr","8,194","6,136","33.07","3,890","0.36","0.65"
"www.brla.gov","2025","/227/rules-of-court","http://www.brla.gov/227/rules-of-court","8,178","7,369","40.24","6,780","0.70","0.78"
"www.brla.gov","2025","/1834/division-a-d-carson-marcantel","http://www.brla.gov/1834/division-a-d-carson-marcantel","8,170","6,575","25.18","2,884","0.35","0.60"
"www.brla.gov","2025","/1479/housing","http://www.brla.gov/1479/housing","8,050","5,527","17.53","5,468","0.46","0.51"
"www.brla.gov","2025","/3049/mybr-progress","http://www.brla.gov/3049/mybr-progress","7,981","7,230","33.87","3,309","0.31","0.41"
"www.brla.gov","2025","/documentcenter","http://www.brla.gov/documentcenter","7,936","6,433","62.07","1,201","0.06","0.56"
"www.brla.gov","2025","/480/condemnations","http://www.brla.gov/480/condemnations","7,897","5,161","19.55","3,685","0.28","0.35"
"www.brla.gov","2025","/291/special-operations","http://www.brla.gov/291/special-operations","7,862","6,938","30.34","6,083","0.71","0.75"
"www.brla.gov","2025","/425/probation","http://www.brla.gov/425/probation","7,851","6,923","28.96","6,249","0.66","0.75"
"www.brla.gov","2025","/249/fleet-management","http://www.brla.gov/249/fleet-management","7,784","6,049","58.72","4,404","0.38","0.52"
"www.brla.gov","2025","/163/council-administration-treasurers-office","http://www.brla.gov/163/council-administration-treasurers-office","7,708","6,889","67.83","2,599","0.25","0.49"
"www.brla.gov","2025","/167/pet-owners","http://www.brla.gov/167/pet-owners","7,593","7,140","28.20","977","0.29","0.46"
"www.brla.gov","2025","/alertcenter.aspx","http://www.brla.gov/alertcenter.aspx","7,545","6,953","13.84","6,262","0.80","0.80"
"www.brla.gov","2025","/222/operations","http://www.brla.gov/222/operations","7,545","6,543","41.81","1,117","0.14","0.28"
"www.brla.gov","2025","/149/business-operations-capital-programs","http://www.brla.gov/149/business-operations-capital-programs","7,525","6,255","45.91","1,412","0.22","0.40"
"www.brla.gov","2025","/1003/fire-prevention-bureau","http://www.brla.gov/1003/fire-prevention-bureau","7,463","5,916","75.26","5,646","0.58","0.68"
"www.brla.gov","2025","/1327/open-data-br","http://www.brla.gov/1327/open-data-br","7,460","5,181","25.72","4,888","0.44","0.57"
"www.brla.gov","2025","/1474/mental-health-services","http://www.brla.gov/1474/mental-health-services","7,452","6,061","33.65","6,957","0.61","0.62"
"www.brla.gov","2025","/1705/recruitment-examination","http://www.brla.gov/1705/recruitment-examination","7,435","5,436","23.84","217","0.03","0.39"
"www.brla.gov","2025","/273/actuarial-reports","http://www.brla.gov/273/actuarial-reports","7,354","3,431","11.63","1,034","0.10","0.26"
"www.brla.gov","2025","/3202/community-development-projects","http://www.brla.gov/3202/community-development-projects","7,326","5,315","58.25","1,934","0.24","0.38"
"www.brla.gov","2025","/253/applicant-handbook-pdf","http://www.brla.gov/253/applicant-handbook-pdf","7,306","6,506","81.55","498","0.10","0.50"
"www.brla.gov","2025","/1126/taxing-jurisdiction-street-lookup","http://www.brla.gov/1126/taxing-jurisdiction-street-lookup","7,284","5,927","38.93","5,056","0.60","0.72"
"www.brla.gov","2025","/3328/re-entry-services","http://www.brla.gov/3328/re-entry-services","7,258","5,425","30.27","5,742","0.70","0.80"
"www.brla.gov","2025","/1709/performance-management-appraisal-system-","http://www.brla.gov/1709/performance-management-appraisal-system-","7,217","6,478","117.83","1,034","0.12","0.70"
"www.brla.gov","2025","/511/housing-opportunities-for-persons-with-a","http://www.brla.gov/511/housing-opportunities-for-persons-with-a","7,161","4,996","35.24","4,715","0.52","0.60"
"www.brla.gov","2025","/675/rental-information","http://www.brla.gov/675/rental-information","7,123","6,230","55.84","2,402","0.33","0.64"
"www.brla.gov","2025","/3112/entry-level-fire-communications-officer-","http://www.brla.gov/3112/entry-level-fire-communications-officer-","7,033","5,605","35.68","3,466","0.41","0.66"
"www.brla.gov","2025","/983/divisions","http://www.brla.gov/983/divisions","7,018","5,979","30.03","687","0.15","0.22"
"www.brla.gov","2025","/348/types-of-traffic-calming-methods","http://www.brla.gov/348/types-of-traffic-calming-methods","6,976","6,386","7.45","5,687","0.81","0.88"
"www.brla.gov","2025","/661/active-peddler-permits","http://www.brla.gov/661/active-peddler-permits","6,933","5,672","45.79","4,658","0.68","0.78"
"www.brla.gov","2025","/2853/flooding-preparedness","http://www.brla.gov/2853/flooding-preparedness","6,929","6,385","49.67","4,087","0.62","0.77"
"www.brla.gov","2025","/1415/general-2-sales-and-use-tax-report","http://www.brla.gov/1415/general-2-sales-and-use-tax-report","6,744","4,082","34.07","3,357","0.34","0.72"
"www.brla.gov","2025","/156/animal-traps","http://www.brla.gov/156/animal-traps","6,662","5,588","53.97","2,420","0.32","0.44"
"www.brla.gov","2025","/2674/debris-removal-and-clean-up","http://www.brla.gov/2674/debris-removal-and-clean-up","6,577","5,566","40.51","5,873","0.46","0.49"
"www.brla.gov","2025","/324/getting-your-civil-case-before-the-judge","http://www.brla.gov/324/getting-your-civil-case-before-the-judge","6,576","5,898","439.54","4,456","0.54","0.62"
"www.brla.gov","2025","/404.aspx","http://www.brla.gov/404.aspx","6,501","5,193","44.88","3,581","0.36","0.56"
"www.brla.gov","2025","/2854/severe-weather-preparedness","http://www.brla.gov/2854/severe-weather-preparedness","6,476","5,743","35.70","4,726","0.62","0.71"
"www.brla.gov","2025","/1326/transparency","http://www.brla.gov/1326/transparency","6,455","5,701","108.91","2,663","0.26","0.52"
"www.brla.gov","2025","/844/city-court-traffic-fines","http://www.brla.gov/844/city-court-traffic-fines","6,434","5,621","79.81","2,140","0.36","0.48"
"www.brla.gov","2025","/2017/crime-divisions","http://www.brla.gov/2017/crime-divisions","6,427","6,036","142.85","5,854","0.80","0.83"
"www.brla.gov","2025","/3310/satellite-office","http://www.brla.gov/3310/satellite-office","6,413","5,628","45.78","991","0.18","0.26"
"www.brla.gov","2025","/2923/press-release-2023","http://www.brla.gov/2923/press-release-2023","6,317","5,591","29.35","5,553","0.68","0.73"
"www.brla.gov","2025","/1699/health-wellness","http://www.brla.gov/1699/health-wellness","6,284","5,200","88.35","602","0.07","0.45"
"www.brla.gov","2025","/3071/emergency-operations","http://www.brla.gov/3071/emergency-operations","6,256","4,800","42.66","3,693","0.54","0.61"
"www.brla.gov","2025","/1189/use-tax-transactions","http://www.brla.gov/1189/use-tax-transactions","6,240","5,584","24.59","3,701","0.59","0.72"
"www.brla.gov","2025","/446/operations","http://www.brla.gov/446/operations","6,158","4,959","25.88","1,310","0.28","0.45"
"www.brla.gov","2025","/374/contest-a-ticket","http://www.brla.gov/374/contest-a-ticket","6,112","5,065","25.74","1,464","0.24","0.39"
"www.brla.gov","2025","/2267/brpd-rtcc","http://www.brla.gov/2267/brpd-rtcc","6,105","5,496","28.68","4,417","0.63","0.76"
"www.brla.gov","2025","/2673/crisis-counseling","http://www.brla.gov/2673/crisis-counseling","6,082","5,356","22.41","5,835","0.92","0.93"
"www.brla.gov","2025","/1371/mitigation-grants-and-programs","http://www.brla.gov/1371/mitigation-grants-and-programs","6,024","4,953","46.58","4,823","0.76","0.87"
"www.brla.gov","2025","/2590/planning-commission","http://www.brla.gov/2590/planning-commission","6,006","4,392","20.83","2,589","0.32","0.58"
"www.brla.gov","2025","/agendacenter/planning-commission-12/","http://www.brla.gov/agendacenter/planning-commission-12/","5,972","5,349","24.30","4,622","0.70","0.87"
"www.brla.gov","2025","/3307/initiatives","http://www.brla.gov/3307/initiatives","5,960","4,674","14.63","275","0.22","0.26"
"www.brla.gov","2025","/213/divisions","http://www.brla.gov/213/divisions","5,842","4,552","11.54","499","0.06","0.14"
"www.brla.gov","2025","/1463/sales-and-use-tax-due-dates","http://www.brla.gov/1463/sales-and-use-tax-due-dates","5,797","4,002","16.03","1,650","0.29","0.36"
"www.brla.gov","2025","/2215/east-baton-rouge-parish-coronavirus-info","http://www.brla.gov/2215/east-baton-rouge-parish-coronavirus-info","5,746","5,270","53.41","5,468","0.82","0.88"
"www.brla.gov","2025","/3299/knowledge-base","http://www.brla.gov/3299/knowledge-base","5,740","4,911","65.35","1,101","0.22","0.48"
"www.brla.gov","2025","/846/city-parish-consolidation","http://www.brla.gov/846/city-parish-consolidation","5,669","4,529","135.63","2,513","0.43","0.56"
"www.brla.gov","2025","/2860/report-an-emergency-911","http://www.brla.gov/2860/report-an-emergency-911","5,669","5,093","28.44","4,456","0.57","0.73"
"www.brla.gov","2025","/2560/neighborhood-registry","http://www.brla.gov/2560/neighborhood-registry","5,666","4,061","74.89","3,867","0.62","0.79"
"www.brla.gov","2025","/1706/training-employee-development","http://www.brla.gov/1706/training-employee-development","5,651","3,911","15.81","972","0.09","0.50"
"www.brla.gov","2025","/formcenter/mayor-president-office-17/proclamationcertificate-request-form-92","http://www.brla.gov/formcenter/mayor-president-office-17/proclamationcertificate-request-form-92","5,626","4,946","164.29","2,630","0.43","0.66"
"www.brla.gov","2025","/302/construction-permits","http://www.brla.gov/302/construction-permits","5,601","3,725","46.49","2,823","0.30","0.32"
"www.brla.gov","2025","/329/frequently-asked-questions","http://www.brla.gov/329/frequently-asked-questions","5,535","4,377","24.52","651","0.16","0.31"
"www.brla.gov","2025","/search/index","http://www.brla.gov/search/index","5,513","3,468","42.00","209","0.07","0.31"
"www.brla.gov","2025","/2035/quarterly-budget-reports","http://www.brla.gov/2035/quarterly-budget-reports","5,504","1,679","29.62","608","0.14","0.65"
"www.brla.gov","2025","/1465/hiv-aids-alliance-for-region-two-haart","http://www.brla.gov/1465/hiv-aids-alliance-for-region-two-haart","5,498","4,761","25.02","3,407","0.62","0.74"
"www.brla.gov","2025","/1949/baton-rouge-taxicab-rates","http://www.brla.gov/1949/baton-rouge-taxicab-rates","5,388","5,029","8.40","5,180","0.90","0.90"
"www.brla.gov","2025","/formcenter/emergency-medical-services-4/request-employment-information-162","http://www.brla.gov/formcenter/emergency-medical-services-4/request-employment-information-162","5,306","4,499","128.61","329","0.04","0.38"
"www.brla.gov","2025","/1526/annual-comprehensive-financial-reports","http://www.brla.gov/1526/annual-comprehensive-financial-reports","5,292","4,428","38.51","2,293","0.34","0.65"
"www.brla.gov","2025","/2570/about-us","http://www.brla.gov/2570/about-us","5,289","4,505","38.24","1,104","0.23","0.37"
"www.brla.gov","2025","/3070/boards-and-committees","http://www.brla.gov/3070/boards-and-committees","5,270","3,554","44.22","1,524","0.37","0.47"
"www.brla.gov","2025","/2628/find-a-case","http://www.brla.gov/2628/find-a-case","5,245","4,677","70.45","1,268","0.19","0.45"
"www.brla.gov","2025","/2224/how-do-i","http://www.brla.gov/2224/how-do-i","5,242","4,438","31.76","4,473","0.14","0.14"
"www.brla.gov","2025","/3335/notice-of-tax-changes-for-july-2025","http://www.brla.gov/3335/notice-of-tax-changes-for-july-2025","5,216","3,348","31.03","1,988","0.28","0.58"
"www.brla.gov","2025","/3278/press-room","http://www.brla.gov/3278/press-room","5,201","4,573","23.21","351","0.09","0.23"
"www.brla.gov","2025","/2585/operations","http://www.brla.gov/2585/operations","5,196","4,167","74.13","52","0.02","0.40"
"www.brla.gov","2025","/1155/health-services","http://www.brla.gov/1155/health-services","5,147","4,279","31.17","2,284","0.45","0.52"
"www.brla.gov","2025","/394/receiving-a-ticket","http://www.brla.gov/394/receiving-a-ticket","5,140","4,736","39.27","376","0.19","0.24"
"www.brla.gov","2025","/197/ems-paramedic-association","http://www.brla.gov/197/ems-paramedic-association","5,110","4,387","51.48","1,378","0.28","0.40"
"www.brla.gov","2025","/345/environmental-division","http://www.brla.gov/345/environmental-division","5,079","4,257","27.79","1,676","0.24","0.38"
"www.brla.gov","2025","/3068/surplus-property-management","http://www.brla.gov/3068/surplus-property-management","5,076","3,861","28.15","3,247","0.48","0.47"
"www.brla.gov","2025","/208/hours-of-operation-court-regulations","http://www.brla.gov/208/hours-of-operation-court-regulations","5,065","4,274","32.16","3,794","0.64","0.75"
"www.brla.gov","2025","/820/the-pearl-george-senior-center","http://www.brla.gov/820/the-pearl-george-senior-center","5,033","4,074","26.19","4,087","0.66","0.81"
"www.brla.gov","2025","/3000/recruitment-hiring-and-retention","http://www.brla.gov/3000/recruitment-hiring-and-retention","4,978","4,233","39.89","3,645","0.55","0.64"
"www.brla.gov","2025","/385/inquiries","http://www.brla.gov/385/inquiries","4,911","4,083","39.21","557","0.12","0.31"
"www.brla.gov","2025","/2963/transition-to-pre-k","http://www.brla.gov/2963/transition-to-pre-k","4,837","4,382","22.84","1,076","0.27","0.53"
"www.brla.gov","2025","/914/fire-chiefs-history","http://www.brla.gov/914/fire-chiefs-history","4,785","4,093","31.20","1,466","0.51","0.64"
"www.brla.gov","2025","/2990/critical-incident-videos","http://www.brla.gov/2990/critical-incident-videos","4,780","3,839","54.81","2,645","0.22","0.24"
"www.brla.gov","2025","/371/services","http://www.brla.gov/371/services","4,714","4,289","36.42","595","0.18","0.52"
"www.brla.gov","2025","/1381/chapter-1-general-provision","http://www.brla.gov/1381/chapter-1-general-provision","4,685","3,691","43.89","1,110","0.20","0.37"
"www.brla.gov","2025","/1802/specialty-courts","http://www.brla.gov/1802/specialty-courts","4,662","4,355","23.11","353","0.19","0.17"
"www.brla.gov","2025","/1090/access","http://www.brla.gov/1090/access","4,631","4,024","42.30","3,093","0.49","0.65"
"www.brla.gov","2025","/486/litigation","http://www.brla.gov/486/litigation","4,620","3,857","78.68","691","0.16","0.20"
"www.brla.gov","2025","/161/administration","http://www.brla.gov/161/administration","4,595","3,634","42.10","333","0.21","0.38"
"www.brla.gov","2025","/970/living-in-baton-rouge","http://www.brla.gov/970/living-in-baton-rouge","4,589","3,901","29.86","2,069","0.44","0.61"
"www.brla.gov","2025","/2401/new-hire-packet-information","http://www.brla.gov/2401/new-hire-packet-information","4,564","3,486","56.63","106","0.02","0.57"
"www.brla.gov","2025","/3325/veterans-services","http://www.brla.gov/3325/veterans-services","4,547","3,241","26.18","3,177","0.60","0.69"
"www.brla.gov","2025","/formcenter/search","http://www.brla.gov/formcenter/search","4,531","3,210","30.77","244","0.18","0.28"
"www.brla.gov","2025","/1712/progressive-discipline-procedures","http://www.brla.gov/1712/progressive-discipline-procedures","4,530","3,671","59.00","1,109","0.23","0.61"
"www.brla.gov","2025","/172/cat-regulations","http://www.brla.gov/172/cat-regulations","4,520","3,967","23.58","3,099","0.61","0.72"
"www.brla.gov","2025","/2914/retirement-forms","http://www.brla.gov/2914/retirement-forms","4,477","3,741","71.87","734","0.22","0.45"
"www.brla.gov","2025","/809/about-district-7","http://www.brla.gov/809/about-district-7","4,471","3,873","69.62","3,336","0.47","0.67"
"www.brla.gov","2025","/2219/forms","http://www.brla.gov/2219/forms","4,462","3,399","26.82","50","0.06","0.20"
"www.brla.gov","2025","/1829/smoke-free-baton-rouge","http://www.brla.gov/1829/smoke-free-baton-rouge","4,457","3,760","18.09","4,235","0.87","0.89"
"www.brla.gov","2025","/64/emergency-alert","http://www.brla.gov/64/emergency-alert","4,411","3,792","17.54","4,306","0.76","0.76"
"www.brla.gov","2025","/2070/cradle-to-k-baton-rouge","http://www.brla.gov/2070/cradle-to-k-baton-rouge","4,382","3,869","50.74","717","0.29","0.37"
"www.brla.gov","2025","/1508/charitable-gaming-license-forms-informat","http://www.brla.gov/1508/charitable-gaming-license-forms-informat","4,381","3,504","14.43","3,654","0.80","0.90"
"www.brla.gov","2025","/206/explorer-post-912","http://www.brla.gov/206/explorer-post-912","4,362","3,543","30.15","2,835","0.49","0.59"
"www.brla.gov","2025","/666/neighborhood-issues","http://www.brla.gov/666/neighborhood-issues","4,355","4,012","38.15","2,914","0.43","0.54"
"www.brla.gov","2025","/2490/message-to-the-community","http://www.brla.gov/2490/message-to-the-community","4,327","3,606","81.51","596","0.16","0.60"
"www.brla.gov","2025","/495/boards","http://www.brla.gov/495/boards","4,316","3,561","83.83","2,156","0.52","0.66"
"www.brla.gov","2025","/1655/travel-information-forms","http://www.brla.gov/1655/travel-information-forms","4,313","2,650","9.97","404","0.00","0.23"
"www.brla.gov","2025","/formcenter/mayors-office-of-homeland-security-emerg-7/east-baton-rouge-parish-community-emerge-207","http://www.brla.gov/formcenter/mayors-office-of-homeland-security-emerg-7/east-baton-rouge-parish-community-emerge-207","4,306","3,665","76.46","675","0.22","0.54"
"www.brla.gov","2025","/387/appropriate-court-behavior-attire","http://www.brla.gov/387/appropriate-court-behavior-attire","4,302","3,756","17.87","1,826","0.39","0.55"
"www.brla.gov","2025","/169/owning-a-pet-in-east-baton-rouge-parish","http://www.brla.gov/169/owning-a-pet-in-east-baton-rouge-parish","4,246","3,501","31.95","1,440","0.30","0.45"
"www.brla.gov","2025","/1271/chapter-9-personnel","http://www.brla.gov/1271/chapter-9-personnel","4,227","3,589","46.31","1,548","0.20","0.38"
"www.brla.gov","2025","/143/apply-for","http://www.brla.gov/143/apply-for","4,192","3,836","43.24","392","0.10","0.34"
"www.brla.gov","2025","/494/sobriety-court","http://www.brla.gov/494/sobriety-court","4,185","3,709","36.90","3,030","0.61","0.80"
"www.brla.gov","2025","/851/city-parish-demographics","http://www.brla.gov/851/city-parish-demographics","4,173","3,477","41.07","1,804","0.31","0.58"
"www.brla.gov","2025","/3317/pray-for-the-parish","http://www.brla.gov/3317/pray-for-the-parish","4,159","3,354","26.76","2,066","0.37","0.41"
"www.brla.gov","2025","/3197/complaint-or-concern-form","http://www.brla.gov/3197/complaint-or-concern-form","4,132","2,991","34.86","3,154","0.46","0.65"
"www.brla.gov","2025","/462/alcoholic-beverage-control-gaming","http://www.brla.gov/462/alcoholic-beverage-control-gaming","4,127","3,430","25.20","901","0.14","0.22"
"www.brla.gov","2025","/1683/fire-department","http://www.brla.gov/1683/fire-department","4,100","3,114","12.73","1,077","0.09","0.20"
"www.brla.gov","2025","/3032/procurement-related-forms","http://www.brla.gov/3032/procurement-related-forms","4,059","3,465","64.35","339","0.19","0.20"
"www.brla.gov","2025","/2713/apply-to-the-citizens-academy","http://www.brla.gov/2713/apply-to-the-citizens-academy","4,017","3,452","49.56","2,586","0.65","0.75"
"www.brla.gov","2025","/230/public-information","http://www.brla.gov/230/public-information","4,003","3,302","26.74","460","0.19","0.33"
"www.brla.gov","2025","/381/fine-exceptions","http://www.brla.gov/381/fine-exceptions","3,985","3,349","44.10","29","0.16","0.25"
"www.brla.gov","2025","/3345/special-events","http://www.brla.gov/3345/special-events","3,967","2,145","20.69","3,356","0.59","0.70"
"www.brla.gov","2025","/218/accounting-division","http://www.brla.gov/218/accounting-division","3,958","2,829","75.83","1,709","0.30","0.48"
"www.brla.gov","2025","/recovery","http://www.brla.gov/recovery","3,957","3,351","4.86","1,282","0.18","0.15"
"www.brla.gov","2025","/1175/hot-topics","http://www.brla.gov/1175/hot-topics","3,937","2,221","50.72","862","0.20","0.46"
"www.brla.gov","2025","/1570/department-policies-procedures-manual","http://www.brla.gov/1570/department-policies-procedures-manual","3,926","2,386","22.87","951","0.11","0.24"
"www.brla.gov","2025","/403/volunteer-program","http://www.brla.gov/403/volunteer-program","3,918","3,010","17.22","2,037","0.44","0.66"
"www.brla.gov","2025","/1702/family-medical-leave-act","http://www.brla.gov/1702/family-medical-leave-act","3,909","3,186","123.84","551","0.07","0.57"
"www.brla.gov","2025","/297/spanish-town-parking-district-regulation","http://www.brla.gov/297/spanish-town-parking-district-regulation","3,904","2,697","22.37","3,212","0.73","0.77"
"www.brla.gov","2025","//civicalerts.aspx","http://www.brla.gov//civicalerts.aspx","3,887","3,639","10.50","3,759","0.90","0.92"
"www.brla.gov","2025","/1646/budget-forms-information","http://www.brla.gov/1646/budget-forms-information","3,881","3,519","80.64","967","0.12","0.50"
"www.brla.gov","2025","/847/judicial-enforcement","http://www.brla.gov/847/judicial-enforcement","3,864","2,577","50.62","3,013","0.72","0.77"
"www.brla.gov","2025","/343/industrial-pretreatment-program","http://www.brla.gov/343/industrial-pretreatment-program","3,848","2,823","55.94","2,604","0.38","0.47"
"www.brla.gov","2025","/171/dog-cat-license-fee","http://www.brla.gov/171/dog-cat-license-fee","3,837","2,920","24.84","1,593","0.45","0.51"
"www.brla.gov","2025","/1324/board-of-adjustment-calendar","http://www.brla.gov/1324/board-of-adjustment-calendar","3,837","3,083","45.14","2,652","0.27","0.49"
"www.brla.gov","2025","/855/community-development","http://www.brla.gov/855/community-development","3,800","3,281","36.06","0","0.03","0.47"
"www.brla.gov","2025","/formcenter/fire-department-8/smoke-detector-installation-program-58","http://www.brla.gov/formcenter/fire-department-8/smoke-detector-installation-program-58","3,795","3,137","63.89","2,027","0.40","0.73"
"www.brla.gov","2025","/1593/get-red-stick-ready","http://www.brla.gov/1593/get-red-stick-ready","3,722","2,903","18.63","1,011","0.38","0.56"
"www.brla.gov","2025","/agendacenter/","http://www.brla.gov/agendacenter/","3,713","3,442","28.24","3,556","0.89","0.89"
"www.brla.gov","2025","/690/services","http://www.brla.gov/690/services","3,701","3,343","63.13","1,070","0.37","0.47"
"www.brla.gov","2025","/207/general-information","http://www.brla.gov/207/general-information","3,673","2,937","59.10","1,559","0.42","0.52"
"www.brla.gov","2025","/1024/community-centers","http://www.brla.gov/1024/community-centers","3,672","2,374","11.98","156","0.07","0.27"
"www.brla.gov","2025","/2672/basic-needs-assistance","http://www.brla.gov/2672/basic-needs-assistance","3,665","2,784","61.09","3,609","0.93","0.94"
"www.brla.gov","2025","/540/risk-management","http://www.brla.gov/540/risk-management","3,663","3,004","50.85","1,831","0.41","0.55"
"www.brla.gov","2025","/3309/community-outreach","http://www.brla.gov/3309/community-outreach","3,658","3,260","29.72","343","0.20","0.31"
"www.brla.gov","2025","/2016/storm-drain-dos-and-donts","http://www.brla.gov/2016/storm-drain-dos-and-donts","3,655","2,853","25.47","2,689","0.73","0.85"
"www.brla.gov","2025","/189/urban-wildlife","http://www.brla.gov/189/urban-wildlife","3,652","3,095","44.88","562","0.11","0.48"
"www.brla.gov","2025","/planofgovernment","http://www.brla.gov/planofgovernment","3,650","1,996","52.05","3,550","0.53","0.87"
"www.brla.gov","2025","/342/families-in-need-of-service-juvenile-del","http://www.brla.gov/342/families-in-need-of-service-juvenile-del","3,646","3,141","12.68","2,561","0.65","0.72"
"www.brla.gov","2025","//calendar.aspx","http://www.brla.gov//calendar.aspx","3,623","3,034","17.61","3,319","0.57","0.62"
"www.brla.gov","2025","/3326/food-assistance","http://www.brla.gov/3326/food-assistance","3,612","2,963","32.84","1,045","0.37","0.51"
"www.brla.gov","2025","/3082/resources-and-guides","http://www.brla.gov/3082/resources-and-guides","3,595","2,689","64.38","764","0.24","0.51"
"www.brla.gov","2025","/2106/cybersecurity-preparedness","http://www.brla.gov/2106/cybersecurity-preparedness","3,594","3,250","16.45","1,724","0.43","0.60"
"www.brla.gov","2025","/468/helpful-resources","http://www.brla.gov/468/helpful-resources","3,542","2,902","46.01","459","0.15","0.31"
"www.brla.gov","2025","/3245/procurement-opportunities","http://www.brla.gov/3245/procurement-opportunities","3,539","2,384","46.46","235","0.22","0.43"
"www.brla.gov","2025","/recycle","http://www.brla.gov/recycle","3,534","3,036","27.47","2,463","0.34","0.43"
"www.brla.gov","2025","/1302/about","http://www.brla.gov/1302/about","3,532","2,707","28.31","854","0.43","0.40"
"www.brla.gov","2025","/346/traffic-calming","http://www.brla.gov/346/traffic-calming","3,530","2,876","25.00","1,984","0.36","0.40"
"www.brla.gov","2025","/formcenter/homelessness-prevention-30/homelessness-prevention-222","http://www.brla.gov/formcenter/homelessness-prevention-30/homelessness-prevention-222","3,529","2,954","56.69","316","0.18","0.40"
"www.brla.gov","2025","/502/about-us","http://www.brla.gov/502/about-us","3,515","3,237","79.12","1,523","0.17","0.36"
"www.brla.gov","2025","/192/useful-resources","http://www.brla.gov/192/useful-resources","3,503","2,783","35.13","343","0.09","0.48"
"www.brla.gov","2025","/formcenter/police-department-19/chat-with-the-chief-220","http://www.brla.gov/formcenter/police-department-19/chat-with-the-chief-220","3,475","3,210","146.84","465","0.23","0.47"
"www.brla.gov","2025","/368/outstanding-checks-refundable-deposits","http://www.brla.gov/368/outstanding-checks-refundable-deposits","3,471","2,277","32.81","2,102","0.25","0.33"
"www.brla.gov","2025","/3027/supplier-sedbe-outreach-and-engagement","http://www.brla.gov/3027/supplier-sedbe-outreach-and-engagement","3,464","2,205","23.94","404","0.26","0.31"
"www.brla.gov","2025","/142/contact","http://www.brla.gov/142/contact","3,460","3,282","59.97","1,175","0.28","0.45"
"www.brla.gov","2025","/2562/complete-streets-advisory-committee","http://www.brla.gov/2562/complete-streets-advisory-committee","3,451","3,207","97.99","1,952","0.43","0.60"
"www.brla.gov","2025","/2536/baton-rouge-brownfields-program","http://www.brla.gov/2536/baton-rouge-brownfields-program","3,445","3,124","85.30","2,304","0.59","0.79"
"www.brla.gov","2025","/1671/travel-forms","http://www.brla.gov/1671/travel-forms","3,442","2,185","55.74","0","0.00","0.54"
"www.brla.gov","2025","/1328/maps-and-location-based-data","http://www.brla.gov/1328/maps-and-location-based-data","3,417","3,052","102.37","1,717","0.46","0.59"
"www.brla.gov","2025","/1692/employee-relations","http://www.brla.gov/1692/employee-relations","3,399","2,607","70.67","21","0.07","0.25"
"www.brla.gov","2025","/2067/new-resident-flyer","http://www.brla.gov/2067/new-resident-flyer","3,396","2,303","21.46","280","0.43","0.46"
"www.brla.gov","2025","/3195/policies-and-federal-compliance","http://www.brla.gov/3195/policies-and-federal-compliance","3,382","2,096","19.91","1,818","0.25","0.35"
"www.brla.gov","2025","/1744/forms","http://www.brla.gov/1744/forms","3,379","2,498","10.13","0","0.07","0.14"
"www.brla.gov","2025","/1677/budget-financial-reports","http://www.brla.gov/1677/budget-financial-reports","3,371","2,649","4.79","98","0.01","0.12"
"www.brla.gov","2025","/2220/policies","http://www.brla.gov/2220/policies","3,349","2,581","50.75","1,188","0.06","0.13"
"www.brla.gov","2025","/170/duty-court-schedule","http://www.brla.gov/170/duty-court-schedule","3,346","2,679","56.89","2,333","0.67","0.72"
"www.brla.gov","2025","/948/education","http://www.brla.gov/948/education","3,324","2,642","12.67","1,377","0.32","0.58"
"www.brla.gov","2025","/339/child-in-need-of-care","http://www.brla.gov/339/child-in-need-of-care","3,311","2,591","36.59","2,227","0.69","0.79"
"www.brla.gov","2025","/849/warrant-task-force","http://www.brla.gov/849/warrant-task-force","3,298","2,708","59.05","1,699","0.41","0.55"
"www.brla.gov","2025","/2852/tornado-preparedness","http://www.brla.gov/2852/tornado-preparedness","3,280","2,931","18.94","2,227","0.59","0.84"
"www.brla.gov","2025","/1950/contact-list","http://www.brla.gov/1950/contact-list","3,252","2,832","39.00","2,415","0.75","0.88"
"www.brla.gov","2025","/158/accounting","http://www.brla.gov/158/accounting","3,238","2,388","34.10","905","0.21","0.40"
"www.brla.gov","2025","/1336/mitigation","http://www.brla.gov/1336/mitigation","3,213","2,797","61.80","1,571","0.44","0.41"
"www.brla.gov","2025","/831/divisions","http://www.brla.gov/831/divisions","3,212","2,654","15.48","236","0.24","0.35"
"www.brla.gov","2025","/3193/plans-policies-and-reports","http://www.brla.gov/3193/plans-policies-and-reports","3,200","2,804","159.65","587","0.14","0.42"
"www.brla.gov","2025","/997/communications","http://www.brla.gov/997/communications","3,187","2,548","24.92","1,236","0.25","0.39"
"www.brla.gov","2025","/2924/procurement-terms-and-conditions","http://www.brla.gov/2924/procurement-terms-and-conditions","3,175","2,437","34.07","1,681","0.56","0.57"
"www.brla.gov","2025","/308/street-closure-permit-approval","http://www.brla.gov/308/street-closure-permit-approval","3,173","1,786","15.58","685","0.35","0.46"
"www.brla.gov","2025","/447/tips-for-residents","http://www.brla.gov/447/tips-for-residents","3,168","2,607","38.45","29","0.09","0.22"
"www.brla.gov","2025","/257/faqs","http://www.brla.gov/257/faqs","3,157","2,275","20.82","0","0.14","0.22"
"www.brla.gov","2025","/393/i-care-program","http://www.brla.gov/393/i-care-program","3,130","2,677","21.15","2,568","0.61","0.64"
"www.brla.gov","2025","/1057/smoke-alarms","http://www.brla.gov/1057/smoke-alarms","3,128","2,591","37.70","2,526","0.47","0.55"
"www.brla.gov","2025","/2494/staff-divisions","http://www.brla.gov/2494/staff-divisions","3,117","2,545","25.37","182","0.11","0.21"
"www.brla.gov","2025","/822/taxing-ordinances","http://www.brla.gov/822/taxing-ordinances","3,116","2,651","44.86","1,010","0.22","0.50"
"www.brla.gov","2025","/1153/service-fee-business-office-customer-mem","http://www.brla.gov/1153/service-fee-business-office-customer-mem","3,115","2,383","44.13","1,185","0.31","0.55"
"www.brla.gov","2025","/2223/city-parish-apps","http://www.brla.gov/2223/city-parish-apps","3,113","2,684","113.82","270","0.25","0.72"
"www.brla.gov","2025","/1050/fire-suppression","http://www.brla.gov/1050/fire-suppression","3,112","2,749","21.67","1,160","0.40","0.62"
"www.brla.gov","2025","/2507/transparency","http://www.brla.gov/2507/transparency","3,100","2,743","34.84","559","0.14","0.45"
"www.brla.gov","2025","/1384/services","http://www.brla.gov/1384/services","3,096","2,324","34.85","503","0.29","0.45"
"www.brla.gov","2025","/formcenter/mayor-president-office-17/mayors-event-participation-form-104","http://www.brla.gov/formcenter/mayor-president-office-17/mayors-event-participation-form-104","3,080","2,586","68.82","1,002","0.27","0.74"
"www.brla.gov","2025","/1812/family-preparedness","http://www.brla.gov/1812/family-preparedness","3,069","2,955","33.06","342","0.14","0.63"
"www.brla.gov","2025","/3321/health-substance-abuse","http://www.brla.gov/3321/health-substance-abuse","3,069","2,009","54.61","258","0.29","0.34"
"www.brla.gov","2025","/2625/future-land-use-map","http://www.brla.gov/2625/future-land-use-map","3,043","2,459","105.31","1,636","0.32","0.50"
"www.brla.gov","2025","/2731/fatherhood-initiative","http://www.brla.gov/2731/fatherhood-initiative","3,020","1,929","24.22","2,407","0.83","0.82"
"www.brla.gov","2025","/2577/historic-districts","http://www.brla.gov/2577/historic-districts","2,987","2,324","17.59","1,775","0.50","0.68"
"www.brla.gov","2025","/3013/massage-establishments","http://www.brla.gov/3013/massage-establishments","2,982","2,666","50.20","979","0.33","0.55"
"www.brla.gov","2025","/2636/citizen-data-academy","http://www.brla.gov/2636/citizen-data-academy","2,979","2,799","49.42","1,355","0.33","0.53"
"www.brla.gov","2025","/2589/training","http://www.brla.gov/2589/training","2,977","2,927","73.93","164","0.10","0.45"
"www.brla.gov","2025","/1132/service-fee-business-office","http://www.brla.gov/1132/service-fee-business-office","2,973","2,751","68.13","1,492","0.46","0.54"
"www.brla.gov","2025","/408/electronic-bidding","http://www.brla.gov/408/electronic-bidding","2,971","2,576","73.94","1,161","0.33","0.68"
"www.brla.gov","2025","/3206/disaster-recovery","http://www.brla.gov/3206/disaster-recovery","2,968","2,537","84.81","1,702","0.54","0.65"
"www.brla.gov","2025","/3231/entry-level-fire-records-clerk-employmen","http://www.brla.gov/3231/entry-level-fire-records-clerk-employmen","2,968","2,028","23.85","1,009","0.26","0.29"
"www.brla.gov","2025","/3287/sedbe-events","http://www.brla.gov/3287/sedbe-events","2,965","2,383","98.95","586","0.43","0.48"
"www.brla.gov","2025","/3227/infrastructure-projects","http://www.brla.gov/3227/infrastructure-projects","2,950","1,972","36.46","1,046","0.22","0.45"
"www.brla.gov","2025","/1511/drug-lab","http://www.brla.gov/1511/drug-lab","2,925","2,459","19.06","2,812","0.91","0.95"
"www.brla.gov","2025","/1841/division-e-judge-moore-vendetto","http://www.brla.gov/1841/division-e-judge-moore-vendetto","2,923","2,699","21.92","1,669","0.45","0.63"
"www.brla.gov","2025","/985/things-to-do","http://www.brla.gov/985/things-to-do","2,893","2,666","21.67","770","0.36","0.71"
"www.brla.gov","2025","/fire","http://www.brla.gov/fire","2,882","2,624","21.37","2,784","0.63","0.64"
"www.brla.gov","2025","/623/district-4-aaron-moakhttps://www.brla.gov/623/district-4-aaron-moak","http://www.brla.gov/623/district-4-aaron-moakhttps://www.brla.gov/623/district-4-aaron-moak","2,866","1,769","17.95","57","0.04","0.17"
"www.brla.gov","2025","/1746/information-templates","http://www.brla.gov/1746/information-templates","2,821","2,481","141.69","776","0.19","0.69"
"www.brla.gov","2025","/3011/early-childhood-literacy","http://www.brla.gov/3011/early-childhood-literacy","2,806","2,543","27.98","950","0.42","0.61"
"www.brla.gov","2025","/812/claim-for-refund-of-taxes-paid-form","http://www.brla.gov/812/claim-for-refund-of-taxes-paid-form","2,792","2,384","52.08","2,374","0.81","0.91"
"www.brla.gov","2025","/facilities/facility/details/jewel-j-newman-community-center-3","http://www.brla.gov/facilities/facility/details/jewel-j-newman-community-center-3","2,785","2,470","8.74","1,252","0.42","0.56"
"www.brla.gov","2025","/1721/information-services","http://www.brla.gov/1721/information-services","2,777","1,548","43.61","0","0.18","0.25"
"www.brla.gov","2025","/1266/chapter-4-mayor-president","http://www.brla.gov/1266/chapter-4-mayor-president","2,760","2,630","26.90","1,479","0.53","0.64"
"www.brla.gov","2025","/2973/employee-retiree-health-fair","http://www.brla.gov/2973/employee-retiree-health-fair","2,756","2,633","13.32","1,715","0.58","0.77"
"www.brla.gov","2025","/1786/online-forms","http://www.brla.gov/1786/online-forms","2,755","2,428","89.70","622","0.19","0.68"
"www.brla.gov","2025","/1561/council-budget-office","http://www.brla.gov/1561/council-budget-office","2,733","2,208","10.88","0","0.04","0.10"
"www.brla.gov","2025","/3208/community-engagement","http://www.brla.gov/3208/community-engagement","2,720","2,525","25.54","888","0.27","0.26"
"www.brla.gov","2025","/664/office-of-neighborhoods","http://www.brla.gov/664/office-of-neighborhoods","2,714","1,955","28.24","1,142","0.45","0.40"
"www.brla.gov","2025","/1591/get-information","http://www.brla.gov/1591/get-information","2,693","2,335","94.66","462","0.19","0.45"
"www.brla.gov","2025","/283/recruiting-forms","http://www.brla.gov/283/recruiting-forms","2,692","2,013","58.78","264","0.08","0.30"
"www.brla.gov","2025","/3103/constituents","http://www.brla.gov/3103/constituents","2,688","2,405","20.49","249","0.15","0.29"
"www.brla.gov","2025","/3113/east-baton-rouge-parish-emergency-operat","http://www.brla.gov/3113/east-baton-rouge-parish-emergency-operat","2,646","2,169","77.94","1,929","0.56","0.74"
"www.brla.gov","2025","/2485/brpd-mission","http://www.brla.gov/2485/brpd-mission","2,643","1,975","72.41","1,226","0.23","0.41"
"www.brla.gov","2025","/formcenter/mayors-office-of-homeland-security-emerg-7/basic-american-red-cross-shelter-trainin-237","http://www.brla.gov/formcenter/mayors-office-of-homeland-security-emerg-7/basic-american-red-cross-shelter-trainin-237","2,643","1,967","61.06","2,447","0.81","0.76"
"www.brla.gov","2025","/1273/chapter-11-miscellaneous","http://www.brla.gov/1273/chapter-11-miscellaneous","2,640","2,322","53.94","466","0.24","0.40"
"www.brla.gov","2025","/1352/training","http://www.brla.gov/1352/training","2,640","1,777","33.05","1,708","0.52","0.58"
"www.brla.gov","2025","/2511/programs","http://www.brla.gov/2511/programs","2,635","1,977","4.28","550","0.13","0.19"
"www.brla.gov","2025","/1264/chapter-2-governing-bodies","http://www.brla.gov/1264/chapter-2-governing-bodies","2,631","2,252","34.04","236","0.14","0.48"
"www.brla.gov","2025","/facilities/facility/details/dr-martin-l-king-jr-community-center-5","http://www.brla.gov/facilities/facility/details/dr-martin-l-king-jr-community-center-5","2,617","2,214","14.05","847","0.37","0.41"
"www.brla.gov","2025","/529/income-tax-service","http://www.brla.gov/529/income-tax-service","2,616","2,102","31.46","1,669","0.54","0.63"
"www.brla.gov","2025","/facilities/facility/details/dr-leo-s-butler-community-center-4","http://www.brla.gov/facilities/facility/details/dr-leo-s-butler-community-center-4","2,612","2,348","88.70","1,119","0.23","0.39"
"www.brla.gov","2025","/1943/taxicab-and-vehicles-for-hire","http://www.brla.gov/1943/taxicab-and-vehicles-for-hire","2,589","2,265","25.30","1,643","0.47","0.58"
"www.brla.gov","2025","/999/fire-investigation","http://www.brla.gov/999/fire-investigation","2,586","2,149","43.89","1,233","0.50","0.57"
"www.brla.gov","2025","/463/investigation-enforcement","http://www.brla.gov/463/investigation-enforcement","2,573","2,271","36.12","647","0.30","0.42"
"www.brla.gov","2025","/2974/parent-family-community-engagement","http://www.brla.gov/2974/parent-family-community-engagement","2,572","1,393","18.83","2,131","0.86","0.86"
"www.brla.gov","2025","/1589/get-prepared","http://www.brla.gov/1589/get-prepared","2,557","2,236","51.35","896","0.37","0.52"
"www.brla.gov","2025","/1351/planning","http://www.brla.gov/1351/planning","2,556","2,147","72.04","595","0.27","0.43"
"www.brla.gov","2025","/926/why-we-have-city-parish-government","http://www.brla.gov/926/why-we-have-city-parish-government","2,548","2,360","46.57","1,012","0.36","0.61"
"www.brla.gov","2025","/dataacademy","http://www.brla.gov/dataacademy","2,546","2,380","35.94","1,538","0.60","0.77"
"www.brla.gov","2025","/formcenter/human-development-services-9/training-provider-acceptance-63","http://www.brla.gov/formcenter/human-development-services-9/training-provider-acceptance-63","2,542","2,329","23.10","2,395","0.85","0.89"
"www.brla.gov","2025","/852/location-maps","http://www.brla.gov/852/location-maps","2,518","2,171","27.12","1,721","0.63","0.73"
"www.brla.gov","2025","/accessibility","http://www.brla.gov/accessibility","2,515","2,297","35.41","469","0.38","0.47"
"www.brla.gov","2025","/215/loans-applications","http://www.brla.gov/215/loans-applications","2,500","2,027","12.84","2,367","0.74","0.87"
"www.brla.gov","2025","/agendacenter/complete-streets-citizen-advisory-commit-9/","http://www.brla.gov/agendacenter/complete-streets-citizen-advisory-commit-9/","2,470","2,313","30.07","2,393","0.51","0.51"
"www.brla.gov","2025","/1334/preparedness","http://www.brla.gov/1334/preparedness","2,464","2,383","35.02","330","0.16","0.24"
"www.brla.gov","2025","/3303/community-outreach-committee","http://www.brla.gov/3303/community-outreach-committee","2,459","2,183","12.81","946","0.21","0.39"
"www.brla.gov","2025","/415/bidding-procedures","http://www.brla.gov/415/bidding-procedures","2,450","1,954","25.11","682","0.26","0.29"
"www.brla.gov","2025","/agendacenter/ebrp-communications-district-board-10/","http://www.brla.gov/agendacenter/ebrp-communications-district-board-10/","2,435","2,252","123.51","2,108","0.66","0.80"
"www.brla.gov","2025","/285/publications","http://www.brla.gov/285/publications","2,426","2,120","53.00","323","0.11","0.45"
"www.brla.gov","2025","/471/gaming-enforcement","http://www.brla.gov/471/gaming-enforcement","2,422","2,059","61.96","1,865","0.52","0.60"
"www.brla.gov","2025","/152/animal-control-officers","http://www.brla.gov/152/animal-control-officers","2,421","1,910","24.17","43","0.11","0.43"
"www.brla.gov","2025","/2849/extreme-heat-preparedness","http://www.brla.gov/2849/extreme-heat-preparedness","2,402","2,157","70.47","1,066","0.39","0.69"
"www.brla.gov","2025","/1410/residential-solid-waste-user-fee-assista","http://www.brla.gov/1410/residential-solid-waste-user-fee-assista","2,392","2,072","91.52","1,266","0.28","0.40"
"www.brla.gov","2025","/formcenter/emergency-medical-services-4/cad-incident-flag-report-183","http://www.brla.gov/formcenter/emergency-medical-services-4/cad-incident-flag-report-183","2,380","2,024","71.95","2,090","0.66","0.73"
"www.brla.gov","2025","/1817/individuals-with-disabilities-access-fun","http://www.brla.gov/1817/individuals-with-disabilities-access-fun","2,365","1,972","51.31","1,360","0.45","0.37"
"www.brla.gov","2025","/2586/administration","http://www.brla.gov/2586/administration","2,324","1,995","15.79","56","0.02","0.33"
"www.brla.gov","2025","/357/non-significant-industrial-user","http://www.brla.gov/357/non-significant-industrial-user","2,320","1,904","63.37","688","0.30","0.86"
"www.brla.gov","2025","/484/1993-present","http://www.brla.gov/484/1993-present","2,316","1,965","30.19","1,026","0.46","0.61"
"www.brla.gov","2025","/1689/divisions","http://www.brla.gov/1689/divisions","2,292","1,907","7.86","43","0.04","0.08"
"www.brla.gov","2025","/2677/operation-blue-roof","http://www.brla.gov/2677/operation-blue-roof","2,286","2,041","10.41","2,063","0.88","0.92"
"www.brla.gov","2025","/2869/24930/brpd-resources","http://www.brla.gov/2869/24930/brpd-resources","2,277","2,067","73.12","1,158","0.45","0.74"
"www.brla.gov","2025","/306/parade-permits","http://www.brla.gov/306/parade-permits","2,276","1,184","35.99","1,886","0.45","0.52"
"www.brla.gov","2025","/301/street-closure-permits","http://www.brla.gov/301/street-closure-permits","2,251","1,742","144.70","1,089","0.44","0.48"
"www.brla.gov","2025","/3259/breeze","http://www.brla.gov/3259/breeze","2,228","1,667","24.47","186","0.26","0.34"
"www.brla.gov","2025","/2124/finance-department-annual-reports","http://www.brla.gov/2124/finance-department-annual-reports","2,219","1,714","47.94","100","0.08","0.19"
"www.brla.gov","2025","/2170/financial-literacy-workshops","http://www.brla.gov/2170/financial-literacy-workshops","2,217","2,115","0.61","2,108","0.93","0.99"
"www.brla.gov","2025","/1270/chapter-8-finance","http://www.brla.gov/1270/chapter-8-finance","2,210","1,657","99.78","461","0.10","0.38"
"www.brla.gov","2025","/1682/city-parish-payroll-procedures","http://www.brla.gov/1682/city-parish-payroll-procedures","2,207","1,464","36.11","0","0.01","0.13"
"www.brla.gov","2025","/2637/futurebr-maps-and-resources","http://www.brla.gov/2637/futurebr-maps-and-resources","2,205","1,874","17.23","831","0.29","0.42"
"www.brla.gov","2025","/512/solid-waste-program","http://www.brla.gov/512/solid-waste-program","2,204","1,652","21.63","147","0.21","0.41"
"www.brla.gov","2025","/2640/character-area-map","http://www.brla.gov/2640/character-area-map","2,200","1,998","88.08","1,297","0.59","0.70"
"www.brla.gov","2025","/221/financial-reports","http://www.brla.gov/221/financial-reports","2,186","1,836","32.20","203","0.15","0.15"
"www.brla.gov","2025","/formcenter/emergency-medical-services-4/supervisor-patient-feedback-form-219","http://www.brla.gov/formcenter/emergency-medical-services-4/supervisor-patient-feedback-form-219","2,168","1,209","39.44","102","0.05","0.19"
"www.brla.gov","2025","/1265/chapter-3-governing-bodies-powers-and-du","http://www.brla.gov/1265/chapter-3-governing-bodies-powers-and-du","2,165","1,708","33.98","190","0.13","0.26"
"www.brla.gov","2025","/2865/publications","http://www.brla.gov/2865/publications","2,156","2,022","46.39","270","0.19","0.38"
"www.brla.gov","2025","/311","http://www.brla.gov/311","2,139","1,793","14.23","2,112","0.28","0.38"
"www.brla.gov","2025","/378/behavior-modification-programs","http://www.brla.gov/378/behavior-modification-programs","2,120","1,704","67.32","646","0.35","0.52"
"www.brla.gov","2025","/3230/public-information-office","http://www.brla.gov/3230/public-information-office","2,115","1,889","28.67","446","0.15","0.27"
"www.brla.gov","2025","/1469/early-intervention-services","http://www.brla.gov/1469/early-intervention-services","2,114","1,846","12.38","1,833","0.65","0.77"
"www.brla.gov","2025","/1690/administration","http://www.brla.gov/1690/administration","2,114","1,883","25.20","284","0.11","0.23"
"www.brla.gov","2025","/633/revenue-auditing-division","http://www.brla.gov/633/revenue-auditing-division","2,085","1,632","14.06","924","0.31","0.45"
"www.brla.gov","2025","/2074/forms-policies-general-information","http://www.brla.gov/2074/forms-policies-general-information","2,064","1,693","8.34","0","0.01","0.19"
"www.brla.gov","2025","/agendacenter/metro-board-of-adjustment-4/","http://www.brla.gov/agendacenter/metro-board-of-adjustment-4/","2,061","1,849","14.93","1,799","0.48","0.64"
"www.brla.gov","2025","/3114/community-connect","http://www.brla.gov/3114/community-connect","2,045","1,656","22.56","523","0.31","0.38"
"www.brla.gov","2025","/2641/small-area-plans","http://www.brla.gov/2641/small-area-plans","2,043","1,635","121.86","631","0.26","0.52"
"www.brla.gov","2025","/2998/use-of-force","http://www.brla.gov/2998/use-of-force","2,040","1,483","60.67","1,625","0.60","0.67"
"www.brla.gov","2025","/1206/pay","http://www.brla.gov/1206/pay","2,036","1,864","20.73","583","0.38","0.53"
"www.brla.gov","2025","/191/nuisance-control-operators-training","http://www.brla.gov/191/nuisance-control-operators-training","2,032","1,673","21.18","1,555","0.71","0.79"
"www.brla.gov","2025","/400/manship-theater","http://www.brla.gov/400/manship-theater","2,030","1,619","5.80","1,699","0.85","0.90"
"www.brla.gov","2025","/formcenter/finance-5/request-an-occupational-license-renewal54","http://www.brla.gov/formcenter/finance-5/request-an-occupational-license-renewal54","2,025","1,709","73.85","149","0.20","0.25"
"www.brla.gov","2025","/521/medication-assistance-csbg","http://www.brla.gov/521/medication-assistance-csbg","2,021","1,622","34.56","680","0.24","0.45"
"www.brla.gov","2025","/435/information-about-the-advisory-council","http://www.brla.gov/435/information-about-the-advisory-council","2,019","1,463","37.50","911","0.45","0.52"
"www.brla.gov","2025","/facilities","http://www.brla.gov/facilities","2,019","1,749","21.96","856","0.30","0.58"
"www.brla.gov","2025","/2670/american-rescue-plan-act-of-2021","http://www.brla.gov/2670/american-rescue-plan-act-of-2021","2,017","1,245","141.42","1,168","0.52","0.69"
"www.brla.gov","2025","/487/1911-1988","http://www.brla.gov/487/1911-1988","2,013","1,824","25.02","637","0.39","0.57"
"www.brla.gov","2025","/1014/animal-services","http://www.brla.gov/1014/animal-services","2,000","1,649","11.68","682","0.29","0.42"
"www.brla.gov","2025","/1054/special-services","http://www.brla.gov/1054/special-services","1,991","1,806","22.83","479","0.30","0.45"
"www.brla.gov","2025","/2931/lma-fighting-blight-resources","http://www.brla.gov/2931/lma-fighting-blight-resources","1,988","1,820","153.13","1,245","0.49","0.58"
"www.brla.gov","2025","/650/americans-with-disabilities-ada-task-for","http://www.brla.gov/650/americans-with-disabilities-ada-task-for","1,969","1,779","53.37","1,121","0.53","0.62"
"www.brla.gov","2025","/2584/administrative-forms","http://www.brla.gov/2584/administrative-forms","1,968","1,590","30.89","0","0.01","0.44"
"www.brla.gov","2025","/168/council-budget-office","http://www.brla.gov/168/council-budget-office","1,961","1,451","17.40","284","0.13","0.21"
"www.brla.gov","2025","/467/legal-prosecution","http://www.brla.gov/467/legal-prosecution","1,956","1,476","41.87","53","0.06","0.35"
"www.brla.gov","2025","/747/programs","http://www.brla.gov/747/programs","1,946","1,676","67.56","668","0.35","0.59"
"www.brla.gov","2025","/1653/travel-ordinance","http://www.brla.gov/1653/travel-ordinance","1,921","1,436","67.32","0","0.02","0.61"
"www.brla.gov","2025","/1269/chapter-7-fire-department","http://www.brla.gov/1269/chapter-7-fire-department","1,914","1,605","37.03","643","0.38","0.55"
"www.brla.gov","2025","/855/office-of-community-development","http://www.brla.gov/855/office-of-community-development","1,912","1,655","32.48","1,654","0.77","0.80"
"www.brla.gov","2025","/364/fats-oils-grease","http://www.brla.gov/364/fats-oils-grease","1,908","1,638","29.24","1,147","0.42","0.55"
"www.brla.gov","2025","/239/radio-shop","http://www.brla.gov/239/radio-shop","1,900","1,746","16.07","1,078","0.54","0.64"
"www.brla.gov","2025","/335/about-us","http://www.brla.gov/335/about-us","1,899","1,547","43.79","100","0.11","0.48"
"www.brla.gov","2025","/1684/policies-procedures-manuals","http://www.brla.gov/1684/policies-procedures-manuals","1,885","1,140","26.73","630","0.07","0.24"
"www.brla.gov","2025","/documentcenter/view/2589","http://www.brla.gov/documentcenter/view/2589","1,876","1,429","33.99","0","0.16","0.17"
"www.brla.gov","2025","/3115/total-compensation-study","http://www.brla.gov/3115/total-compensation-study","1,872","1,640","35.89","1,623","0.64","0.76"
"www.brla.gov","2025","/agendacenter/planning-commission-12","http://www.brla.gov/agendacenter/planning-commission-12","1,854","1,683","4,201.17","1,692","0.71","0.71"
"www.brla.gov","2025","/615/internal-auditing-division","http://www.brla.gov/615/internal-auditing-division","1,853","1,467","53.11","874","0.49","0.43"
"www.brla.gov","2025","/1673/travel-rules","http://www.brla.gov/1673/travel-rules","1,842","1,097","39.67","0","0.00","0.34"
"www.brla.gov","2025","/433/eligibility-to-bid","http://www.brla.gov/433/eligibility-to-bid","1,835","1,504","171.45","211","0.10","0.48"
"www.brla.gov","2025","/1051/hazardous-materials","http://www.brla.gov/1051/hazardous-materials","1,814","1,430","42.35","1,327","0.51","0.55"
"www.brla.gov","2025","/3232/secretary-to-the-fire-chief-employment","http://www.brla.gov/3232/secretary-to-the-fire-chief-employment","1,790","1,597","30.60","162","0.23","0.39"
"www.brla.gov","2025","/3143/plans","http://www.brla.gov/3143/plans","1,776","1,388","87.85","1,188","0.29","0.50"
"www.brla.gov","2025","/formcenter/mayors-office-of-homeland-security-emerg-7/2025-east-baton-rouge-parish-hurricane-s-234","http://www.brla.gov/formcenter/mayors-office-of-homeland-security-emerg-7/2025-east-baton-rouge-parish-hurricane-s-234","1,767","1,653","142.28","1,767","0.71","0.71"
"www.brla.gov","2025","/2210/east-baton-rouge-parish-coronavirus-info","http://www.brla.gov/2210/east-baton-rouge-parish-coronavirus-info","1,756","1,415","4.07","1,625","0.90","0.97"
"www.brla.gov","2025","/429/ryan-white-funded-providers","http://www.brla.gov/429/ryan-white-funded-providers","1,756","1,644","11.73","589","0.30","0.39"
"www.brla.gov","2025","/305","http://www.brla.gov/305","1,750","1,420","33.32","129","0.15","0.60"
"www.brla.gov","2025","/833/administration","http://www.brla.gov/833/administration","1,747","1,478","17.61","354","0.17","0.50"
"www.brla.gov","2025","/873/community-links-resources","http://www.brla.gov/873/community-links-resources","1,746","1,371","89.72","553","0.33","0.52"
"www.brla.gov","2025","/1656/city-parish-mileage-reimbursement-rates","http://www.brla.gov/1656/city-parish-mileage-reimbursement-rates","1,743","918","43.10","51","0.02","0.17"
"www.brla.gov","2025","/1562/grants-contract-review-committee","http://www.brla.gov/1562/grants-contract-review-committee","1,743","1,392","34.07","0","0.02","0.19"
"www.brla.gov","2025","/1728/public-works","http://www.brla.gov/1728/public-works","1,741","1,214","22.81","56","0.07","0.11"
"www.brla.gov","2025","/1736/procedures-manuals","http://www.brla.gov/1736/procedures-manuals","1,731","1,474","55.77","332","0.10","0.56"
"www.brla.gov","2025","/2884/community-services","http://www.brla.gov/2884/community-services","1,730","1,544","16.51","726","0.32","0.66"
"www.brla.gov","2025","/formcenter/emergency-medical-services-4/event-request-form-44","http://www.brla.gov/formcenter/emergency-medical-services-4/event-request-form-44","1,729","1,458","67.08","282","0.18","0.52"
"www.brla.gov","2025","/agendacenter/mosquito-abatement-rodent-control-board-26/","http://www.brla.gov/agendacenter/mosquito-abatement-rodent-control-board-26/","1,728","1,448","29.40","56","0.05","0.55"
"www.brla.gov","2025","/1476/substance-abuse","http://www.brla.gov/1476/substance-abuse","1,727","1,450","22.57","1,582","0.85","0.81"
"www.brla.gov","2025","/517/revenue-facts","http://www.brla.gov/517/revenue-facts","1,714","1,456","120.37","513","0.26","0.66"
"www.brla.gov","2025","/482/law-enforcement-fallen-heroes-memorial","http://www.brla.gov/482/law-enforcement-fallen-heroes-memorial","1,708","1,575","19.37","1,101","0.61","0.61"
"www.brla.gov","2025","/jobsl(http://www.brla.gov/jobs)","http://www.brla.gov/jobsl(http://www.brla.gov/jobs)","1,704","1,704","5.08","1,704","0.81","0.81"
"www.brla.gov","2025","/477/avoiding-fraud-scams","http://www.brla.gov/477/avoiding-fraud-scams","1,703","1,553","13.64","1,398","0.75","0.84"
"www.brla.gov","2025","/392/plead-guilty-in-person","http://www.brla.gov/392/plead-guilty-in-person","1,688","1,560","31.43","151","0.18","0.33"
"www.brla.gov","2025","/1811/all-hazards-preparedness","http://www.brla.gov/1811/all-hazards-preparedness","1,687","1,483","70.87","468","0.16","0.39"
"www.brla.gov","2025","/2571/drehr-place","http://www.brla.gov/2571/drehr-place","1,675","1,583","30.95","736","0.26","0.46"
"www.brla.gov","2025","/2579/geaux-get-vaccinated","http://www.brla.gov/2579/geaux-get-vaccinated","1,674","1,674","0.25","1,640","0.98","1.00"
"www.brla.gov","2025","/menforothers","http://www.brla.gov/menforothers","1,673","1,615","15.87","1,615","0.75","0.90"
"www.brla.gov","2025","/1592/get-involved","http://www.brla.gov/1592/get-involved","1,672","1,300","8.63","412","0.25","0.50"
"www.brla.gov","2025","/2576/restoration-tax-abatement-program","http://www.brla.gov/2576/restoration-tax-abatement-program","1,672","1,258","172.59","956","0.29","0.51"
"www.brla.gov","2025","/375/alternatives-to-detention-services","http://www.brla.gov/375/alternatives-to-detention-services","1,668","1,330","27.60","1,090","0.68","0.66"
"www.brla.gov","2025","/1480/legal-services","http://www.brla.gov/1480/legal-services","1,667","1,211","22.58","1,297","0.78","0.88"
"www.brla.gov","2025","/2284/fleet-management","http://www.brla.gov/2284/fleet-management","1,653","1,342","59.93","154","0.04","0.65"
"www.brla.gov","2025","/1191/how-do-i","http://www.brla.gov/1191/how-do-i","1,646","1,502","25.32","0","0.05","0.13"
"www.brla.gov","2025","/2278/executime-resources","http://www.brla.gov/2278/executime-resources","1,637","766","53.96","0","0.00","0.40"
"www.brla.gov","2025","/389/plead-guilty-by-mail","http://www.brla.gov/389/plead-guilty-by-mail","1,635","1,363","30.47","139","0.06","0.36"
"www.brla.gov","2025","/2966/transition-to-kindergarten","http://www.brla.gov/2966/transition-to-kindergarten","1,620","1,573","30.81","563","0.37","0.60"
"www.brla.gov","2025","/1190/faqs","http://www.brla.gov/1190/faqs","1,617","1,555","15.15","194","0.04","0.21"
"www.brla.gov","2025","/realestate.aspx","http://www.brla.gov/realestate.aspx","1,614","740","5.38","855","0.48","0.60"
"www.brla.gov","2025","/2869/brpd-resources","http://www.brla.gov/2869/brpd-resources","1,574","1,488","156.59","1,255","0.52","0.68"
"www.brla.gov","2025","/701/publications","http://www.brla.gov/701/publications","1,571","1,280","96.25","219","0.20","0.42"
"www.brla.gov","2025","/424/about-us","http://www.brla.gov/424/about-us","1,568","1,300","11.39","56","0.17","0.22"
"www.brla.gov","2025","/facilities/facility/details/charles-r-kelly-community-center-2","http://www.brla.gov/facilities/facility/details/charles-r-kelly-community-center-2","1,556","1,430","23.87","257","0.27","0.44"
"www.brla.gov","2025","/1944/ordinances","http://www.brla.gov/1944/ordinances","1,554","1,294","22.90","286","0.20","0.57"
"www.brla.gov","2025","/1565/auto-committee-vehicle-policies","http://www.brla.gov/1565/auto-committee-vehicle-policies","1,552","1,041","22.56","56","0.05","0.65"
"www.brla.gov","2025","/1814/pet-preparedness","http://www.brla.gov/1814/pet-preparedness","1,549","1,491","40.48","707","0.51","0.50"
"www.brla.gov","2025","/341/street-classifications","http://www.brla.gov/341/street-classifications","1,547","1,253","19.03","815","0.45","0.71"
"www.brla.gov","2025","/2534/economic-development","http://www.brla.gov/2534/economic-development","1,544","838","14.23","577","0.48","0.61"
"www.brla.gov","2025","/1413/crescentcare-legal","http://www.brla.gov/1413/crescentcare-legal","1,542","1,385","12.79","789","0.55","0.70"
"www.brla.gov","2025","/2996/iacp-trust-building-campaign","http://www.brla.gov/2996/iacp-trust-building-campaign","1,536","1,221","22.67","458","0.43","0.52"
"www.brla.gov","2025","/1724/accessing-webmail","http://www.brla.gov/1724/accessing-webmail","1,533","978","26.27","402","0.26","0.67"
"www.brla.gov","2025","/386/east-baton-rouge-parish-library-system","http://www.brla.gov/386/east-baton-rouge-parish-library-system","1,533","1,253","18.12","1,166","0.68","0.82"
"www.brla.gov","2025","/2063/lgbtq-police-liaison","http://www.brla.gov/2063/lgbtq-police-liaison","1,530","1,474","28.04","551","0.29","0.60"
"www.brla.gov","2025","/2751/pillar-5-training-and-education","http://www.brla.gov/2751/pillar-5-training-and-education","1,521","1,405","23.19","425","0.35","0.66"
"www.brla.gov","2025","/354/bringing-volunteerism-into-city-court","http://www.brla.gov/354/bringing-volunteerism-into-city-court","1,518","1,355","68.24","324","0.14","0.49"
"www.brla.gov","2025","/2723/redistricting-2022","http://www.brla.gov/2723/redistricting-2022","1,511","1,361","81.08","740","0.47","0.67"
"www.brla.gov","2025","/144/find","http://www.brla.gov/144/find","1,510","1,366","63.68","215","0.11","0.34"
"www.brla.gov","2025","/1700/employee-assistance-program","http://www.brla.gov/1700/employee-assistance-program","1,505","1,251","83.23","110","0.20","0.53"
"www.brla.gov","2025","/2850/winter-weather-preparedness","http://www.brla.gov/2850/winter-weather-preparedness","1,475","1,475","65.80","1,080","0.56","0.74"
"www.brla.gov","2025","/426/information-on-hiv-services","http://www.brla.gov/426/information-on-hiv-services","1,453","1,142","5.02","190","0.29","0.30"
"www.brla.gov","2025","/465/complaint-line","http://www.brla.gov/465/complaint-line","1,446","1,294","6.91","845","0.36","0.69"
"www.brla.gov","2025","/2921/east-baton-rouge-public-safety-plan","http://www.brla.gov/2921/east-baton-rouge-public-safety-plan","1,445","1,312","15.11","784","0.49","0.73"
"www.brla.gov","2025","/853/executive-legislative-judicial-operation","http://www.brla.gov/853/executive-legislative-judicial-operation","1,423","1,211","5.36","294","0.12","0.20"
"www.brla.gov","2025","/677/senior-wellness-enrichment-enhancement-p","http://www.brla.gov/677/senior-wellness-enrichment-enhancement-p","1,419","1,289","71.33","864","0.55","0.74"
"www.brla.gov","2025","/295/general-characteristics-of-traffic-signa","http://www.brla.gov/295/general-characteristics-of-traffic-signa","1,408","1,210","12.91","1,408","1.00","1.00"
"www.brla.gov","2025","/formcenter","http://www.brla.gov/formcenter","1,407","733","19.80","479","0.19","0.35"
"www.brla.gov","2025","/3002/community-relations","http://www.brla.gov/3002/community-relations","1,403","1,038","27.65","644","0.30","0.47"
"www.brla.gov","2025","/2276/munis-financial-resources","http://www.brla.gov/2276/munis-financial-resources","1,394","965","12.21","155","0.03","0.46"
"www.brla.gov","2025","/3183/capital-area-police-athleticactivities-l","http://www.brla.gov/3183/capital-area-police-athleticactivities-l","1,392","1,184","31.98","923","0.79","0.81"
"www.brla.gov","2025","/761/requests-complaints-grievance-procedures","http://www.brla.gov/761/requests-complaints-grievance-procedures","1,380","1,070","58.21","889","0.39","0.61"
"www.brla.gov","2025","/1483/case-management-non-medical","http://www.brla.gov/1483/case-management-non-medical","1,377","1,320","15.92","980","0.42","0.52"
"www.brla.gov","2025","/235/appeals","http://www.brla.gov/235/appeals","1,371","1,203","15.40","667","0.41","0.63"
"www.brla.gov","2025","/3083/disaster-assistance","http://www.brla.gov/3083/disaster-assistance","1,359","1,247","62.67","935","0.55","0.67"
"www.brla.gov","2025","/2762/environment-and-conservation","http://www.brla.gov/2762/environment-and-conservation","1,354","1,258","30.65","1,194","0.90","0.96"
"www.brla.gov","2025","/406/educational-clinics","http://www.brla.gov/406/educational-clinics","1,343","1,138","56.47","478","0.47","0.50"
"www.brla.gov","2025","/2178/district-2-for-u","http://www.brla.gov/2178/district-2-for-u","1,343","1,031","49.45","741","0.37","0.45"
"www.brla.gov","2025","/formcenter/emergency-medical-services-4/feedback-and-review-68","http://www.brla.gov/formcenter/emergency-medical-services-4/feedback-and-review-68","1,338","1,282","12.40","865","0.69","0.88"
"www.brla.gov","2025","/1268/chapter-6-police-department","http://www.brla.gov/1268/chapter-6-police-department","1,323","1,129","85.61","281","0.23","0.41"
"www.brla.gov","2025","/formcenter/emergency-medical-services-4/ems-explorer-post-inquiry-43","http://www.brla.gov/formcenter/emergency-medical-services-4/ems-explorer-post-inquiry-43","1,318","978","111.91","341","0.28","0.71"
"www.brla.gov","2025","/formcenter/planning-commission-26/planning-commission-","http://www.brla.gov/formcenter/planning-commission-26/planning-commission-","1,308","1,203","4.06","1,203","0.80","0.80"
"www.brla.gov","2025","/2761/transportation","http://www.brla.gov/2761/transportation","1,303","1,144","36.43","1,203","0.94","0.84"
"www.brla.gov","2025","/399/helpful-links","http://www.brla.gov/399/helpful-links","1,302","1,107","64.19","467","0.51","0.45"
"www.brla.gov","2025","/documentcenter/","http://www.brla.gov/documentcenter/","1,301","1,145","42.14","595","0.13","0.28"
"www.brla.gov","2025","/1338/recovery","http://www.brla.gov/1338/recovery","1,300","1,044","7.34","730","0.68","0.84"
"www.brla.gov","2025","/2277/munis-hrpayroll-resources","http://www.brla.gov/2277/munis-hrpayroll-resources","1,300","687","19.67","392","0.01","0.13"
"www.brla.gov","2025","/2978/disabilities","http://www.brla.gov/2978/disabilities","1,299","1,181","41.77","404","0.34","0.66"
"www.brla.gov","2025","/2756/elements","http://www.brla.gov/2756/elements","1,296","851","4.59","157","0.44","0.33"
"www.brla.gov","2025","/710/meet-the-members","http://www.brla.gov/710/meet-the-members","1,293","1,293","12.75","1,018","0.71","0.79"
"www.brla.gov","2025","/2537/city-parish-enterprise-zone-application","http://www.brla.gov/2537/city-parish-enterprise-zone-application","1,290","687","87.49","213","0.08","0.52"
"www.brla.gov","2025","/430/services","http://www.brla.gov/430/services","1,274","1,192","31.67","518","0.44","0.51"
"www.brla.gov","2025","/2487/resources","http://www.brla.gov/2487/resources","1,266","1,109","17.98","377","0.16","0.39"
"www.brla.gov","2025","/390/gardening-program","http://www.brla.gov/390/gardening-program","1,264","972","10.25","600","0.58","0.78"
"www.brla.gov","2025","/994/privacy","http://www.brla.gov/994/privacy","1,257","1,217","44.22","828","0.70","0.85"
"www.brla.gov","2025","/documentcenter/view/21783/2025-east-baton-rouge-parish-emergency-operations-plan-eop","http://www.brla.gov/documentcenter/view/21783/2025-east-baton-rouge-parish-emergency-operations-plan-eop","1,247","784","5.85","1,149","0.61","0.61"
"www.brla.gov","2025","/443/history","http://www.brla.gov/443/history","1,240","1,070","27.82","244","0.08","0.50"
"www.brla.gov","2025","/369/budgeting-division","http://www.brla.gov/369/budgeting-division","1,236","1,092","31.40","291","0.27","0.45"
"www.brla.gov","2025","/site/copyright","http://www.brla.gov/site/copyright","1,230","991","9.76","227","0.46","0.62"
"www.brla.gov","2025","/289/pedestrian-safety","http://www.brla.gov/289/pedestrian-safety","1,227","1,171","23.00","753","0.62","0.65"
"www.brla.gov","2025","/858/legislative-branch","http://www.brla.gov/858/legislative-branch","1,225","827","46.62","380","0.09","0.15"
"www.brla.gov","2025","/formcenter/city-court-6/contact-us-form-48","http://www.brla.gov/formcenter/city-court-6/contact-us-form-48","1,224","1,053","29.81","45","0.10","0.30"
"www.brla.gov","2025","/2254/mayors-international-relations-commissio","http://www.brla.gov/2254/mayors-international-relations-commissio","1,218","587","39.54","806","0.51","0.70"
"www.brla.gov","2025","/3016/28273/accreditation","http://www.brla.gov/3016/28273/accreditation","1,211","1,154","95.84","133","0.12","0.39"
"www.brla.gov","2025","/rss.aspx","http://www.brla.gov/rss.aspx","1,207","1,150","26.72","609","0.32","0.69"
"www.brla.gov","2025","/362/local-discharge-limits-surchargeable-par","http://www.brla.gov/362/local-discharge-limits-surchargeable-par","1,206","988","18.28","577","0.50","0.64"
"www.brla.gov","2025","/myaccount/profilecreate","http://www.brla.gov/myaccount/profilecreate","1,192","756","40.30","142","0.25","0.22"
"www.brla.gov","2025","/2025/franchises","http://www.brla.gov/2025/franchises","1,185","1,185","10.22","1,083","0.90","0.90"
"www.brla.gov","2025","/287/multi-way-stop-studies","http://www.brla.gov/287/multi-way-stop-studies","1,180","879","42.54","663","0.56","0.64"
"www.brla.gov","2025","/1082/composting","http://www.brla.gov/1082/composting","1,179","1,179","36.77","1,123","0.85","0.79"
"www.brla.gov","2025","/1343/open-data-policy","http://www.brla.gov/1343/open-data-policy","1,178","936","23.21","530","0.35","0.56"
"www.brla.gov","2025","/formcenter/emergency-medical-services-4/cism-contact-tracking-form-164","http://www.brla.gov/formcenter/emergency-medical-services-4/cism-contact-tracking-form-164","1,168","919","197.46","740","0.33","0.34"
"www.brla.gov","2025","/1049/yard-smart-earth-wise","http://www.brla.gov/1049/yard-smart-earth-wise","1,153","1,153","31.02","438","0.30","0.46"
"www.brla.gov","2025","/1048/fire-safety","http://www.brla.gov/1048/fire-safety","1,153","1,046","25.29","291","0.42","0.43"
"www.brla.gov","2025","/843/community-services","http://www.brla.gov/843/community-services","1,146","920","30.06","601","0.60","0.58"
"www.brla.gov","2025","/2377/covid-19-vaccine-information","http://www.brla.gov/2377/covid-19-vaccine-information","1,137","1,025","3.00","1,137","1.00","1.00"
"www.brla.gov","2025","/formcenter/finance-5/contact-us-56","http://www.brla.gov/formcenter/finance-5/contact-us-56","1,137","1,027","99.54","122","0.04","0.32"
"www.brla.gov","2025","/428/result-tabulation-bid-awarding-delivery","http://www.brla.gov/428/result-tabulation-bid-awarding-delivery","1,129","844","35.76","281","0.19","0.43"
"www.brla.gov","2025","/3069/mohsep-accreditation-awards","http://www.brla.gov/3069/mohsep-accreditation-awards","1,129","856","16.91","312","0.48","0.47"
"www.brla.gov","2025","/connectblue","http://www.brla.gov/connectblue","1,123","1,088","8.53","849","0.74","0.87"
"www.brla.gov","2025","/2222/health-wellness","http://www.brla.gov/2222/health-wellness","1,115","841","44.74","0","0.00","0.19"
"www.brla.gov","2025","/formcenter/human-development-services-9/early-head-start-program-application-65","http://www.brla.gov/formcenter/human-development-services-9/early-head-start-program-application-65","1,110","1,053","93.56","738","0.54","0.87"
"www.brla.gov","2025","/1691/personnel-board","http://www.brla.gov/1691/personnel-board","1,109","913","15.50","0","0.12","0.19"
"www.brla.gov","2025","/1909/whole-community-preparedness","http://www.brla.gov/1909/whole-community-preparedness","1,106","917","51.86","359","0.41","0.57"
"www.brla.gov","2025","/3346/special-event-application","http://www.brla.gov/3346/special-event-application","1,104","725","62.68","87","0.24","0.79"
"www.brla.gov","2025","/692/news","http://www.brla.gov/692/news","1,104","913","8.09","589","0.48","0.79"
"www.brla.gov","2025","/2980/nutrition","http://www.brla.gov/2980/nutrition","1,099","957","8.16","490","0.59","0.59"
"www.brla.gov","2025","/2747/pillar-1-trust-and-legitimacy","http://www.brla.gov/2747/pillar-1-trust-and-legitimacy","1,095","985","4.06","528","0.61","0.80"
"www.brla.gov","2025","/2482/request-a-public-record","http://www.brla.gov/2482/request-a-public-record","1,092","939","40.46","731","0.59","0.67"
"www.brla.gov","2025","/816/brbacs-metro-health-education","http://www.brla.gov/816/brbacs-metro-health-education","1,080","912","14.85","758","0.62","0.75"
"www.brla.gov","2025","/815/refund-application-instructions","http://www.brla.gov/815/refund-application-instructions","1,076","880","24.85","365","0.43","0.51"
"www.brla.gov","2025","/642/spotlight-on-district-5-videos","http://www.brla.gov/642/spotlight-on-district-5-videos","1,068","906","38.35","112","0.24","0.41"
"www.brla.gov","2025","/1747/purchasing-a-to-z","http://www.brla.gov/1747/purchasing-a-to-z","1,064","607","12.06","0","0.06","0.09"
"www.brla.gov","2025","/2046/boards-of-commission-ethics-training","http://www.brla.gov/2046/boards-of-commission-ethics-training","1,060","918","12.33","322","0.31","0.57"
"www.brla.gov","2025","/2199/2019-comprehensive-annual-financial-repo","http://www.brla.gov/2199/2019-comprehensive-annual-financial-repo","1,045","459","19.08","101","0.11","0.46"
"www.brla.gov","2025","/2846/hazmat-spillrelease-preparedness","http://www.brla.gov/2846/hazmat-spillrelease-preparedness","1,043","700","21.13","353","0.27","0.35"
"www.brla.gov","2025","/1649/miscellaneous-expenditures","http://www.brla.gov/1649/miscellaneous-expenditures","1,042","611","5.97","101","0.08","0.41"
"www.brla.gov","2025","/397/auction-information","http://www.brla.gov/397/auction-information","1,041","833","3.95","878","0.85","0.90"
"www.brla.gov","2025","/2753/land-use","http://www.brla.gov/2753/land-use","1,040","928","11.16","608","0.64","0.72"
"www.brla.gov","2025","/formcenter/emergency-medical-services-4/award-nomination-form-217","http://www.brla.gov/formcenter/emergency-medical-services-4/award-nomination-form-217","1,032","728","334.68","760","0.33","0.47"
"www.brla.gov","2025","/1337/response","http://www.brla.gov/1337/response","1,031","1,006","24.98","264","0.51","0.78"
"www.brla.gov","2025","/2757/parks-and-recreation","http://www.brla.gov/2757/parks-and-recreation","1,030","974","21.60","818","0.81","0.77"
"www.brla.gov","2025","/2032/taxicab-control-board","http://www.brla.gov/2032/taxicab-control-board","1,023","884","37.75","435","0.42","0.32"
"www.brla.gov","2025","/380/community-supervision-probation","http://www.brla.gov/380/community-supervision-probation","1,022","1,022","14.00","356","0.46","0.39"
"www.brla.gov","2025","/1746/professional-services","http://www.brla.gov/1746/professional-services","1,010","954","192.59","281","0.23","0.77"
"www.brla.gov","2025","/3001/victim-services","http://www.brla.gov/3001/victim-services","1,007","770","15.05","632","0.61","0.63"
"www.brla.gov","2025","/1740/annual-contracts","http://www.brla.gov/1740/annual-contracts","1,007","634","15.51","24","0.05","0.26"
"www.brla.gov","2025","/2031/pedicab","http://www.brla.gov/2031/pedicab","994","695","16.83","783","0.26","0.75"
"www.brla.gov","2025","/854/executive-branch","http://www.brla.gov/854/executive-branch","983","901","20.14","327","0.37","0.70"
"www.brla.gov","2025","/formcenter/fire-department-8/fire-safety-and-prevention-classes-57","http://www.brla.gov/formcenter/fire-department-8/fire-safety-and-prevention-classes-57","981","797","54.19","456","0.37","0.47"
"www.brla.gov","2025","/458/permit-inspection-division","http://www.brla.gov/458/permit-inspection-division","981","871","17.98","51","0.08","0.24"
"www.brla.gov","2025","/opstaycool","http://www.brla.gov/opstaycool","976","892","2.73","921","0.81","0.86"
"www.brla.gov","2025","/2885/apply-to","http://www.brla.gov/2885/apply-to","973","657","18.05","327","0.70","0.42"
"www.brla.gov","2025","/826/public-utility-ordinance","http://www.brla.gov/826/public-utility-ordinance","969","763","11.28","638","0.63","0.85"
"www.brla.gov","2025","/2535/reasonable-accommodations","http://www.brla.gov/2535/reasonable-accommodations","961","824","184.97","464","0.50","0.79"
"www.brla.gov","2025","/agendacenter/employees-retirement-system-board-of-tru-7/","http://www.brla.gov/agendacenter/employees-retirement-system-board-of-tru-7/","952","748","17.51","817","0.67","0.79"
"www.brla.gov","2025","/job","http://www.brla.gov/job","940","615","27.98","729","0.18","0.25"
"www.brla.gov","2025","/1648/expenditure-policies","http://www.brla.gov/1648/expenditure-policies","931","520","2.56","56","0.00","0.18"
"www.brla.gov","2025","/3233/interpreterlanguage-services","http://www.brla.gov/3233/interpreterlanguage-services","926","681","45.21","697","0.62","0.74"
"www.brla.gov","2025","/3211/subrecipient-resources","http://www.brla.gov/3211/subrecipient-resources","924","819","43.26","100","0.17","0.32"
"www.brla.gov","2025","/3119/information-about-the-advisory-board","http://www.brla.gov/3119/information-about-the-advisory-board","918","875","10.83","152","0.15","0.13"
"www.brla.gov","2025","/2100/board-of-appeals-calendar","http://www.brla.gov/2100/board-of-appeals-calendar","918","804","48.12","358","0.18","0.41"
"www.brla.gov","2025","/formcenter/emergency-medical-services-4/ems-event-satisfaction-survey-231","http://www.brla.gov/formcenter/emergency-medical-services-4/ems-event-satisfaction-survey-231","904","614","178.70","904","0.74","0.74"
"www.brla.gov","2025","/1777/risk-management","http://www.brla.gov/1777/risk-management","904","636","36.34","0","0.00","0.15"
"www.brla.gov","2025","/1023/social-media-terms-of-use","http://www.brla.gov/1023/social-media-terms-of-use","903","775","32.27","847","0.55","0.79"
"www.brla.gov","2025","/373/school-outreach-program","http://www.brla.gov/373/school-outreach-program","899","617","18.19","548","0.56","0.64"
"www.brla.gov","2025","/1629/divisions","http://www.brla.gov/1629/divisions","894","894","15.72","0","0.00","0.08"
"www.brla.gov","2025","/facilities/facility/details/chaneyville-community-center-1","http://www.brla.gov/facilities/facility/details/chaneyville-community-center-1","893","837","12.03","142","0.18","0.23"
"www.brla.gov","2025","/3220/data-driven-procurement-processing","http://www.brla.gov/3220/data-driven-procurement-processing","883","601","109.86","271","0.29","0.57"
"www.brla.gov","2025","/2920/navigating-a-cyber-attack","http://www.brla.gov/2920/navigating-a-cyber-attack","868","868","16.74","498","0.48","0.68"
"www.brla.gov","2025","/1745/emergency-purchases","http://www.brla.gov/1745/emergency-purchases","864","710","86.44","57","0.05","0.57"
"www.brla.gov","2025","/857/judicial-branch","http://www.brla.gov/857/judicial-branch","857","857","71.61","186","0.28","0.58"
"www.brla.gov","2025","/1380/social-media","http://www.brla.gov/1380/social-media","856","813","81.80","390","0.53","0.73"
"www.brla.gov","2025","/1908/business-preparedness","http://www.brla.gov/1908/business-preparedness","855","818","28.06","275","0.25","0.54"
"www.brla.gov","2025","/334/flashing-lights","http://www.brla.gov/334/flashing-lights","854","685","12.99","185","0.15","0.34"
"www.brla.gov","2025","/1103/science-of-composting","http://www.brla.gov/1103/science-of-composting","852","808","0.60","764","0.85","0.96"
"www.brla.gov","2025","/formcenter/mayors-office-of-homeland-security-emerg-7/basic-american-red-cross-shelter-trainin-238","http://www.brla.gov/formcenter/mayors-office-of-homeland-security-emerg-7/basic-american-red-cross-shelter-trainin-238","851","715","94.23","709","0.51","0.49"
"www.brla.gov","2025","/ofs","http://www.brla.gov/ofs","843","561","21.01","443","0.24","0.47"
"www.brla.gov","2025","/825/insurance-tax-ordinance","http://www.brla.gov/825/insurance-tax-ordinance","835","640","32.47","723","0.69","0.69"
"www.brla.gov","2025","/agendacenter/personnel-board-22/","http://www.brla.gov/agendacenter/personnel-board-22/","831","708","108.79","515","0.24","0.48"
"www.brla.gov","2025","/3110/brownfields-assessment-assistance","http://www.brla.gov/3110/brownfields-assessment-assistance","830","705","106.95","457","0.38","0.63"
"www.brla.gov","2025","/2402/optional-pay-adjustment-policy","http://www.brla.gov/2402/optional-pay-adjustment-policy","828","704","29.85","0","0.05","0.65"
"www.brla.gov","2025","/332/divisional-annual-reports","http://www.brla.gov/332/divisional-annual-reports","825","657","4.97","0","0.00","0.09"
"www.brla.gov","2025","/2631/2016-flood-substantial-damage-info","http://www.brla.gov/2631/2016-flood-substantial-damage-info","825","762","95.86","186","0.37","0.45"
"www.brla.gov","2025","/3329/animal-control-rescue-center","http://www.brla.gov/3329/animal-control-rescue-center","824","711","15.04","221","0.17","0.54"
"www.brla.gov","2025","/165/arbitrator-curator-application","http://www.brla.gov/165/arbitrator-curator-application","822","765","36.40","302","0.47","0.69"
"www.brla.gov","2025","/727/community-conversations-in-district-7","http://www.brla.gov/727/community-conversations-in-district-7","822","822","151.58","163","0.10","0.23"
"www.brla.gov","2025","/2776/report-recommendation-13","http://www.brla.gov/2776/report-recommendation-13","821","711","14.66","708","0.66","0.72"
"www.brla.gov","2025","/formcenter/emergency-medical-services-4/incident-report-218","http://www.brla.gov/formcenter/emergency-medical-services-4/incident-report-218","820","820","69.27","161","0.09","0.38"
"www.brla.gov","2025","/292/signal-warrant-studies","http://www.brla.gov/292/signal-warrant-studies","815","752","21.27","282","0.43","0.65"
"www.brla.gov","2025","/2045/watch-archived-pog-meetings","http://www.brla.gov/2045/watch-archived-pog-meetings","810","753","10.29","101","0.23","0.41"
"www.brla.gov","2025","/1613/35-requests-for-leave","http://www.brla.gov/1613/35-requests-for-leave","810","640","36.53","0","0.09","0.11"
"www.brla.gov","2025","/3080/disaster-declarations","http://www.brla.gov/3080/disaster-declarations","809","729","6.92","394","0.74","0.70"
"www.brla.gov","2025","/3298/33202/your-form-has-been-submitted","http://www.brla.gov/3298/33202/your-form-has-been-submitted","799","799","50.26","506","0.56","0.95"
"www.brla.gov","2025","/1001/frequently-asked-questions","http://www.brla.gov/1001/frequently-asked-questions","798","715","18.46","116","0.09","0.18"
"www.brla.gov","2025","/2190/pillar-2-sister-cities-international-par","http://www.brla.gov/2190/pillar-2-sister-cities-international-par","794","694","42.37","704","0.77","0.82"
"www.brla.gov","2025","/agendacenter/complete-streets-citizen-advisory-committee-9","http://www.brla.gov/agendacenter/complete-streets-citizen-advisory-committee-9","792","620","147.16","9","0.01","0.32"
"www.brla.gov","2025","/2755/infrastructure","http://www.brla.gov/2755/infrastructure","789","739","42.48","522","0.68","0.88"
"www.brla.gov","2025","/2009/boards-commissions","http://www.brla.gov/2009/boards-commissions","787","737","29.86","622","0.61","0.82"
"www.brla.gov","2025","/formcenter/mayors-office-of-homeland-security-emerg-7/basic-american-red-cross-shelter-trainin-236","http://www.brla.gov/formcenter/mayors-office-of-homeland-security-emerg-7/basic-american-red-cross-shelter-trainin-236","784","635","47.84","784","0.36","0.36"
"www.brla.gov","2025","/1669/reporting-mileage-usage-of-city-parish-v","http://www.brla.gov/1669/reporting-mileage-usage-of-city-parish-v","777","458","33.44","127","0.17","0.76"
"www.brla.gov","2025","/1335/prevention","http://www.brla.gov/1335/prevention","771","771","18.67","344","0.46","0.39"
"www.brla.gov","2025","/2652/covid-19-information","http://www.brla.gov/2652/covid-19-information","766","662","40.83","675","0.63","0.62"
"www.brla.gov","2025","/formcenter/item","http://www.brla.gov/formcenter/item","756","643","46.10","44","0.01","0.69"
"www.brla.gov","2025","/3086/quick-finds","http://www.brla.gov/3086/quick-finds","755","641","18.91","56","0.20","0.62"
"www.brla.gov","2025","/845/court-building-security","http://www.brla.gov/845/court-building-security","753","547","12.92","263","0.31","0.45"
"www.brla.gov","2025","/2758/economic-development","http://www.brla.gov/2758/economic-development","752","702","108.19","556","0.79","0.87"
"www.brla.gov","2025","/pages/page/add","http://www.brla.gov/pages/page/add","750","489","38.24","0","0.06","0.09"
"www.brla.gov","2025","/576/residential","http://www.brla.gov/576/residential","742","542","14.96","50","0.12","0.15"
"www.brla.gov","2025","/384/contributors","http://www.brla.gov/384/contributors","738","636","93.40","0","0.07","0.27"
"www.brla.gov","2025","/1713/tuition-reimbursement-program","http://www.brla.gov/1713/tuition-reimbursement-program","738","639","587.74","307","0.08","0.46"
"www.brla.gov","2025","/569/americans-with-disabilities-act-ada","http://www.brla.gov/569/americans-with-disabilities-act-ada","737","681","12.17","286","0.39","0.70"
"www.brla.gov","2025","/2168/ebr-covid-19-dashboard","http://www.brla.gov/2168/ebr-covid-19-dashboard","737","712","34.28","681","0.52","0.46"
"www.brla.gov","2025","/vendorsignup","http://www.brla.gov/vendorsignup","729","685","15.06","641","0.73","0.80"
"www.brla.gov","2025","/2354/importanttaxpayer-information-effective-","http://www.brla.gov/2354/importanttaxpayer-information-effective-","725","725","190.70","77","0.13","0.55"
"www.brla.gov","2025","/1647/budget-supplement-budget-transfer-forms","http://www.brla.gov/1647/budget-supplement-budget-transfer-forms","722","584","8.65","114","0.14","0.54"
"www.brla.gov","2025","/3016/accreditation","http://www.brla.gov/3016/accreditation","722","622","88.58","432","0.40","0.55"
"www.brla.gov","2025","/781/district-2-videos","http://www.brla.gov/781/district-2-videos","722","530","12.25","0","0.00","0.30"
"www.brla.gov","2025","/1778/accident-incident","http://www.brla.gov/1778/accident-incident","720","378","39.37","0","0.00","0.10"
"www.brla.gov","2025","/2656/commercial-pedal-carriage","http://www.brla.gov/2656/commercial-pedal-carriage","718","642","32.27","373","0.30","0.57"
"www.brla.gov","2025","/925/state-governments-role","http://www.brla.gov/925/state-governments-role","718","718","9.99","184","0.30","0.55"
"www.brla.gov","2025","/emailpage","http://www.brla.gov/emailpage","716","660","14.33","604","0.59","0.68"
"www.brla.gov","2025","/421/deliverables-samples","http://www.brla.gov/421/deliverables-samples","716","609","47.66","56","0.13","0.17"
"www.brla.gov","2025","/2843/futurebr-implementation","http://www.brla.gov/2843/futurebr-implementation","715","566","13.29","49","0.11","0.13"
"www.brla.gov","2025","/1605/27-work-hours","http://www.brla.gov/1605/27-work-hours","712","562","45.45","73","0.07","0.14"
"www.brla.gov","2025","/2162/international-relations-commission-irc","http://www.brla.gov/2162/international-relations-commission-irc","711","257","18.26","168","0.14","0.54"
"www.brla.gov","2025","/1477/support-services","http://www.brla.gov/1477/support-services","700","617","6.32","147","0.36","0.61"
"www.brla.gov","2025","/1347/smart-city-committee","http://www.brla.gov/1347/smart-city-committee","700","651","75.21","452","0.45","0.85"
"www.brla.gov","2025","/214/administration-division","http://www.brla.gov/214/administration-division","698","563","7.38","170","0.16","0.37"
"www.brla.gov","2025","/498/electrical","http://www.brla.gov/498/electrical","697","697","7.83","114","0.13","0.46"
"www.brla.gov","2025","/2617/cism","http://www.brla.gov/2617/cism","697","579","21.21","145","0.22","0.34"
"www.brla.gov","2025","/2203/annual-report-to-the-community","http://www.brla.gov/2203/annual-report-to-the-community","693","693","73.50","305","0.35","0.55"
"www.brla.gov","2025","/572/city-court-survey","http://www.brla.gov/572/city-court-survey","687","413","55.88","460","0.57","0.53"
"www.brla.gov","2025","/15withbroome","http://www.brla.gov/15withbroome","685","685","0.25","685","1.00","1.00"
"www.brla.gov","2025","/emergencymap","http://www.brla.gov/emergencymap","682","454","15.62","398","0.27","0.67"
"www.brla.gov","2025","/2796/pillar-2-policy-and-oversight","http://www.brla.gov/2796/pillar-2-policy-and-oversight","677","621","21.54","232","0.30","0.38"
"www.brla.gov","2025","/194/employees-federal-credit-union","http://www.brla.gov/194/employees-federal-credit-union","674","674","1.74","674","1.00","1.00"
"www.brla.gov","2025","/2749/pillar-3-technology-and-social-media","http://www.brla.gov/2749/pillar-3-technology-and-social-media","673","616","12.74","155","0.44","0.53"
"www.brla.gov","2025","/1672/instructions-for-authorization-for-offic","http://www.brla.gov/1672/instructions-for-authorization-for-offic","673","447","26.52","0","0.00","0.08"
"www.brla.gov","2025","/458/permits-inspections","http://www.brla.gov/458/permits-inspections","672","474","4.58","417","0.53","0.61"
"www.brla.gov","2025","/188/tips-for-pet-care","http://www.brla.gov/188/tips-for-pet-care","666","610","40.51","159","0.43","0.60"
"www.brla.gov","2025","/3190/34408/mayors-office-of-homelessness-prevention","http://www.brla.gov/3190/34408/mayors-office-of-homelessness-prevention","665","35","8.41","0","0.00","0.96"
"www.brla.gov","2025","/398/living-giving-tree-outreach-program","http://www.brla.gov/398/living-giving-tree-outreach-program","665","441","99.80","327","0.40","0.45"
"www.brla.gov","2025","/2171/annual-reports","http://www.brla.gov/2171/annual-reports","657","613","26.77","0","0.12","0.66"
"www.brla.gov","2025","/2122/13560/district-12","http://www.brla.gov/2122/13560/district-12","655","655","96.77","559","0.61","0.65"
"www.brla.gov","2025","/2999/leadership-and-culture","http://www.brla.gov/2999/leadership-and-culture","652","629","119.05","253","0.19","0.28"
"www.brla.gov","2025","/145/sign-up-for","http://www.brla.gov/145/sign-up-for","651","583","20.86","168","0.20","0.23"
"www.brla.gov","2025","/formcenter/taxicab-25/feedback-127","http://www.brla.gov/formcenter/taxicab-25/feedback-127","643","588","13.74","643","0.92","0.92"
"www.brla.gov","2025","/1945/transportation-network-companies","http://www.brla.gov/1945/transportation-network-companies","642","559","12.38","244","0.23","0.87"
"www.brla.gov","2025","/formcenter/metronet-18","http://www.brla.gov/formcenter/metronet-18","639","583","34.12","467","0.03","0.09"
"www.brla.gov","2025","/1539/mayors-youth-workforce-experience","http://www.brla.gov/1539/mayors-youth-workforce-experience","637","580","112.28","414","0.58","0.64"
"www.brla.gov","2025","/1078/grasscycling","http://www.brla.gov/1078/grasscycling","632","467","14.05","538","0.74","0.85"
"www.brla.gov","2025","/3340/mayors-calendar","http://www.brla.gov/3340/mayors-calendar","625","256","40.92","144","0.36","0.44"
"www.brla.gov","2025","/futurebr-5-year-update","http://www.brla.gov/futurebr-5-year-update","619","511","3.03","452","0.73","0.84"
"www.brla.gov","2025","/1698/direct-deposit-information","http://www.brla.gov/1698/direct-deposit-information","619","576","14.37","0","0.00","0.62"
"www.brla.gov","2025","/2984/certificate-of-appropriateness","http://www.brla.gov/2984/certificate-of-appropriateness","619","512","25.01","221","0.27","0.63"
"www.brla.gov","2025","/379/school-engagement","http://www.brla.gov/379/school-engagement","616","396","13.07","487","0.30","0.31"
"www.brla.gov","2025","/427/eligibility","http://www.brla.gov/427/eligibility","615","595","25.17","209","0.26","0.28"
"www.brla.gov","2025","/1564/grant-program-general-instructions","http://www.brla.gov/1564/grant-program-general-instructions","614","526","125.02","88","0.10","0.32"
"www.brla.gov","2025","/2275/employee-self-service-ess","http://www.brla.gov/2275/employee-self-service-ess","612","381","5.91","43","0.13","0.65"
"www.brla.gov","2025","/1847/ada-self-evaluation-plan","http://www.brla.gov/1847/ada-self-evaluation-plan","610","218","23.25","538","0.33","0.43"
"www.brla.gov","2025","/2369/cybersecurity","http://www.brla.gov/2369/cybersecurity","610","382","58.73","0","0.40","0.21"
"www.brla.gov","2025","/2752/pillar-6-officer-wellness-and-safety","http://www.brla.gov/2752/pillar-6-officer-wellness-and-safety","610","610","17.80","141","0.26","0.67"
"www.brla.gov","2025","/353/list-of-significant-industrial-user-busi","http://www.brla.gov/353/list-of-significant-industrial-user-busi","604","548","12.14","335","0.57","0.73"
"www.brla.gov","2025","/2886/connect-blue-br","http://www.brla.gov/2886/connect-blue-br","604","516","38.82","526","0.49","0.59"
"www.brla.gov","2025","/2161/advisory-board","http://www.brla.gov/2161/advisory-board","603","468","16.93","379","0.76","0.77"
"www.brla.gov","2025","/2435/brpd-mission","http://www.brla.gov/2435/brpd-mission","602","386","48.27","350","0.47","0.55"
"www.brla.gov","2025","/myaccount/profile","http://www.brla.gov/myaccount/profile","601","323","12.20","172","0.33","0.45"
"www.brla.gov","2025","/3081/disaster-partners","http://www.brla.gov/3081/disaster-partners","600","487","40.58","189","0.44","0.58"
"www.brla.gov","2025","/2869/24930/brpd-resrouces","http://www.brla.gov/2869/24930/brpd-resrouces","600","492","157.18","546","0.81","0.81"
"www.brla.gov","2025","/2750/pillar-4-community-policing-and-crime-re","http://www.brla.gov/2750/pillar-4-community-policing-and-crime-re","600","578","17.42","498","0.49","0.60"
"www.brla.gov","2025","/1645/budgeting","http://www.brla.gov/1645/budgeting","598","507","5.65","35","0.06","0.36"
"www.brla.gov","2025","/2611/it-steering-committee","http://www.brla.gov/2611/it-steering-committee","598","526","349.62","0","0.00","0.36"
"www.brla.gov","2025","/formcenter/planning-commission-26/planning-commission-publiccomment-form-160","http://www.brla.gov/formcenter/planning-commission-26/planning-commission-publiccomment-form-160","597","515","75.20","252","0.16","0.77"
"www.brla.gov","2025","/2851/fire-preparedness","http://www.brla.gov/2851/fire-preparedness","596","596","142.15","0","0.00","0.41"
"www.brla.gov","2025","/751/mission-purpose-guiding-principles","http://www.brla.gov/751/mission-purpose-guiding-principles","595","538","4.39","440","0.50","0.68"
"www.brla.gov","2025","/672/code-of-ordinances","http://www.brla.gov/672/code-of-ordinances","581","532","11.09","341","0.33","0.59"
"www.brla.gov","2025","/2399/customlinks-19","http://www.brla.gov/2399/customlinks-19","580","580","27.85","48","0.46","0.20"
"www.brla.gov","2025","/civicmedia.aspx","http://www.brla.gov/civicmedia.aspx","579","481","108.69","289","0.26","0.30"
"www.brla.gov","2025","/1726/help-desk","http://www.brla.gov/1726/help-desk","579","408","87.66","56","0.27","0.14"
"www.brla.gov","2025","/266/2009-comprehensive-annual-financial-repo","http://www.brla.gov/266/2009-comprehensive-annual-financial-repo","578","578","78.94","488","0.41","0.42"
"www.brla.gov","2025","/1779/safety","http://www.brla.gov/1779/safety","573","396","8.61","0","0.00","0.25"
"www.brla.gov","2025","/1701/accident-injury-reporting","http://www.brla.gov/1701/accident-injury-reporting","571","436","175.38","0","0.10","0.23"
"www.brla.gov","2025","/1/home","http://www.brla.gov/1/home","569","479","16.94","122","0.57","0.27"
"www.brla.gov","2025","/2111/open-enrollment","http://www.brla.gov/2111/open-enrollment","568","534","34.52","118","0.24","0.28"
"www.brla.gov","2025","/986/administration","http://www.brla.gov/986/administration","558","558","29.03","354","0.46","0.66"
"www.brla.gov","2025","/2351/notice-of-new-rate-effective-april-1-202","http://www.brla.gov/2351/notice-of-new-rate-effective-april-1-202","558","558","7.23","108","0.17","0.41"
"www.brla.gov","2025","/1416/cradle-to-k-baton-rouge","http://www.brla.gov/1416/cradle-to-k-baton-rouge","557","557","29.13","444","0.64","0.64"
"www.brla.gov","2025","/3073/healthcare-emergency-planning","http://www.brla.gov/3073/healthcare-emergency-planning","557","497","20.82","243","0.42","0.57"
"www.brla.gov","2025","/2299/cdc-guidelines","http://www.brla.gov/2299/cdc-guidelines","548","458","21.27","0","0.07","0.15"
"www.brla.gov","2025","/1695classification-pay","http://www.brla.gov/1695classification-pay","540","270","2.72","486","0.50","0.60"
"www.brla.gov","2025","/473/safety-tips","http://www.brla.gov/473/safety-tips","539","462","33.75","288","0.27","0.32"
"www.brla.gov","2025","/2848/pandemic-preparedness","http://www.brla.gov/2848/pandemic-preparedness","535","535","20.80","148","0.18","0.32"
"www.brla.gov","2025","/1637/internal-auditing","http://www.brla.gov/1637/internal-auditing","533","325","6.75","50","0.00","0.57"
"www.brla.gov","2025","/351/significant-industrial-user","http://www.brla.gov/351/significant-industrial-user","527","527","51.31","244","0.39","0.58"
"www.brla.gov","2025","/219/mastercard","http://www.brla.gov/219/mastercard","520","423","177.20","496","0.49","0.54"
"www.brla.gov","2025","/728/district-2-for-you","http://www.brla.gov/728/district-2-for-you","518","417","44.50","57","0.00","0.09"
"www.brla.gov","2025","/1610/32-lunch-hours","http://www.brla.gov/1610/32-lunch-hours","516","468","29.14","0","0.00","0.37"
"www.brla.gov","2025","/1737/rfp-processing","http://www.brla.gov/1737/rfp-processing","512","333","169.78","66","0.27","0.26"
"www.brla.gov","2025","/513/building","http://www.brla.gov/513/building","511","455","12.04","0","0.34","0.28"
"www.brla.gov","2025","/872/prohibitions-under-the-louisiana-open-ho","http://www.brla.gov/872/prohibitions-under-the-louisiana-open-ho","507","482","149.88","208","0.54","0.54"
"www.brla.gov","2025","/blog.aspx","http://www.brla.gov/blog.aspx","500","349","86.81","168","0.76","0.25"
"www.brla.gov","2025","/3012/health","http://www.brla.gov/3012/health","497","373","80.83","56","0.55","0.35"
"www.brla.gov","2025","/2750/23353/pillar-4-community-policing-and-crime-re","http://www.brla.gov/2750/23353/pillar-4-community-policing-and-crime-re","495","360","11.40","56","0.09","0.49"
"www.brla.gov","2025","/2824/report-recommendation-62","http://www.brla.gov/2824/report-recommendation-62","493","437","10.90","341","0.45","0.65"
"www.brla.gov","2025","/1929/digital-initiative-flyers","http://www.brla.gov/1929/digital-initiative-flyers","492","448","9.70","112","0.34","0.48"
"www.brla.gov","2025","/civicalerts.asp","http://www.brla.gov/civicalerts.asp","488","488","0.25","488","1.00","1.00"
"www.brla.gov","2025","/documentcenter/view/","http://www.brla.gov/documentcenter/view/","485","316","96.13","316","0.03","0.10"
"www.brla.gov","2025","/documentcenter/view/19863","http://www.brla.gov/documentcenter/view/19863","480","480","24.02","0","0.00","0.38"
"www.brla.gov","2025","/1606/28-punctuality","http://www.brla.gov/1606/28-punctuality","479","287","17.38","0","0.13","0.40"
"www.brla.gov","2025","/1345/waze-connected-citizens-program","http://www.brla.gov/1345/waze-connected-citizens-program","477","390","5.85","225","0.50","0.56"
"www.brla.gov","2025","/1532/district-12-videos","http://www.brla.gov/1532/district-12-videos","477","452","6.74","56","0.22","0.59"
"www.brla.gov","2025","/parishattorney/adjudicatedproperty","http://www.brla.gov/parishattorney/adjudicatedproperty","473","451","97.59","382","0.22","0.27"
"www.brla.gov","2025","/2639/community-design-and-neighborhoods","http://www.brla.gov/2639/community-design-and-neighborhoods","470","470","115.93","248","0.52","0.74"
"www.brla.gov","2025","/224/interpreter-appointment-procedures","http://www.brla.gov/224/interpreter-appointment-procedures","465","365","60.82","158","0.51","0.45"
"www.brla.gov","2025","/1693/workplace-violence","http://www.brla.gov/1693/workplace-violence","458","374","91.05","0","0.00","0.12"
"www.brla.gov","2025","/722/city-citrus-program","http://www.brla.gov/722/city-citrus-program","452","352","11.78","0","0.51","0.09"
"www.brla.gov","2025","/146/submit","http://www.brla.gov/146/submit","452","452","20.57","56","0.20","0.33"
"www.brla.gov","2025","/mayor","http://www.brla.gov/mayor","451","451","4.38","451","0.86","0.86"
"www.brla.gov","2025","/documentcenter/view/383/drop-exit-deferred-retirement-option-plan-pdf","http://www.brla.gov/documentcenter/view/383/drop-exit-deferred-retirement-option-plan-pdf","451","395","3.70","451","0.86","0.86"
"www.brla.gov","2025","/2408/about-us","http://www.brla.gov/2408/about-us","450","450","6.78","158","0.33","0.76"
"www.brla.gov","2025","/1612/34-breaks","http://www.brla.gov/1612/34-breaks","448","394","33.80","0","0.00","0.32"
"www.brla.gov","2025","/1198/find","http://www.brla.gov/1198/find","441","312","7.69","0","0.00","0.26"
"www.brla.gov","2025","/1070/mulching","http://www.brla.gov/1070/mulching","440","384","6.28","400","0.93","1.00"
"www.brla.gov","2025","/1650/special-expenses-policy","http://www.brla.gov/1650/special-expenses-policy","436","168","16.10","0","0.00","0.09"
"www.brla.gov","2025","/2588/medcom","http://www.brla.gov/2588/medcom","430","373","9.17","0","0.00","0.21"
"www.brla.gov","2025","/2142/resident-resources","http://www.brla.gov/2142/resident-resources","428","315","156.30","0","0.00","0.13"
"www.brla.gov","2025","/requesttracker.aspx","http://www.brla.gov/requesttracker.aspx","428","257","5.15","43","0.15","0.30"
"www.brla.gov","2025","/2165/covid-19-business-employment","http://www.brla.gov/2165/covid-19-business-employment","425","368","10.45","348","0.50","0.78"
"www.brla.gov","2025","/3161/open-data-day-2024","http://www.brla.gov/3161/open-data-day-2024","425","375","58.41","213","0.47","0.58"
"www.brla.gov","2025","/2986/mayors-office-of-homeland-security-emerg","http://www.brla.gov/2986/mayors-office-of-homeland-security-emerg","424","374","147.34","0","0.15","0.15"
"www.brla.gov","2025","/formcenter/emergency-medical-services-4/community-training-class-survey-232","http://www.brla.gov/formcenter/emergency-medical-services-4/community-training-class-survey-232","416","373","17.88","0","0.00","0.59"
"www.brla.gov","2025","/metronet","http://www.brla.gov/metronet","415","302","7.20","169","0.07","0.05"
"www.brla.gov","2025","/formcenter/city-court-6/job-application-202","http://www.brla.gov/formcenter/city-court-6/job-application-202","401","401","103.05","200","0.50","0.66"
"www.brla.gov","2025","/careers","http://www.brla.gov/careers","400","357","9.56","186","0.10","0.12"
"www.brla.gov","2025","/aistrategicplan","http://www.brla.gov/aistrategicplan","399","57","4.77","0","1.00","0.00"
"www.brla.gov","2025","/formcenter/print","http://www.brla.gov/formcenter/print","398","341","19.43","171","0.37","0.87"
"www.brla.gov","2025","/1608/30-time-sheets","http://www.brla.gov/1608/30-time-sheets","395","255","39.22","0","0.00","0.00"
"www.brla.gov","2025","/formcenter/mayor-president-office-17/mayors-youth-workforce-experience-applic-163","http://www.brla.gov/formcenter/mayor-president-office-17/mayors-youth-workforce-experience-applic-163","394","394","1.79","282","0.60","0.86"
"www.brla.gov","2025","/formcenter/mayor-president-office-17/mywe-business-engagement-interest-form-181","http://www.brla.gov/formcenter/mayor-president-office-17/mywe-business-engagement-interest-form-181","393","337","20.96","337","0.48","0.48"
"www.brla.gov","2025","/1540/internet-metronet-email-online-services-","http://www.brla.gov/1540/internet-metronet-email-online-services-","388","160","53.76","0","0.70","0.13"
"www.brla.gov","2025","/232/security-procedures","http://www.brla.gov/232/security-procedures","387","353","203.68","163","0.53","0.32"
"www.brla.gov","2025","/2177/city-parish-covid-19-guidelines","http://www.brla.gov/2177/city-parish-covid-19-guidelines","383","315","5.51","160","0.24","0.51"
"www.brla.gov","2025","/mydashboard","http://www.brla.gov/mydashboard","382","296","60.23","0","0.00","0.08"
"www.brla.gov","2025","/formcenter/human-development-services-9/individual-training-account-enrollment-a-64","http://www.brla.gov/formcenter/human-development-services-9/individual-training-account-enrollment-a-64","381","302","34.49","338","0.92","1.00"
"www.brla.gov","2025","/579/residential-permit-inspection-informatio","http://www.brla.gov/579/residential-permit-inspection-informatio","379","323","5.64","260","0.27","0.53"
"www.brla.gov","2025","/documentcenter/view","http://www.brla.gov/documentcenter/view","376","319","21.19","57","0.00","0.14"
"www.brla.gov","2025","/1586/16-requests-for-funeral-leave","http://www.brla.gov/1586/16-requests-for-funeral-leave","375","375","8.88","0","0.00","0.78"
"www.brla.gov","2025","/2671/a-safe-secure-digital-baton-rouge","http://www.brla.gov/2671/a-safe-secure-digital-baton-rouge","374","374","24.83","204","0.54","0.68"
"www.brla.gov","2025","/1626/48-workplace-violence-policy","http://www.brla.gov/1626/48-workplace-violence-policy","374","150","44.72","0","0.00","0.09"
"www.brla.gov","2025","/agendacenter/alcoholic-beverage-control-board-21/","http://www.brla.gov/agendacenter/alcoholic-beverage-control-board-21/","374","374","26.12","196","0.42","0.77"
"www.brla.gov","2025","/910/sewer-line-assistance-program","http://www.brla.gov/910/sewer-line-assistance-program","365","309","29.83","0","0.20","0.08"
"www.brla.gov","2025","/1939/citizen-survey-form","http://www.brla.gov/1939/citizen-survey-form","361","361","17.24","112","0.57","0.43"
"www.brla.gov","2025","/2798/report-recommendation-32","http://www.brla.gov/2798/report-recommendation-32","360","360","7.92","360","0.81","0.81"
"www.brla.gov","2025","/1667/officials-required-to-have-prior-approva","http://www.brla.gov/1667/officials-required-to-have-prior-approva","358","314","29.52","9","0.02","0.09"
"www.brla.gov","2025","/agendacenter/office-of-social-services-advisory-board-35/","http://www.brla.gov/agendacenter/office-of-social-services-advisory-board-35/","358","358","25.18","285","0.50","0.58"
"www.brla.gov","2025","/menforother","http://www.brla.gov/menforother","358","314","205.92","252","0.41","0.54"
"www.brla.gov","2025","/formcenter/emergency-medical-services-4/pit-team-feedback-209","http://www.brla.gov/formcenter/emergency-medical-services-4/pit-team-feedback-209","356","356","0.25","356","1.00","1.00"
"www.brla.gov","2025","/2840/sexual-harassment-policy","http://www.brla.gov/2840/sexual-harassment-policy","353","353","257.16","137","0.40","0.69"
"www.brla.gov","2025","/2769/report-recommendation-11","http://www.brla.gov/2769/report-recommendation-11","352","275","5.07","106","0.63","0.63"
"www.brla.gov","2025","/formcenter/pio-media-23/news-media-subscribe-116","http://www.brla.gov/formcenter/pio-media-23/news-media-subscribe-116","344","321","22.14","87","0.34","0.85"
"www.brla.gov","2025","/3138/resources","http://www.brla.gov/3138/resources","341","341","28.28","227","0.74","0.88"
"www.brla.gov","2025","/842/rolling-vendors-ordinance","http://www.brla.gov/842/rolling-vendors-ordinance","339","283","3.49","339","1.00","1.00"
"www.brla.gov","2025","/agendacenter/previousversions/_05282025-2137","http://www.brla.gov/agendacenter/previousversions/_05282025-2137","336","336","72.38","0","0.00","0.56"
"www.brla.gov","2025","/1529/outpatientambulatory-health-services","http://www.brla.gov/1529/outpatientambulatory-health-services","336","336","10.40","271","0.70","0.72"
"www.brla.gov","2025","/formcenter/9/66","http://www.brla.gov/formcenter/9/66","333","333","0.25","169","0.35","1.00"
"www.brla.gov","2025","/tickets","http://www.brla.gov/tickets","330","226","3.05","286","0.78","0.88"
"www.brla.gov","2025","/3075/neighborhood-faith-organizations","http://www.brla.gov/3075/neighborhood-faith-organizations","328","271","123.86","214","0.43","0.43"
"www.brla.gov","2025","/jobs.aspx","http://www.brla.gov/jobs.aspx","324","271","9.80","267","0.39","0.61"
"www.brla.gov","2025","/formcenter/planning-commission-26/planning-","http://www.brla.gov/formcenter/planning-commission-26/planning-","324","216","5.31","324","0.50","0.50"
"www.brla.gov","2025","/2229/covid-19-resources","http://www.brla.gov/2229/covid-19-resources","324","100","264.93","0","0.93","0.07"
"www.brla.gov","2025","/agendacenter/previousversions/_06162025-2115","http://www.brla.gov/agendacenter/previousversions/_06162025-2115","324","267","56.98","99","0.35","0.22"
"www.brla.gov","2025","/479/what-kids-should-know","http://www.brla.gov/479/what-kids-should-know","322","322","30.22","266","0.77","0.77"
"www.brla.gov","2025","/formcenter/itemadminpreview/","http://www.brla.gov/formcenter/itemadminpreview/","321","71","129.06","0","0.03","0.43"
"www.brla.gov","2025","/2754/housing","http://www.brla.gov/2754/housing","321","321","7.47","221","0.67","0.74"
"www.brla.gov","2025","/2715/civicplus-website-testing-please-ignor","http://www.brla.gov/2715/civicplus-website-testing-please-ignor","317","180","2.54","317","1.00","1.00"
"www.brla.gov","2025","/538/records","http://www.brla.gov/538/records","315","258","167.74","0","0.00","0.25"
"www.brla.gov","2025","/off","http://www.brla.gov/off","313","313","29.39","29","0.02","0.41"
"www.brla.gov","2025","/336/walk-dont-walk-lights","http://www.brla.gov/336/walk-dont-walk-lights","312","312","39.23","256","0.18","0.38"
"www.brla.gov","2025","/678/resources-links","http://www.brla.gov/678/resources-links","309","197","32.25","42","0.50","0.27"
"www.brla.gov","2025","/2797/report-recommendation-31","http://www.brla.gov/2797/report-recommendation-31","309","309","9.43","154","0.47","0.60"
"www.brla.gov","2025","/2587/explorers","http://www.brla.gov/2587/explorers","308","284","31.40","0","0.00","0.09"
"www.brla.gov","2025","/1539/mayors-summer-youth-employment-program","http://www.brla.gov/1539/mayors-summer-youth-employment-program","307","307","0.25","307","1.00","1.00"
"www.brla.gov","2025","/formcenter/metropolitan-council-24/public-comments-on-metro-council-agenda159","http://www.brla.gov/formcenter/metropolitan-council-24/public-comments-on-metro-council-agenda159","307","307","23.63","307","0.78","0.78"
"www.brla.gov","2025","/2467/pedestrian-bicycle-master-plan","http://www.brla.gov/2467/pedestrian-bicycle-master-plan","307","307","1.82","251","0.87","0.87"
"www.brla.gov","2025","/dept/finance","http://www.brla.gov/dept/finance","303","218","36.24","56","0.18","0.10"
"www.brla.gov","2025","/1578/8-dress-code","http://www.brla.gov/1578/8-dress-code","302","302","52.66","0","0.00","0.23"
"www.brla.gov","2025","/1473/medical-case-management","http://www.brla.gov/1473/medical-case-management","300","300","2.92","257","0.65","0.67"
"www.brla.gov","2025","/1773/training-slideshows","http://www.brla.gov/1773/training-slideshows","298","255","3.18","0","0.00","0.78"
"www.brla.gov","2025","/1468/core-services","http://www.brla.gov/1468/core-services","296","296","10.95","142","0.76","0.62"
"www.brla.gov","2025","/citycourt","http://www.brla.gov/citycourt","295","295","19.64","245","0.37","0.37"
"www.brla.gov","2025","/535/plumbing","http://www.brla.gov/535/plumbing","293","220","7.60","0","0.06","0.10"
"www.brla.gov","2025","/3017/data-analytics-performance-manager","http://www.brla.gov/3017/data-analytics-performance-manager","293","236","38.65","293","0.65","0.65"
"www.brla.gov","2025","/383/resources","http://www.brla.gov/383/resources","292","249","5.06","121","0.64","0.94"
"www.brla.gov","2025","/518/commercial","http://www.brla.gov/518/commercial","292","292","10.76","0","0.08","0.09"
"www.brla.gov","2025","/1780/workers-compensation","http://www.brla.gov/1780/workers-compensation","289","188","8.03","0","0.00","0.32"
"www.brla.gov","2025","/agendacenter/previousversions/_04162025-2103","http://www.brla.gov/agendacenter/previousversions/_04162025-2103","289","289","0.30","233","0.83","0.83"
"www.brla.gov","2025","/2788/report-recommendation-28","http://www.brla.gov/2788/report-recommendation-28","287","232","33.42","121","0.51","0.23"
"www.brla.gov","2025","/2781/report-recommendation-22","http://www.brla.gov/2781/report-recommendation-22","287","157","70.78","110","0.37","0.40"
"www.brla.gov","2025","/483/unified-development-code","http://www.brla.gov/483/unified-development-code","286","205","67.93","102","0.44","0.54"
"www.brla.gov","2025","/3341/final-ai-strategic-plan","http://www.brla.gov/3341/final-ai-strategic-plan","285","57","3.36","0","1.00","0.00"
"www.brla.gov","2025","/3341/34176/final-ai-strategic-plan","http://www.brla.gov/3341/34176/final-ai-strategic-plan","285","57","5.84","0","1.00","0.00"
"www.brla.gov","2025","/1096/compost-structures","http://www.brla.gov/1096/compost-structures","282","234","28.54","186","0.62","0.90"
"www.brla.gov","2025","/2591/special-operations","http://www.brla.gov/2591/special-operations","282","239","16.57","0","0.00","0.10"
"www.brla.gov","2025","/staycool","http://www.brla.gov/staycool","281","281","5.61","169","0.52","0.68"
"www.brla.gov","2025","/1609/31-flex-time","http://www.brla.gov/1609/31-flex-time","281","281","87.02","0","0.00","0.45"
"www.brla.gov","2025","/1622/44-internet-metronet-electronic-mail-o","http://www.brla.gov/1622/44-internet-metronet-electronic-mail-o","280","112","20.37","0","0.00","0.00"
"www.brla.gov","2025","/agendacenter/previousversions/_01022025-2022","http://www.brla.gov/agendacenter/previousversions/_01022025-2022","280","280","0.43","280","1.00","1.00"
"www.brla.gov","2025","/588/34095/mayor-president","http://www.brla.gov/588/34095/mayor-president","279","165","70.47","0","0.52","0.32"
"www.brla.gov","2025","/2683/rfq-for-demographer-services-reapportion","http://www.brla.gov/2683/rfq-for-demographer-services-reapportion","279","279","18.72","87","0.52","0.56"
"www.brla.gov","2025","/3191/about-brocd","http://www.brla.gov/3191/about-brocd","275","221","9.48","113","0.31","0.47"
"www.brla.gov","2025","/3146/documents","http://www.brla.gov/3146/documents","275","275","127.17","112","0.48","0.33"
"www.brla.gov","2025","/1369/recovery-support-functions-rsf","http://www.brla.gov/1369/recovery-support-functions-rsf","274","250","31.48","274","1.00","1.00"
"www.brla.gov","2025","/2997/bias-free-policing","http://www.brla.gov/2997/bias-free-policing","272","272","39.83","0","0.17","0.28"
"www.brla.gov","2025","/2869/brpd-resrouces","http://www.brla.gov/2869/brpd-resrouces","270","54","48.64","0","1.00","0.00"
"www.brla.gov","2025","/1192/view","http://www.brla.gov/1192/view","270","270","11.02","75","0.28","0.32"
"www.brla.gov","2025","/1651/petty-cash-and-change-fund-procedures","http://www.brla.gov/1651/petty-cash-and-change-fund-procedures","268","100","8.09","0","0.00","0.05"
"www.brla.gov","2025","/formcenter/homelessness-prevention-30/rental-property-owners-222","http://www.brla.gov/formcenter/homelessness-prevention-30/rental-property-owners-222","267","267","75.70","43","0.15","0.15"
"www.brla.gov","2025","/304/crane-lifts","http://www.brla.gov/304/crane-lifts","266","223","194.38","48","0.00","0.27"
"www.brla.gov","2025","/1983/hotelmotel-permitting","http://www.brla.gov/1983/hotelmotel-permitting","266","210","0.73","266","1.00","1.00"
"www.brla.gov","2025","/2745/21st-century-policing","http://www.brla.gov/2745/21st-century-policing","259","216","1.76","235","0.92","0.97"
"www.brla.gov","2025","/2324/workers-compensation-waiver","http://www.brla.gov/2324/workers-compensation-waiver","256","118","7.72","0","0.00","0.61"
"www.brla.gov","2025","/1628/administration","http://www.brla.gov/1628/administration","255","178","5.35","0","0.00","0.10"
"www.brla.gov","2025","/3354/nrd-contracting-opportunities","http://www.brla.gov/3354/nrd-contracting-opportunities","252","63","11.41","234","0.93","1.00"
"www.brla.gov","2025","/agendacenter/previousversions/_04102025-2094","http://www.brla.gov/agendacenter/previousversions/_04102025-2094","248","192","2.35","112","0.38","0.63"
"www.brla.gov","2025","/2730/community-assessments-survey-2023","http://www.brla.gov/2730/community-assessments-survey-2023","247","247","0.25","204","0.86","1.00"
"www.brla.gov","2025","/3345/34277/special-events","http://www.brla.gov/3345/34277/special-events","246","195","46.87","172","0.21","0.51"
"www.brla.gov","2025","/248/city-court","http://www.brla.gov/248/city-court","245","147","8.19","245","0.77","0.77"
"www.brla.gov","2025","/2279/bridge-project-history","http://www.brla.gov/2279/bridge-project-history","242","242","70.23","0","0.00","0.15"
"www.brla.gov","2025","/478/when-you-leave-home","http://www.brla.gov/478/when-you-leave-home","241","241","15.97","78","0.26","0.46"
"www.brla.gov","2025","/1013/about-the-committee","http://www.brla.gov/1013/about-the-committee","240","240","0.32","240","1.00","1.00"
"www.brla.gov","2025","/554/employbr-career-services","http://www.brla.gov/554/employbr-career-services","237","237","5.04","237","0.95","0.95"
"www.brla.gov","2025","/agendacenter/previousversions/_05292025-2141","http://www.brla.gov/agendacenter/previousversions/_05292025-2141","236","236","5.59","123","0.59","0.78"
"www.brla.gov","2025","/2113/announcements","http://www.brla.gov/2113/announcements","235","192","1.19","149","0.73","0.74"
"www.brla.gov","2025","/icalendar.aspx","http://www.brla.gov/icalendar.aspx","234","234","0.25","0","0.00","1.00"
"www.brla.gov","2025","/2727/metronet/aistrategicplan","http://www.brla.gov/2727/metronet/aistrategicplan","228","57","3.89","0","1.00","0.00"
"www.brla.gov","2025","/hurricanepreparedness","http://www.brla.gov/hurricanepreparedness","228","114","37.49","228","0.00","0.00"
"www.brla.gov","2025","/sos","http://www.brla.gov/sos","228","114","24.43","57","0.00","0.00"
"www.brla.gov","2025","/jobs.com","http://www.brla.gov/jobs.com","228","142","5.63","228","0.59","0.59"
"www.brla.gov","2025","/formcenter/mayors-office-of-homeland-security-emerg-7/tier-ii-report-151","http://www.brla.gov/formcenter/mayors-office-of-homeland-security-emerg-7/tier-ii-report-151","227","227","86.81","171","0.85","0.30"
"www.brla.gov","2025","/vss)","http://www.brla.gov/vss)","225","169","2.24","168","0.72","1.00"
"www.brla.gov","2025","/community/development","http://www.brla.gov/community/development","224","56","4.75","0","0.00","0.00"
"www.brla.gov","2025","/1642/revenue-collection","http://www.brla.gov/1642/revenue-collection","224","168","2.51","0","0.00","0.26"
"www.brla.gov","2025","/agendacenter/grants-contract-review-committee-32/","http://www.brla.gov/agendacenter/grants-contract-review-committee-32/","220","220","106.43","0","0.00","0.00"
"www.brla.gov","2025","/communityvoice","http://www.brla.gov/communityvoice","219","219","22.24","0","0.08","0.09"
"www.brla.gov","2025","/1731/auction","http://www.brla.gov/1731/auction","219","131","5.87","0","0.00","0.30"
"www.brla.gov","2025","/1730/divisions","http://www.brla.gov/1730/divisions","219","152","3.89","0","0.00","0.14"
"www.brla.gov","2025","/forms.aspx","http://www.brla.gov/forms.aspx","218","193","73.10","50","0.70","0.25"
"www.brla.gov","2025","/2691/residential/","http://www.brla.gov/2691/residential/","217","217","37.57","162","0.75","0.75"
"www.brla.gov","2025","/documentcenter/index/112","http://www.brla.gov/documentcenter/index/112","217","123","21.59","217","0.09","0.09"
"www.brla.gov","2025","/documentcenter/view/20494/stgeorgela.gov/services","http://www.brla.gov/documentcenter/view/20494/stgeorgela.gov/services","216","160","13.37","0","0.00","0.00"
"www.brla.gov","2025","/105/city-court","http://www.brla.gov/105/city-court","215","215","10.27","125","0.29","0.55"
"www.brla.gov","2025","/agendacenter/ryan-white-advisory-council-2","http://www.brla.gov/agendacenter/ryan-white-advisory-council-2","214","214","110.73","0","0.00","0.57"
"www.brla.gov","2025","/documentcenter/view/3611/fence-permit-information-sheet-pdf","http://www.brla.gov/documentcenter/view/3611/fence-permit-information-sheet-pdf","214","158","54.67","214","0.58","0.58"
"www.brla.gov","2025","/compstudy","http://www.brla.gov/compstudy","213","213","0.25","35","0.12","1.00"
"www.brla.gov","2025","/agendacenter/previousversions/_04102025-2099","http://www.brla.gov/agendacenter/previousversions/_04102025-2099","212","212","1.51","155","1.00","0.77"
"www.brla.gov","2025","/myaccount/profileedit","http://www.brla.gov/myaccount/profileedit","211","120","19.51","0","0.00","0.14"
"www.brla.gov","2025","/agendacenter/previousversions/_09082020-880","http://www.brla.gov/agendacenter/previousversions/_09082020-880","211","211","0.61","155","0.80","0.80"
"www.brla.gov","2025","/formcenter/emergency-medical-services-4/parttime-employment-inquiry-69","http://www.brla.gov/formcenter/emergency-medical-services-4/parttime-employment-inquiry-69","211","211","22.70","0","0.00","0.39"
"www.brla.gov","2025","/2080/2018-comprehensive-annual-financial-repo","http://www.brla.gov/2080/2018-comprehensive-annual-financial-repo","209","209","17.12","45","0.20","0.80"
"www.brla.gov","2025","/agendacenter/previousversions/_04242025-2107","http://www.brla.gov/agendacenter/previousversions/_04242025-2107","208","152","21.41","96","0.62","0.62"
"www.brla.gov","2025","/agendacenter/previousversions/_07232025-2177","http://www.brla.gov/agendacenter/previousversions/_07232025-2177","206","163","16.41","86","0.56","0.54"
"www.brla.gov","2025","/2990/critical-incident-videos/","http://www.brla.gov/2990/critical-incident-videos/","204","51","4.91","0","0.00","1.00"
"www.brla.gov","2025","/contactus","http://www.brla.gov/contactus","202","202","195.74","54","0.11","0.14"
"www.brla.gov","2025","/formcenter/human-development-services-9/self-declaration-of-nonincome-203","http://www.brla.gov/formcenter/human-development-services-9/self-declaration-of-nonincome-203","201","177","0.57","201","1.00","1.00"
"www.brla.gov","2025","/agendacenter/previousversions/_04142025-2093","http://www.brla.gov/agendacenter/previousversions/_04142025-2093","200","200","0.25","200","1.00","1.00"
"www.brla.gov","2025","/enviromentalservices","http://www.brla.gov/enviromentalservices","200","100","5.32","100","0.00","0.00"
"www.brla.gov","2025","/827/maps-apps/","http://www.brla.gov/827/maps-apps/","198","198","0.25","198","1.00","1.00"
"www.brla.gov","2025","/475/atm-machine-use","http://www.brla.gov/475/atm-machine-use","197","197","21.89","54","0.46","0.64"
"www.brla.gov","2025","/agendacenter/previousversions/_09302020-904","http://www.brla.gov/agendacenter/previousversions/_09302020-904","197","197","0.25","197","1.00","1.00"
"www.brla.gov","2025","/agendacenter/metro-board-of-adjustment-4","http://www.brla.gov/agendacenter/metro-board-of-adjustment-4","197","163","6.46","79","0.55","0.85"
"www.brla.gov","2025","/708/helpful-resources","http://www.brla.gov/708/helpful-resources","197","197","1.03","35","0.04","0.91"
"www.brla.gov","2025","/225/2016-comprehensive-annual-financial-repo","http://www.brla.gov/225/2016-comprehensive-annual-financial-repo","196","167","11.70","144","0.66","0.66"
"www.brla.gov","2025","/agendacenter/previousversions/_06252025-2163","http://www.brla.gov/agendacenter/previousversions/_06252025-2163","195","195","3.27","34","0.23","0.80"
"www.brla.gov","2025","/pages/home/notauthorized","http://www.brla.gov/pages/home/notauthorized","193","193","0.25","168","0.83","1.00"
"www.brla.gov","2025","/2832/report-recommendation-18","http://www.brla.gov/2832/report-recommendation-18","193","193","81.86","140","0.19","0.19"
"www.brla.gov","2025","/194/baton-rouge-city-parish-employees-federa","http://www.brla.gov/194/baton-rouge-city-parish-employees-federa","191","191","10.37","0","0.00","0.42"
"www.brla.gov","2025","/2777/report-recommendation-14","http://www.brla.gov/2777/report-recommendation-14","187","187","26.54","46","0.21","0.58"
"www.brla.gov","2025","/3247/2024-personnel-board-election-documents","http://www.brla.gov/3247/2024-personnel-board-election-documents","184","149","207.51","0","0.29","0.11"
"www.brla.gov","2025","/formcenter/metronet-18/misappropriations-reporting-form-97","http://www.brla.gov/formcenter/metronet-18/misappropriations-reporting-form-97","184","128","28.32","0","0.00","0.41"
"www.brla.gov","2025","/employment-resources","http://www.brla.gov/employment-resources","181","181","23.97","181","0.30","0.30"
"www.brla.gov","2025","/2153/international-relations-structure","http://www.brla.gov/2153/international-relations-structure","178","89","3.53","0","0.00","0.06"
"www.brla.gov","2025","/204/police","http://www.brla.gov/204/police","178","88","4.60","135","0.73","0.79"
"www.brla.gov","2025","/1595/17-reimbursement-policies-for-continui","http://www.brla.gov/1595/17-reimbursement-policies-for-continui","177","140","118.28","103","0.28","0.38"
"www.brla.gov","2025","/3190/34384/mayors-office-of-homelessness-prevention","http://www.brla.gov/3190/34384/mayors-office-of-homelessness-prevention","175","70","27.64","35","0.05","0.26"
"www.brla.gov","2025","/ticket","http://www.brla.gov/ticket","174","174","20.36","174","0.14","0.14"
"www.brla.gov","2025","/formcenter/26/160","http://www.brla.gov/formcenter/26/160","173","139","104.64","0","0.00","0.24"
"www.brla.gov","2025","/2717/homelessness-prevention","http://www.brla.gov/2717/homelessness-prevention","171","57","89.86","171","0.00","0.00"
"www.brla.gov","2025","/1834/division-a-paula-clayton","http://www.brla.gov/1834/division-a-paula-clayton","171","149","12.04","20","0.19","0.61"
"www.brla.gov","2025","/131/office-of-community-development","http://www.brla.gov/131/office-of-community-development","171","114","11.48","171","0.00","0.00"
"www.brla.gov","2025","/oss-","http://www.brla.gov/oss-","171","57","9.34","0","0.00","0.00"
"www.brla.gov","2025","/181/environmental-services","http://www.brla.gov/181/environmental-services","171","57","19.43","171","0.00","0.00"
"www.brla.gov","2025","/1509/permits-inspections","http://www.brla.gov/1509/permits-inspections","171","114","19.86","171","0.00","0.00"
"www.brla.gov","2025","/264/retirement-system/","http://www.brla.gov/264/retirement-system/","170","114","77.16","58","0.43","0.43"
"www.brla.gov","2025","/documentcenter/view/1565/appendix-h-permissible-uses-pdf","http://www.brla.gov/documentcenter/view/1565/appendix-h-permissible-uses-pdf","169","169","0.25","169","1.00","1.00"
"www.brla.gov","2025","/agendacenter/previousversions/_02172025-2025","http://www.brla.gov/agendacenter/previousversions/_02172025-2025","169","169","0.25","169","1.00","1.00"
"www.brla.gov","2025","/1118/statistics","http://www.brla.gov/1118/statistics","169","169","3.06","0","0.00","0.79"
"www.brla.gov","2025","/agendacenter/previousversions/_04232025-2109","http://www.brla.gov/agendacenter/previousversions/_04232025-2109","168","168","0.25","168","1.00","1.00"
"www.brla.gov","2025","/2114/justices-of-the-peace/","http://www.brla.gov/2114/justices-of-the-peace/","168","56","25.01","0","0.00","0.00"
"www.brla.gov","2025","/agendacenter/previousversions/_04162025-2104","http://www.brla.gov/agendacenter/previousversions/_04162025-2104","168","168","0.25","168","1.00","1.00"
"www.brla.gov","2025","/agendacenter/previousversions/_02202025-2053","http://www.brla.gov/agendacenter/previousversions/_02202025-2053","168","168","0.25","168","1.00","1.00"
"www.brla.gov","2025","/agendacenter/previousversions/_10232023-1698","http://www.brla.gov/agendacenter/previousversions/_10232023-1698","168","168","1.20","112","0.64","0.64"
"www.brla.gov","2025","/3323/employee-retiree-health-fair","http://www.brla.gov/3323/employee-retiree-health-fair","168","56","56.64","0","1.00","0.00"
"www.brla.gov","2025","/2173/virtual-education-town-hall","http://www.brla.gov/2173/virtual-education-town-hall","168","168","0.22","168","1.00","1.00"
"www.brla.gov","2025","/agendacenter/previousversions/_02132025-2050","http://www.brla.gov/agendacenter/previousversions/_02132025-2050","168","168","0.25","168","1.00","1.00"
"www.brla.gov","2025","/agendacenter/previousversions/_01162025-2036","http://www.brla.gov/agendacenter/previousversions/_01162025-2036","168","168","1.79","112","0.64","0.64"
"www.brla.gov","2025","/agendacenter/previousversions/_02262025-2064","http://www.brla.gov/agendacenter/previousversions/_02262025-2064","168","168","0.27","168","0.51","0.51"
"www.brla.gov","2025","/formcenter/taxicab-25/taxicab-and-vehicles-for-hire-127","http://www.brla.gov/formcenter/taxicab-25/taxicab-and-vehicles-for-hire-127","168","168","3.86","112","1.00","0.59"
"www.brla.gov","2025","/agendacenter/historic-preservation-committee-11/","http://www.brla.gov/agendacenter/historic-preservation-committee-11/","167","112","11.79","0","0.00","0.00"
"www.brla.gov","2025","/3079/seniors-and-individuals-with-disabilitie","http://www.brla.gov/3079/seniors-and-individuals-with-disabilitie","166","166","23.07","56","0.29","0.56"
"www.brla.gov","2025","/2783/report-recommendation-24","http://www.brla.gov/2783/report-recommendation-24","166","111","44.18","110","0.53","0.53"
"www.brla.gov","2025","/300/2002-comprehensive-annual-financial-repo","http://www.brla.gov/300/2002-comprehensive-annual-financial-repo","164","141","11.63","83","0.25","0.88"
"www.brla.gov","2025","/1097/contact-us/","http://www.brla.gov/1097/contact-us/","163","109","306.50","163","0.00","0.00"
"www.brla.gov","2025","/formcenter/9/65","http://www.brla.gov/formcenter/9/65","162","106","48.94","162","0.00","0.00"
"www.brla.gov","2025","/formcenter/fleet-management-21/movable-asset-disposition-form-109","http://www.brla.gov/formcenter/fleet-management-21/movable-asset-disposition-form-109","160","160","23.75","80","0.86","0.48"
"www.brla.gov","2025","/2985/get-involved","http://www.brla.gov/2985/get-involved","159","159","0.25","111","0.70","1.00"
"www.brla.gov","2025","/agendacenter/viewfile/minutes/","http://www.brla.gov/agendacenter/viewfile/minutes/","159","53","3.22","159","0.00","0.00"
"www.brla.gov","2025","/agendacenter/previousversions/_06112025-2146","http://www.brla.gov/agendacenter/previousversions/_06112025-2146","157","157","35.27","21","0.10","0.58"
"www.brla.gov","2025","/1630/accounting","http://www.brla.gov/1630/accounting","157","157","10.75","0","0.00","0.15"
"www.brla.gov","2025","/career","http://www.brla.gov/career","157","100","9.77","0","0.63","0.00"
"www.brla.gov","2025","/2705/34261/red-stick-ready","http://www.brla.gov/2705/34261/red-stick-ready","156","52","79.83","0","0.00","1.00"
"www.brla.gov","2025","/agendacenter/previousversions/_05122025-2122","http://www.brla.gov/agendacenter/previousversions/_05122025-2122","155","155","3.96","99","0.72","0.72"
"www.brla.gov","2025","/agendacenter/previousversions/_05192025-2098","http://www.brla.gov/agendacenter/previousversions/_05192025-2098","155","155","16.97","100","1.00","0.72"
"www.brla.gov","2025","/agendacenter/previousversions/_06032020-787","http://www.brla.gov/agendacenter/previousversions/_06032020-787","155","155","0.25","155","1.00","1.00"
"www.brla.gov","2025","/1571/1-accidents-injuries","http://www.brla.gov/1571/1-accidents-injuries","155","99","5.13","0","0.00","0.00"
"www.brla.gov","2025","/259/2011-comprehensive-annual-financial-repo","http://www.brla.gov/259/2011-comprehensive-annual-financial-repo","154","77","228.43","154","0.21","0.21"
"www.brla.gov","2025","/neighbors","http://www.brla.gov/neighbors","154","154","0.25","154","1.00","1.00"
"www.brla.gov","2025","/ocd","http://www.brla.gov/ocd","153","153","37.72","54","0.25","0.00"
"www.brla.gov","2025","/formcenter/fleet-management-21/move-disposition-and-correction-form-113","http://www.brla.gov/formcenter/fleet-management-21/move-disposition-and-correction-form-113","151","151","12.14","0","0.38","0.25"
"www.brla.gov","2025","/2809/report-recommendation-45","http://www.brla.gov/2809/report-recommendation-45","148","148","14.36","105","0.78","0.78"
"www.brla.gov","2025","/2833/report-recommendation-19","http://www.brla.gov/2833/report-recommendation-19","148","148","5.87","39","0.24","0.71"
"www.brla.gov","2025","//checkout/","http://www.brla.gov//checkout/","148","148","0.25","148","1.00","1.00"
"www.brla.gov","2025","/1094/building-the-pile","http://www.brla.gov/1094/building-the-pile","147","147","0.25","104","0.77","1.00"
"www.brla.gov","2025","/1470/health-insurance-premium-assistance","http://www.brla.gov/1470/health-insurance-premium-assistance","147","147","21.81","0","0.25","0.24"
"www.brla.gov","2025","/login","http://www.brla.gov/login","145","145","62.29","44","0.77","0.25"
"www.brla.gov","2025","/1053/public-information","http://www.brla.gov/1053/public-information","145","145","4.62","106","0.74","0.84"
"www.brla.gov","2025","/311dashboard","http://www.brla.gov/311dashboard","143","143","0.25","100","0.76","1.00"
"www.brla.gov","2025","/agendacenter/previousversions/_08032020-836","http://www.brla.gov/agendacenter/previousversions/_08032020-836","142","142","0.25","142","1.00","1.00"
"www.brla.gov","2025","/documentcenter/view/1524/chapter-8-zoning-districts-pdf","http://www.brla.gov/documentcenter/view/1524/chapter-8-zoning-districts-pdf","142","142","127.21","142","0.43","0.43"
"www.brla.gov","2025","/agendacenter/previousversions/_01162025-2034","http://www.brla.gov/agendacenter/previousversions/_01162025-2034","142","142","2.39","86","0.45","0.45"
"www.brla.gov","2025","/agendacenter/previousversions/_07162025-2167","http://www.brla.gov/agendacenter/previousversions/_07162025-2167","142","96","30.53","0","1.00","0.00"
"www.brla.gov","2025","/160/city","http://www.brla.gov/160/city","141","92","21.12","141","0.00","0.00"
"www.brla.gov","2025","/formcenter/metronet-18/internal-customer-satisfaction-survey-98","http://www.brla.gov/formcenter/metronet-18/internal-customer-satisfaction-survey-98","141","141","0.25","141","1.00","1.00"
"www.brla.gov","2025","/397/auction-information/","http://www.brla.gov/397/auction-information/","140","97","8.37","140","0.47","0.47"
"www.brla.gov","2025","/215/city-court","http://www.brla.gov/215/city-court","140","35","15.32","140","0.26","0.26"
"www.brla.gov","2025","/714","http://www.brla.gov/714","138","69","2.32","0","0.00","1.00"
"www.brla.gov","2025","/jpbs","http://www.brla.gov/jpbs","138","138","5.52","138","0.53","0.53"
"www.brla.gov","2025","/connectand","http://www.brla.gov/connectand","136","136","0.24","136","1.00","1.00"
"www.brla.gov","2025","/1607/29-leave-reports","http://www.brla.gov/1607/29-leave-reports","136","136","15.24","0","0.00","0.10"
"www.brla.gov","2025","/2002/neighborhood-revitalization","http://www.brla.gov/2002/neighborhood-revitalization","136","136","0.25","136","1.00","1.00"
"www.brla.gov","2025","/1639/guide-to-internal-auditing-division-audi","http://www.brla.gov/1639/guide-to-internal-auditing-division-audi","135","135","61.63","0","0.00","0.08"
"www.brla.gov","2025","/facilities/featureoverview","http://www.brla.gov/facilities/featureoverview","135","135","2.17","44","0.33","0.81"
"www.brla.gov","2025","/agendacenter/previousversions/_03262025-2084","http://www.brla.gov/agendacenter/previousversions/_03262025-2084","134","134","1.13","56","0.37","0.63"
"www.brla.gov","2025","/agendacenter/previousversions/_02182025-2051","http://www.brla.gov/agendacenter/previousversions/_02182025-2051","133","133","0.25","133","1.00","1.00"
"www.brla.gov","2025","/1640/internal-controls-presentation","http://www.brla.gov/1640/internal-controls-presentation","131","131","62.02","0","0.00","0.54"
"www.brla.gov","2025","/195/police","http://www.brla.gov/195/police","131","83","14.12","131","0.31","0.31"
"www.brla.gov","2025","/2710/enterprise-gis-team","http://www.brla.gov/2710/enterprise-gis-team","131","131","0.82","0","0.00","0.91"
"www.brla.gov","2025","/2161","http://www.brla.gov/2161","130","130","4.14","86","0.68","0.74"
"www.brla.gov","2025","/baton-rouge-police-department-","http://www.brla.gov/baton-rouge-police-department-","129","86","5.60","129","0.00","0.00"
"www.brla.gov","2025","/269/2007-comprehensive-annual-financial-repo","http://www.brla.gov/269/2007-comprehensive-annual-financial-repo","129","129","14.57","73","0.28","0.28"
"www.brla.gov","2025","/2711/data-governance-committee","http://www.brla.gov/2711/data-governance-committee","129","81","227.89","0","0.70","0.30"
"www.brla.gov","2025","/2658/2020-citizen-data-academy","http://www.brla.gov/2658/2020-citizen-data-academy","128","128","4.36","56","0.52","0.60"
"www.brla.gov","2025","/osf","http://www.brla.gov/osf","127","127","101.29","53","0.00","0.15"
"www.brla.gov","2025","/2225/personnel-board-election-2020","http://www.brla.gov/2225/personnel-board-election-2020","127","127","20.66","127","0.31","0.31"
"www.brla.gov","2025","/2940/open-data-day-2023","http://www.brla.gov/2940/open-data-day-2023","127","127","23.50","56","0.51","0.92"
"www.brla.gov","2025","/agendacenter/previousversions/_05212025-2130","http://www.brla.gov/agendacenter/previousversions/_05212025-2130","127","127","2.96","49","0.36","0.45"
"www.brla.gov","2025","/3355/notice-of-tax-changes-for-october-1-2025","http://www.brla.gov/3355/notice-of-tax-changes-for-october-1-2025","126","81","93.00","99","0.79","1.00"
"www.brla.gov","2025","/c","http://www.brla.gov/c","125","25","8.96","125","0.36","0.36"
"www.brla.gov","2025","/2816/report-recommendation-57","http://www.brla.gov/2816/report-recommendation-57","125","125","249.16","69","0.24","0.24"
"www.brla.gov","2025","/288/2006-comprehensive-annual-financial-repo","http://www.brla.gov/288/2006-comprehensive-annual-financial-repo","124","124","48.77","0","0.00","0.24"
"www.brla.gov","2025","/229/2015-comprehensive-annual-financial-repo","http://www.brla.gov/229/2015-comprehensive-annual-financial-repo","123","123","7.04","66","0.19","0.70"
"www.brla.gov","2025","/984/accessibility","http://www.brla.gov/984/accessibility","121","121","0.29","100","0.88","1.00"
"www.brla.gov","2025","/formcenter/emergency-medical-services-4/nremt-and-state-certification-reimbursem-225","http://www.brla.gov/formcenter/emergency-medical-services-4/nremt-and-state-certification-reimbursem-225","121","121","21.01","0","0.00","0.15"
"www.brla.gov","2025","/303/2001-comprehensive-annual-financial-repo","http://www.brla.gov/303/2001-comprehensive-annual-financial-repo","119","95","29.13","48","0.00","0.16"
"www.brla.gov","2025","/dept/citycourt","http://www.brla.gov/dept/citycourt","117","117","13.41","0","0.37","0.49"
"www.brla.gov","2025","/agendacenter/previousversions/_04142025-2092","http://www.brla.gov/agendacenter/previousversions/_04142025-2092","117","117","1.97","61","0.42","0.42"
"www.brla.gov","2025","/2609/rfp-bid-file-download-portal","http://www.brla.gov/2609/rfp-bid-file-download-portal","117","117","4.70","62","0.59","0.71"
"www.brla.gov","2025","/pages","http://www.brla.gov/pages","115","115","6.16","0","0.64","0.28"
"www.brla.gov","2025","/joinus","http://www.brla.gov/joinus","115","71","4.44","115","0.69","0.69"
"www.brla.gov","2025","/923/property-information","http://www.brla.gov/923/property-information","114","57","7.72","114","0.00","0.00"
"www.brla.gov","2025","/1332/homebuyer-assistance-program","http://www.brla.gov/1332/homebuyer-assistance-program","114","114","0.25","114","1.00","1.00"
"www.brla.gov","2025","/activedit","http://www.brla.gov/activedit","114","57","72.77","0","0.00","0.00"
"www.brla.gov","2025","/osss","http://www.brla.gov/osss","114","57","19.42","114","0.00","0.00"
"www.brla.gov","2025","/formcenter/mayors-office-of-homeland-security-emerg/2025-east-baton-rouge-parish-hurricane-s-235","http://www.brla.gov/formcenter/mayors-office-of-homeland-security-emerg/2025-east-baton-rouge-parish-hurricane-s-235","114","57","5.84","0","0.00","0.00"
"www.brla.gov","2025","/huricaneprep","http://www.brla.gov/huricaneprep","114","57","21.82","0","0.00","0.00"
"www.brla.gov","2025","/documentcenter/view/21693/curbside","http://www.brla.gov/documentcenter/view/21693/curbside","114","114","0.25","114","1.00","1.00"
"www.brla.gov","2025","/purchase","http://www.brla.gov/purchase","114","57","84.64","114","0.00","0.00"
"www.brla.gov","2025","/formcenter/planning-","http://www.brla.gov/formcenter/planning-","114","57","21.98","114","0.00","0.00"
"www.brla.gov","2025","/1370/hazard-mitigation-plan","http://www.brla.gov/1370/hazard-mitigation-plan","114","57","73.65","114","1.00","1.00"
"www.brla.gov","2025","/1585/15-requests-for-family-medical-leave","http://www.brla.gov/1585/15-requests-for-family-medical-leave","114","57","15.03","0","0.00","1.00"
"www.brla.gov","2025","/205/city-court","http://www.brla.gov/205/city-court","114","114","0.25","114","1.00","1.00"
"www.brla.gov","2025","/formcenter/police-department-13/complaint-form-101","http://www.brla.gov/formcenter/police-department-13/complaint-form-101","114","114","0.25","114","1.00","1.00"
"www.brla.gov","2025","/dpw","http://www.brla.gov/dpw","114","114","0.25","114","1.00","1.00"
"www.brla.gov","2025","/2401/34124/new-hire-packet-information","http://www.brla.gov/2401/34124/new-hire-packet-information","114","57","100.80","114","0.00","0.00"
"www.brla.gov","2025","/cybersecurity","http://www.brla.gov/cybersecurity","114","114","5.92","114","0.49","0.49"
"www.brla.gov","2025","/587/servitude","http://www.brla.gov/587/servitude","114","57","7.34","114","1.00","1.00"
"www.brla.gov","2025","/formcenter/finance-5/discontinue-receiving-preprinted-forms-55","http://www.brla.gov/formcenter/finance-5/discontinue-receiving-preprinted-forms-55","113","113","74.13","0","0.00","0.49"
"www.brla.gov","2025","/agendacenter/previousversions/_02192025-2056","http://www.brla.gov/agendacenter/previousversions/_02192025-2056","113","113","0.25","113","1.00","1.00"
"www.brla.gov","2025","/1582/12-grievance-procedures","http://www.brla.gov/1582/12-grievance-procedures","113","113","10.78","0","0.00","0.15"
"www.brla.gov","2025","/permits-inspections","http://www.brla.gov/permits-inspections","113","113","0.25","56","0.50","1.00"
"www.brla.gov","2025","/241/2013-comprehensive-annual-financial-repo","http://www.brla.gov/241/2013-comprehensive-annual-financial-repo","112","112","0.25","112","1.00","1.00"
"www.brla.gov","2025","/agendacenter/previousversions/_09082020-881","http://www.brla.gov/agendacenter/previousversions/_09082020-881","112","112","0.35","56","0.50","0.50"
"www.brla.gov","2025","/1733/purchasing","http://www.brla.gov/1733/purchasing","112","112","4.74","0","0.00","0.14"
"www.brla.gov","2025","/.oss","http://www.brla.gov/.oss","112","56","17.02","112","0.00","0.00"
"www.brla.gov","2025","/agendacenter/previousversions/_05132020-776","http://www.brla.gov/agendacenter/previousversions/_05132020-776","112","112","5.17","56","0.50","0.50"
"www.brla.gov","2025","/agendacenter/previousversions/_09092020-878","http://www.brla.gov/agendacenter/previousversions/_09092020-878","112","112","0.25","112","1.00","1.00"
"www.brla.gov","2025","/2182/14658/summer-youth-employment-program-applicat","http://www.brla.gov/2182/14658/summer-youth-employment-program-applicat","112","56","1.68","112","0.00","0.00"
"www.brla.gov","2025","/agendacenter/previousversions/_02182025-2059","http://www.brla.gov/agendacenter/previousversions/_02182025-2059","112","112","0.25","112","1.00","1.00"
"www.brla.gov","2025","/agendacenter/previousversions/_06172020-807","http://www.brla.gov/agendacenter/previousversions/_06172020-807","112","112","0.25","112","1.00","1.00"
"www.brla.gov","2025","/woia","http://www.brla.gov/woia","112","112","0.25","56","0.50","1.00"
"www.brla.gov","2025","/1641/revenue-auditing","http://www.brla.gov/1641/revenue-auditing","112","112","5.44","0","0.00","0.00"
"www.brla.gov","2025","/6s91taxes","http://www.brla.gov/6s91taxes","112","112","0.25","112","1.00","1.00"
"www.brla.gov","2025","/agendacenter/previousversions/_03122025-2069","http://www.brla.gov/agendacenter/previousversions/_03122025-2069","112","112","0.25","112","1.00","1.00"
"www.brla.gov","2025","/2081/homeless-services-program/","http://www.brla.gov/2081/homeless-services-program/","112","56","80.47","112","0.00","0.00"
"www.brla.gov","2025","/1144/employment-resources/","http://www.brla.gov/1144/employment-resources/","112","112","0.25","112","1.00","1.00"
"www.brla.gov","2025","/3343/34196/operation-stay-cool","http://www.brla.gov/3343/34196/operation-stay-cool","112","56","153.62","0","0.00","0.00"
"www.brla.gov","2025","/cppc","http://www.brla.gov/cppc","112","56","1.50","0","0.00","1.00"
"www.brla.gov","2025","/1471/local-pharmacy","http://www.brla.gov/1471/local-pharmacy","112","112","34.45","0","0.00","0.50"
"www.brla.gov","2025","/agendacenter/previousversions/_02132025-2060","http://www.brla.gov/agendacenter/previousversions/_02132025-2060","112","112","0.34","56","0.50","0.50"
"www.brla.gov","2025","/1638/fraud-reporting","http://www.brla.gov/1638/fraud-reporting","112","112","274.00","0","0.00","0.00"
"www.brla.gov","2025","/agendacenter/previousversions/_03172025-2042","http://www.brla.gov/agendacenter/previousversions/_03172025-2042","112","112","0.25","112","1.00","1.00"
"www.brla.gov","2025","/mensforothers","http://www.brla.gov/mensforothers","111","111","10.92","55","0.00","0.51"
"www.brla.gov","2025","/2725/march-2022-developer-meeting","http://www.brla.gov/2725/march-2022-developer-meeting","111","111","13.34","56","0.51","0.51"
"www.brla.gov","2025","/documentcenter/view/1533/chapter-16-signs-pdf","http://www.brla.gov/documentcenter/view/1533/chapter-16-signs-pdf","110","110","0.25","110","1.00","1.00"
"www.brla.gov","2025","/formcenter/emergency-medical-services-4/ems-spotlight-210","http://www.brla.gov/formcenter/emergency-medical-services-4/ems-spotlight-210","110","110","1.50","101","0.85","1.00"
"www.brla.gov","2025","/3195/34050/policies-and-federal-compliance","http://www.brla.gov/3195/34050/policies-and-federal-compliance","110","55","4.40","0","0.00","1.00"
"www.brla.gov","2025","/1577/7-courtesy","http://www.brla.gov/1577/7-courtesy","110","67","3.00","0","0.00","0.18"
"www.brla.gov","2025","/formcenter/emergency-medical-services-4/hospital-staff-spotlight-211","http://www.brla.gov/formcenter/emergency-medical-services-4/hospital-staff-spotlight-211","109","109","0.25","57","0.54","1.00"
"www.brla.gov","2025","/194/gis-mapping","http://www.brla.gov/194/gis-mapping","108","108","0.25","108","1.00","1.00"
"www.brla.gov","2025","/dire225.389.3134tory.aspx","http://www.brla.gov/dire225.389.3134tory.aspx","108","54","5.13","0","0.00","0.00"
"www.brla.gov","2025","/agendacenter/previousversions/_08182025-2170","http://www.brla.gov/agendacenter/previousversions/_08182025-2170","107","107","52.24","0","0.00","0.71"
"www.brla.gov","2025","/1878/business-emergency-planning","http://www.brla.gov/1878/business-emergency-planning","107","82","13.16","0","0.00","0.11"
"www.brla.gov","2025","/la","http://www.brla.gov/la","106","106","0.25","106","1.00","1.00"
"www.brla.gov","2025","/documentcenter/index/784","http://www.brla.gov/documentcenter/index/784","106","53","84.99","0","0.00","1.00"
"www.brla.gov","2025","/meforothers","http://www.brla.gov/meforothers","106","106","0.25","106","1.00","1.00"
"www.brla.gov","2025","/formcenter/fleet-management-21/parts-request-form-114","http://www.brla.gov/formcenter/fleet-management-21/parts-request-form-114","106","106","4.45","50","1.00","0.46"
"www.brla.gov","2025","/hire","http://www.brla.gov/hire","106","106","6.91","50","0.00","0.53"
"www.brla.gov","2025","/admin/documentcenter/document/edit/21922","http://www.brla.gov/admin/documentcenter/document/edit/21922","105","35","15.40","0","0.00","0.26"
"www.brla.gov","2025","/selfservice","http://www.brla.gov/selfservice","104","52","25.31","86","0.90","1.00"
"www.brla.gov","2025","/2820/report-recommendation-511","http://www.brla.gov/2820/report-recommendation-511","104","104","54.33","0","0.00","0.00"
"www.brla.gov","2025","/1828/field-operations-bureau","http://www.brla.gov/1828/field-operations-bureau","104","104","0.25","104","1.00","1.00"
"www.brla.gov","2025","/menforbrothers","http://www.brla.gov/menforbrothers","103","103","6.51","51","1.00","0.49"
"www.brla.gov","2025","/financa","http://www.brla.gov/financa","102","34","5.50","102","0.26","0.26"
"www.brla.gov","2025","/402/religious-services","http://www.brla.gov/402/religious-services","102","102","4.00","0","0.00","0.56"
"www.brla.gov","2025","/www.brla.gov/communityplan","http://www.brla.gov/www.brla.gov/communityplan","102","51","8.92","0","0.00","0.00"
"www.brla.gov","2025","/agendacenter/previousversions/_08112020-849","http://www.brla.gov/agendacenter/previousversions/_08112020-849","102","102","0.25","102","1.00","1.00"
"www.brla.gov","2025","/1583/13-nepotism","http://www.brla.gov/1583/13-nepotism","102","102","25.28","0","0.00","0.00"
"www.brla.gov","2025","/231/permits-inspections","http://www.brla.gov/231/permits-inspections","101","101","16.60","101","0.09","0.09"
"www.brla.gov","2025","/agendacenter/previousversions/_09082020-874","http://www.brla.gov/agendacenter/previousversions/_09082020-874","101","101","0.25","101","1.00","1.00"
"www.brla.gov","2025","/agendacenter/previousversions/_07282020-834","http://www.brla.gov/agendacenter/previousversions/_07282020-834","101","101","0.25","101","1.00","1.00"
"www.brla.gov","2025","/2784/report-recommendation-25","http://www.brla.gov/2784/report-recommendation-25","101","101","0.25","101","1.00","1.00"
"www.brla.gov","2025","/grantportal]neighborly","http://www.brla.gov/grantportal]neighborly","101","101","5.33","101","0.51","0.51"
"www.brla.gov","2025","/2280/16465/2020-cyber-symposium","http://www.brla.gov/2280/16465/2020-cyber-symposium","101","101","0.25","101","1.00","1.00"
"www.brla.gov","2025","/headstart.com","http://www.brla.gov/headstart.com","101","101","0.25","101","1.00","1.00"
"www.brla.gov","2025","/3259","http://www.brla.gov/3259","100","50","5.18","0","0.00","1.00"
"www.brla.gov","2025","/2121/district-12-map","http://www.brla.gov/2121/district-12-map","100","100","0.16","100","0.39","0.39"
"www.brla.gov","2025","/1575/5-consequences-of-not-complying-with-o","http://www.brla.gov/1575/5-consequences-of-not-complying-with-o","100","100","147.64","0","0.00","0.10"
"www.brla.gov","2025","/formcenter/emergency-medical-services-4/radio-shop-service-request-form-45","http://www.brla.gov/formcenter/emergency-medical-services-4/radio-shop-service-request-form-45","100","50","3.19","0","0.00","1.00"
"www.brla.gov","2025","/communityplan`>www.brla.gov/communityplan</a","http://www.brla.gov/communityplan`>www.brla.gov/communityplan</a","100","100","16.15","100","1.00","1.00"
"www.brla.gov","2025","/1768/solicitation-posting","http://www.brla.gov/1768/solicitation-posting","100","100","7.40","0","0.00","0.50"
"www.brla.gov","2025","/agendacenter/previousversions/_03192025-2078","http://www.brla.gov/agendacenter/previousversions/_03192025-2078","99","99","0.25","99","1.00","1.00"
"www.brla.gov","2025","/337/garbage-collection/","http://www.brla.gov/337/garbage-collection/","99","99","0.25","99","1.00","1.00"
"www.brla.gov","2025","/1576/6-correspondence","http://www.brla.gov/1576/6-correspondence","99","99","28.48","0","0.00","0.03"
"www.brla.gov","2025","/agendacenter/previousversions/_10232023-1697","http://www.brla.gov/agendacenter/previousversions/_10232023-1697","99","99","0.25","43","0.43","1.00"
"www.brla.gov","2025","/formcenter/emergency-medical-services-4/employee-feedback-165","http://www.brla.gov/formcenter/emergency-medical-services-4/employee-feedback-165","99","78","44.46","0","0.14","0.13"
"www.brla.gov","2025","/volunteer","http://www.brla.gov/volunteer","99","99","13.39","56","0.00","0.03"
"www.brla.gov","2025","/2839/officer-spotlight-tiffany-smith","http://www.brla.gov/2839/officer-spotlight-tiffany-smith","99","99","0.25","43","0.43","1.00"
"www.brla.gov","2025","/documentcenter/view/5251/ebrp-gis-map-pdf","http://www.brla.gov/documentcenter/view/5251/ebrp-gis-map-pdf","98","98","328.35","49","0.01","0.51"
"www.brla.gov","2025","/1874/2017-comprehensive-annual-financial-repo","http://www.brla.gov/1874/2017-comprehensive-annual-financial-repo","96","96","0.25","96","1.00","1.00"
"www.brla.gov","2025","/1670/qualified-non-personal-use-vehicles","http://www.brla.gov/1670/qualified-non-personal-use-vehicles","96","96","35.21","0","0.00","0.13"
"www.brla.gov","2025","/2775/report-recommendation-12","http://www.brla.gov/2775/report-recommendation-12","96","96","15.93","43","0.42","0.42"
"www.brla.gov","2025","/2787/report-recommendation-27","http://www.brla.gov/2787/report-recommendation-27","96","96","0.25","96","1.00","1.00"
"www.brla.gov","2025","/2801/report-recommendation-35","http://www.brla.gov/2801/report-recommendation-35","96","96","0.25","96","1.00","1.00"
"www.brla.gov","2025","/formcenter/police-department-19/citizen-survey-126","http://www.brla.gov/formcenter/police-department-19/citizen-survey-126","95","95","92.11","0","0.00","0.09"
"www.brla.gov","2025","/2805/report-recommendation-41","http://www.brla.gov/2805/report-recommendation-41","95","95","3.60","0","0.00","0.09"
"www.brla.gov","2025","/1614/36-office-log","http://www.brla.gov/1614/36-office-log","94","94","33.39","0","0.00","0.00"
"www.brla.gov","2025","/1236/property-lookup","http://www.brla.gov/1236/property-lookup","94","47","31.33","94","1.00","1.00"
"www.brla.gov","2025","/506/commodity-food-program","http://www.brla.gov/506/commodity-food-program","93","93","14.76","93","0.42","0.42"
"www.brla.gov","2025","/agendacenter/previousversions/_01072025-2028","http://www.brla.gov/agendacenter/previousversions/_01072025-2028","93","93","0.25","93","1.00","1.00"
"www.brla.gov","2025","/officeofcommunitydevelopment","http://www.brla.gov/officeofcommunitydevelopment","93","93","72.05","42","0.73","0.15"
"www.brla.gov","2025","/agendacenter/previousversions/_08052020-837","http://www.brla.gov/agendacenter/previousversions/_08052020-837","93","93","32.28","93","1.00","1.00"
"www.brla.gov","2025","/2822/report-recommendation-513","http://www.brla.gov/2822/report-recommendation-513","92","92","8.25","34","0.35","0.35"
"www.brla.gov","2025","/1596/18-sexual-harassment","http://www.brla.gov/1596/18-sexual-harassment","92","46","31.17","0","0.00","0.00"
"www.brla.gov","2025","/lheadstart","http://www.brla.gov/lheadstart","92","92","13.89","92","0.50","0.50"
"www.brla.gov","2025","/agendacenter/previousversions/_04232025-2111","http://www.brla.gov/agendacenter/previousversions/_04232025-2111","92","92","0.25","35","0.37","1.00"
"www.brla.gov","2025","/agenda","http://www.brla.gov/agenda","91","91","27.93","91","0.12","0.12"
"www.brla.gov","2025","/gov","http://www.brla.gov/gov","91","91","12.99","91","0.03","0.03"
"www.brla.gov","2025","/agendacenter/previousversions/_06122025-2150","http://www.brla.gov/agendacenter/previousversions/_06122025-2150","91","91","16.14","45","0.49","0.49"
"www.brla.gov","2025","/agendacenter/previousversions/_06112025-2149","http://www.brla.gov/agendacenter/previousversions/_06112025-2149","91","91","0.25","34","0.37","1.00"
"www.brla.gov","2025","/exchange","http://www.brla.gov/exchange","90","90","0.25","90","1.00","1.00"
"www.brla.gov","2025","/2817/report-recommendation-58","http://www.brla.gov/2817/report-recommendation-58","90","90","19.93","34","0.10","0.10"
"www.brla.gov","2025","/council","http://www.brla.gov/council","90","90","12.15","34","0.10","0.10"
"www.brla.gov","2025","/575/signs","http://www.brla.gov/575/signs","90","90","5.22","21","0.07","0.20"
"www.brla.gov","2025","/1710/workforce-succession-planning","http://www.brla.gov/1710/workforce-succession-planning","88","88","1.89","0","0.00","0.58"
"www.brla.gov","2025","/gis/sa/estax/ookup","http://www.brla.gov/gis/sa/estax/ookup","88","88","0.25","88","1.00","1.00"
"www.brla.gov","2025","/1579/9-drug-free-workplace","http://www.brla.gov/1579/9-drug-free-workplace","88","88","17.92","0","0.00","0.52"
"www.brla.gov","2025","/formcenter/emergency-medical-services-4","http://www.brla.gov/formcenter/emergency-medical-services-4","88","88","15.22","88","0.36","0.36"
"www.brla.gov","2025","/3349/34363/vendor-sign-up","http://www.brla.gov/3349/34363/vendor-sign-up","88","44","16.38","0","0.00","0.16"
"www.brla.gov","2025","/formcenter/19/105","http://www.brla.gov/formcenter/19/105","88","88","424.23","88","0.62","0.62"
"www.brla.gov","2025","/668/faqs","http://www.brla.gov/668/faqs","87","87","21.71","43","0.49","0.64"
"www.brla.gov","2025","/2467/pedestrian-bicycle-master-plan-team","http://www.brla.gov/2467/pedestrian-bicycle-master-plan-team","87","87","0.25","87","1.00","1.00"
"www.brla.gov","2025","/2760/public-services","http://www.brla.gov/2760/public-services","87","87","0.64","43","0.49","0.63"
"www.brla.gov","2025","/2778/report-recommendation-15","http://www.brla.gov/2778/report-recommendation-15","87","87","32.11","0","0.00","0.15"
"www.brla.gov","2025","/agendacenter/previousversions/_03182025-2082","http://www.brla.gov/agendacenter/previousversions/_03182025-2082","87","87","0.25","87","1.00","1.00"
"www.brla.gov","2025","/258/office-of-community-development","http://www.brla.gov/258/office-of-community-development","87","87","0.25","87","1.00","1.00"
"www.brla.gov","2025","/2793/report-recommendation-213","http://www.brla.gov/2793/report-recommendation-213","86","86","0.25","86","1.00","1.00"
"www.brla.gov","2025","/metropolitan-council","http://www.brla.gov/metropolitan-council","86","86","13.41","86","0.00","0.00"
"www.brla.gov","2025","/2747/23362/pillar-1-trust-and-legitimacy","http://www.brla.gov/2747/23362/pillar-1-trust-and-legitimacy","86","43","0.82","0","1.00","0.00"
"www.brla.gov","2025","/facilities/facility/details/54","http://www.brla.gov/facilities/facility/details/54","86","43","5.40","0","0.00","1.00"
"www.brla.gov","2025","/https:/www.brla.gov/admin/documentcenter/document/view/6593/2023-is-strategic-plan","http://www.brla.gov/https:/www.brla.gov/admin/documentcenter/document/view/6593/2023-is-strategic-plan","86","43","27.08","0","0.00","1.00"
"www.brla.gov","2025","/677/senior-wellness-enrichment-enhancement-p/","http://www.brla.gov/677/senior-wellness-enrichment-enhancement-p/","86","86","0.25","86","1.00","1.00"
"www.brla.gov","2025","/3348/is-strategic-plan-2023","http://www.brla.gov/3348/is-strategic-plan-2023","86","43","14.12","0","0.00","0.07"
"www.brla.gov","2025","/3348/is-strategic-plan-2023-2026","http://www.brla.gov/3348/is-strategic-plan-2023-2026","86","43","3.44","0","0.00","0.07"
"www.brla.gov","2025","/agendacenter/planning-commission-3","http://www.brla.gov/agendacenter/planning-commission-3","86","43","6.97","0","0.00","1.00"
"www.brla.gov","2025","/off.com","http://www.brla.gov/off.com","86","86","249.60","0","0.00","0.10"
"www.brla.gov","2025","/documentcenter/view/13926/community-reinvestment-guide-2022-pdf","http://www.brla.gov/documentcenter/view/13926/community-reinvestment-guide-2022-pdf","86","86","0.25","86","1.00","1.00"
"www.brla.gov","2025","/1580/10-exceptions-to-office-policies","http://www.brla.gov/1580/10-exceptions-to-office-policies","85","85","111.72","0","0.00","0.16"
"www.brla.gov","2025","/agendacenter/viewfile/agenda/","http://www.brla.gov/agendacenter/viewfile/agenda/","85","85","14.35","51","0.00","0.15"
"www.brla.gov","2025","/about","http://www.brla.gov/about","83","83","65.80","0","0.00","0.11"
"www.brla.gov","2025","/545/zoning-map","http://www.brla.gov/545/zoning-map","83","83","48.00","58","0.00","0.11"
"www.brla.gov","2025","/copyright","http://www.brla.gov/copyright","82","82","11.75","82","0.38","0.38"
"www.brla.gov","2025","/agendacenter/previousversions/_08132025-2188","http://www.brla.gov/agendacenter/previousversions/_08132025-2188","82","82","136.81","22","0.21","0.55"
"www.brla.gov","2025","/055","http://www.brla.gov/055","81","81","57.61","56","0.00","0.31"
"www.brla.gov","2025","/706/unified-development-code+","http://www.brla.gov/706/unified-development-code+","81","81","8.67","56","0.00","0.11"
"www.brla.gov","2025","/2792/report-recommendation-212","http://www.brla.gov/2792/report-recommendation-212","81","81","0.87","25","0.31","0.31"
"www.brla.gov","2025","/1574/4-conflicts-between-these-office-polic","http://www.brla.gov/1574/4-conflicts-between-these-office-polic","81","81","17.05","0","0.00","0.11"
"www.brla.gov","2025","/183/34036/emergency-medical-services","http://www.brla.gov/183/34036/emergency-medical-services","81","81","115.86","0","0.00","0.11"
"www.brla.gov","2025","/2492/officer-spotlight","http://www.brla.gov/2492/officer-spotlight","81","81","43.51","0","0.00","0.13"
"www.brla.gov","2025","/agendacenter/previousversions/_04092025-2090","http://www.brla.gov/agendacenter/previousversions/_04092025-2090","81","81","68.63","0","0.00","0.11"
"www.brla.gov","2025","/formcenter/19/101","http://www.brla.gov/formcenter/19/101","80","80","0.25","23","0.29","1.00"
"www.brla.gov","2025","/2483/message-to-the-community","http://www.brla.gov/2483/message-to-the-community","80","80","424.41","80","0.39","0.39"
"www.brla.gov","2025","/formcenter/mayor-president-office-17/request-protocol-form-134","http://www.brla.gov/formcenter/mayor-president-office-17/request-protocol-form-134","80","80","8.59","80","0.61","0.61"
"www.brla.gov","2025","/554/workforce-innovation-opportunity-act-pro","http://www.brla.gov/554/workforce-innovation-opportunity-act-pro","78","78","8.20","0","0.00","0.12"
"www.brla.gov","2025","/2300/approver-resources","http://www.brla.gov/2300/approver-resources","78","78","25.19","0","0.00","0.12"
"www.brla.gov","2025","/designcenter/banners/index","http://www.brla.gov/designcenter/banners/index","78","78","85.97","35","0.15","0.18"
"www.brla.gov","2025","/558/2003-2006-revenue-facts","http://www.brla.gov/558/2003-2006-revenue-facts","78","78","10.21","34","0.40","0.45"
"www.brla.gov","2025","/2786/report-recommendation-26","http://www.brla.gov/2786/report-recommendation-26","77","77","0.25","77","1.00","1.00"
"www.brla.gov","2025","/agendacenter/previousversions/_01132025-2023","http://www.brla.gov/agendacenter/previousversions/_01132025-2023","77","77","0.25","77","1.00","1.00"
"www.brla.gov","2025","/1600/22-travel-ordinance-rules","http://www.brla.gov/1600/22-travel-ordinance-rules","76","76","9.34","0","0.00","0.15"
"www.brla.gov","2025","/2779/report-recommendation-16","http://www.brla.gov/2779/report-recommendation-16","75","75","22.85","22","0.25","0.25"
"www.brla.gov","2025","/777/district-8-videos","http://www.brla.gov/777/district-8-videos","75","75","36.66","0","0.00","0.19"
"www.brla.gov","2025","/formcenter/police-department-5/online-crime-reporting-form-59","http://www.brla.gov/formcenter/police-department-5/online-crime-reporting-form-59","75","25","34.20","75","0.36","0.36"
"www.brla.gov","2025","/environmental-landscape","http://www.brla.gov/environmental-landscape","74","37","26.39","74","0.24","0.24"
"www.brla.gov","2025","/1081/mayor-president","http://www.brla.gov/1081/mayor-president","74","37","11.07","0","0.00","0.24"
"www.brla.gov","2025","/equaluzer","http://www.brla.gov/equaluzer","74","37","12.71","74","1.00","1.00"
"www.brla.gov","2025","/501/33246/office-of-social-services","http://www.brla.gov/501/33246/office-of-social-services","70","70","596.96","35","0.13","0.63"
"www.brla.gov","2025","/jobe","http://www.brla.gov/jobe","69","69","25.57","69","0.77","0.77"
"www.brla.gov","2025","/3290/33154/revive-ebr","http://www.brla.gov/3290/33154/revive-ebr","69","69","12.49","44","0.07","0.43"
"www.brla.gov","2025","/2466/pedestrian-and-bicycle-master-plan-pdf","http://www.brla.gov/2466/pedestrian-and-bicycle-master-plan-pdf","69","69","8.80","0","0.23","0.23"
"www.brla.gov","2025","/1411/locations","http://www.brla.gov/1411/locations","68","68","24.59","0","0.00","0.63"
"www.brla.gov","2025","/planning-commission/","http://www.brla.gov/planning-commission/","68","68","15.38","43","0.00","0.13"
"www.brla.gov","2025","/294/2005-comprehensive-annual-financial-repo","http://www.brla.gov/294/2005-comprehensive-annual-financial-repo","68","68","44.13","0","0.00","0.63"
"www.brla.gov","2025","/finance/purchasing","http://www.brla.gov/finance/purchasing","68","34","4.02","68","0.26","0.26"
"www.brla.gov","2025","/1538/code-enforcement","http://www.brla.gov/1538/code-enforcement","68","68","9.52","68","0.76","0.76"
"www.brla.gov","2025","/238/2014-comprehensive-annual-financial-repo","http://www.brla.gov/238/2014-comprehensive-annual-financial-repo","68","68","364.15","43","0.68","0.84"
"www.brla.gov","2025","/ess/employmentopportunities","http://www.brla.gov/ess/employmentopportunities","68","68","5.55","43","0.68","0.84"
"www.brla.gov","2025","/hwadstart","http://www.brla.gov/hwadstart","68","68","25.48","43","0.03","0.18"
"www.brla.gov","2025","/brfd","http://www.brla.gov/brfd","68","68","12.90","0","0.00","0.18"
"www.brla.gov","2025","/201/police-department","http://www.brla.gov/201/police-department","68","68","0.25","68","1.00","1.00"
"www.brla.gov","2025","/1687/responding-to-chlorine-emergencies","http://www.brla.gov/1687/responding-to-chlorine-emergencies","67","67","447.29","0","0.00","0.20"
"www.brla.gov","2025","/agendacenter/previousversions/_03252025-2080","http://www.brla.gov/agendacenter/previousversions/_03252025-2080","67","67","0.25","67","1.00","1.00"
"www.brla.gov","2025","/agendacenter/previousversions/_01172019-472","http://www.brla.gov/agendacenter/previousversions/_01172019-472","67","67","8.27","67","1.00","1.00"
"www.brla.gov","2025","/2193/pillar-5-international-education-exchang","http://www.brla.gov/2193/pillar-5-international-education-exchang","66","66","36.79","20","0.26","0.26"
"www.brla.gov","2025","/jailtaskforce","http://www.brla.gov/jailtaskforce","66","66","0.25","66","1.00","1.00"
"www.brla.gov","2025","/agendacenter/previousversions/_06182025-2158","http://www.brla.gov/agendacenter/previousversions/_06182025-2158","66","66","2.76","44","0.74","0.86"
"www.brla.gov","2025","/agendacenter/previousversions/_03192025-2077","http://www.brla.gov/agendacenter/previousversions/_03192025-2077","65","65","0.51","43","0.70","0.88"
"www.brla.gov","2025","/2815/report-recommendation-56","http://www.brla.gov/2815/report-recommendation-56","65","65","0.25","9","0.14","1.00"
"www.brla.gov","2025","/519/2000-2003-revenue-facts","http://www.brla.gov/519/2000-2003-revenue-facts","65","65","3.01","0","0.00","0.14"
"www.brla.gov","2025","/2200/ucr-crime-reports","http://www.brla.gov/2200/ucr-crime-reports","65","65","10.65","9","0.14","0.14"
"www.brla.gov","2025","/2174/wellness-wednesday","http://www.brla.gov/2174/wellness-wednesday","60","60","0.25","60","1.00","1.00"
"www.brla.gov","2025","/dept/ers:","http://www.brla.gov/dept/ers:","59","59","4.04","34","0.13","0.26"
"www.brla.gov","2025","/2678/volunteer-and-donations","http://www.brla.gov/2678/volunteer-and-donations","58","58","0.25","58","1.00","1.00"
"www.brla.gov","2025","/jobs)youll need","http://www.brla.gov/jobs)youll need","58","58","0.25","58","1.00","1.00"
"www.brla.gov","2025","/771/brla.gov/21/police-office","http://www.brla.gov/771/brla.gov/21/police-office","58","58","51.50","0","0.00","0.00"
"www.brla.gov","2025","/2816/23924/report-recommendation-57","http://www.brla.gov/2816/23924/report-recommendation-57","58","58","5.63","0","0.00","0.00"
"www.brla.gov","2025","//alertcenter.aspx","http://www.brla.gov//alertcenter.aspx","58","58","0.25","58","1.00","1.00"
"www.brla.gov","2025","/sjobs","http://www.brla.gov/sjobs","58","58","9.48","0","0.00","0.00"
"www.brla.gov","2025","/jo","http://www.brla.gov/jo","58","58","0.25","58","1.00","1.00"
"www.brla.gov","2025","/document","http://www.brla.gov/document","58","58","8.52","0","0.00","0.31"
"www.brla.gov","2025","/231/health-department","http://www.brla.gov/231/health-department","58","29","41.01","58","0.31","0.31"
"www.brla.gov","2025","/emspublicinformation","http://www.brla.gov/emspublicinformation","58","58","0.25","58","1.00","1.00"
"www.brla.gov","2025","/parking-services","http://www.brla.gov/parking-services","58","58","8.85","58","0.00","0.00"
"www.brla.gov","2025","/agendacenter/previousversions/_10282019-648","http://www.brla.gov/agendacenter/previousversions/_10282019-648","58","58","0.25","0","0.00","1.00"
"www.brla.gov","2025","/agendacenter/previousversions/_07172024-1910","http://www.brla.gov/agendacenter/previousversions/_07172024-1910","57","57","0.25","57","1.00","1.00"
"www.brla.gov","2025","/huricane","http://www.brla.gov/huricane","57","57","29.13","0","0.00","0.00"
"www.brla.gov","2025","/ss","http://www.brla.gov/ss","57","57","46.77","57","0.00","0.00"
"www.brla.gov","2025","/899/capital-improvement-plan","http://www.brla.gov/899/capital-improvement-plan","57","57","15.16","57","0.00","0.00"
"www.brla.gov","2025","/formcenter/police-department-9/crime-tip-form-112","http://www.brla.gov/formcenter/police-department-9/crime-tip-form-112","57","57","0.25","57","1.00","1.00"
"www.brla.gov","2025","/549/relocation","http://www.brla.gov/549/relocation","57","57","9.99","0","0.00","0.00"
"www.brla.gov","2025","/317/finance-department","http://www.brla.gov/317/finance-department","57","57","11.04","0","0.00","0.00"
"www.brla.gov","2025","/hurricane-preparedness","http://www.brla.gov/hurricane-preparedness","57","57","134.58","0","0.00","0.00"
"www.brla.gov","2025","/search.aspx","http://www.brla.gov/search.aspx","57","57","0.25","0","0.00","1.00"
"www.brla.gov","2025","/805","http://www.brla.gov/805","57","57","0.25","0","0.00","1.00"
"www.brla.gov","2025","/1732/inventory","http://www.brla.gov/1732/inventory","57","57","9.16","0","0.00","0.00"
"www.brla.gov","2025","/formcenter/public-works-7/garbage-cart-request-form-94","http://www.brla.gov/formcenter/public-works-7/garbage-cart-request-form-94","57","57","14.39","57","0.00","0.00"
"www.brla.gov","2025","/emaillogin","http://www.brla.gov/emaillogin","57","57","11.53","0","1.00","0.00"
"www.brla.gov","2025","/agendacenter/previousversions/_04242024-1857","http://www.brla.gov/agendacenter/previousversions/_04242024-1857","57","57","0.25","57","1.00","1.00"
"www.brla.gov","2025","/2743/rsr-day-events-trainings","http://www.brla.gov/2743/rsr-day-events-trainings","57","57","35.73","0","1.00","0.00"
"www.brla.gov","2025","/admin/saml=off","http://www.brla.gov/admin/saml=off","57","57","71.95","0","1.00","0.00"
"www.brla.gov","2025","/444/municipal-court","http://www.brla.gov/444/municipal-court","57","57","0.25","57","1.00","1.00"
"www.brla.gov","2025","/joab","http://www.brla.gov/joab","57","57","8.67","57","0.00","0.00"
"www.brla.gov","2025","/445adjudicatedproperty","http://www.brla.gov/445adjudicatedproperty","57","57","6.88","0","1.00","0.00"
"www.brla.gov","2025","/2194/pillar-6-international-strategic-engagem","http://www.brla.gov/2194/pillar-6-international-strategic-engagem","57","57","182.47","57","0.00","0.00"
"www.brla.gov","2025","/archivecenter/viewfile","http://www.brla.gov/archivecenter/viewfile","57","57","19.48","57","0.00","0.00"
"www.brla.gov","2025","/docomentcenter/view","http://www.brla.gov/docomentcenter/view","57","57","33.72","57","0.00","0.00"
"www.brla.gov","2025","/204/police-department","http://www.brla.gov/204/police-department","57","57","9.65","0","0.00","0.00"
"www.brla.gov","2025","/rss","http://www.brla.gov/rss","57","57","30.20","0","0.00","0.00"
"www.brla.gov","2025","/office-of-community-development","http://www.brla.gov/office-of-community-development","57","57","15.72","0","1.00","0.00"
"www.brla.gov","2025","/181/metropolitan-airport","http://www.brla.gov/181/metropolitan-airport","57","57","0.25","57","1.00","1.00"
"www.brla.gov","2025","/joinis","http://www.brla.gov/joinis","57","57","62.75","0","0.00","0.00"
"www.brla.gov","2025","/1767/requisitioner-guide","http://www.brla.gov/1767/requisitioner-guide","57","57","61.99","0","0.00","0.00"
"www.brla.gov","2025","/bss","http://www.brla.gov/bss","57","57","0.25","0","0.00","1.00"
"www.brla.gov","2025","/documentcenter/view/liheap-application","http://www.brla.gov/documentcenter/view/liheap-application","57","57","18.18","0","0.00","0.00"
"www.brla.gov","2025","/562/metropolitan-council","http://www.brla.gov/562/metropolitan-council","57","57","0.25","0","0.00","1.00"
"www.brla.gov","2025","/formcenter/mayor-president-office-17/letter-of-welcome-requests-93","http://www.brla.gov/formcenter/mayor-president-office-17/letter-of-welcome-requests-93","57","57","5.52","0","1.00","0.00"
"www.brla.gov","2025","/agendacenter/previousversions/_12042024-2002","http://www.brla.gov/agendacenter/previousversions/_12042024-2002","57","57","5.78","0","1.00","0.00"
"www.brla.gov","2025","/dept/is/","http://www.brla.gov/dept/is/","57","57","0.25","57","1.00","1.00"
"www.brla.gov","2025","/agendacenter/previousversions/_04172024-1853","http://www.brla.gov/agendacenter/previousversions/_04172024-1853","57","57","0.25","57","1.00","1.00"
"www.brla.gov","2025","/departments/development/permits-inspections","http://www.brla.gov/departments/development/permits-inspections","57","57","11.97","0","0.00","0.00"
"www.brla.gov","2025","/feeds","http://www.brla.gov/feeds","57","57","74.09","0","0.00","0.00"
"www.brla.gov","2025","/644/charles-r-kelly-community-center]www.brla.gov/644/charles-r-kelly-community-center","http://www.brla.gov/644/charles-r-kelly-community-center]www.brla.gov/644/charles-r-kelly-community-center","57","57","49.43","57","0.00","0.00"
"www.brla.gov","2025","/closure","http://www.brla.gov/closure","57","57","11.54","0","0.00","0.00"
"www.brla.gov","2025","/agendacenter/previousversions/_01022025-2021","http://www.brla.gov/agendacenter/previousversions/_01022025-2021","57","57","0.25","57","1.00","1.00"
"www.brla.gov","2025","/documentcenter/view/1789/occupancy-permit-information-pdf","http://www.brla.gov/documentcenter/view/1789/occupancy-permit-information-pdf","57","57","0.25","57","1.00","1.00"
"www.brla.gov","2025","/formcenter/mayor-president-office-17/mayors-youth-workforce-experience-applic-135","http://www.brla.gov/formcenter/mayor-president-office-17/mayors-youth-workforce-experience-applic-135","57","57","0.25","57","1.00","1.00"
"www.brla.gov","2025","/carrerguide","http://www.brla.gov/carrerguide","57","57","13.84","57","0.00","0.00"
"www.brla.gov","2025","/forwardoss","http://www.brla.gov/forwardoss","57","57","11.92","0","0.00","0.00"
"www.brla.gov","2025","/formcenter/","http://www.brla.gov/formcenter/","57","57","47.71","0","0.00","0.00"
"www.brla.gov","2025","/233/civil-division/","http://www.brla.gov/233/civil-division/","57","57","0.25","57","1.00","1.00"
"www.brla.gov","2025","/agendacenter/previousversions/_04092025-2095","http://www.brla.gov/agendacenter/previousversions/_04092025-2095","57","57","114.73","0","0.00","0.00"
"www.brla.gov","2025","/cybersymposium","http://www.brla.gov/cybersymposium","57","57","0.25","57","1.00","1.00"
"www.brla.gov","2025","/2328/administration-contacts","http://www.brla.gov/2328/administration-contacts","57","57","0.25","57","1.00","1.00"
"www.brla.gov","2025","//2727/metronet","http://www.brla.gov//2727/metronet","57","57","6.14","0","0.00","0.00"
"www.brla.gov","2025","/1524/supplier-diversity","http://www.brla.gov/1524/supplier-diversity","57","57","29.59","57","0.00","0.00"
"www.brla.gov","2025","/deptcitycourt","http://www.brla.gov/deptcitycourt","57","57","14.19","57","0.00","0.00"
"www.brla.gov","2025","/documentcente","http://www.brla.gov/documentcente","57","57","5.75","0","0.00","0.00"
"www.brla.gov","2025","/1353/east-baton-rouge-parish-emergency-operat","http://www.brla.gov/1353/east-baton-rouge-parish-emergency-operat","57","57","0.25","57","1.00","1.00"
"www.brla.gov","2025","/1227/mayor-president","http://www.brla.gov/1227/mayor-president","57","57","0.25","57","1.00","1.00"
"www.brla.gov","2025","/1370/metropolitan-council","http://www.brla.gov/1370/metropolitan-council","57","57","0.25","0","0.00","1.00"
"www.brla.gov","2025","/2574/cvc-dashboards","http://www.brla.gov/2574/cvc-dashboards","57","57","41.54","0","0.00","0.00"
"www.brla.gov","2025","/garbage-collection","http://www.brla.gov/garbage-collection","57","57","13.78","57","0.00","0.00"
"www.brla.gov","2025","/agendacenter/previousversions/_02282024-1803","http://www.brla.gov/agendacenter/previousversions/_02282024-1803","57","57","0.25","57","1.00","1.00"
"www.brla.gov","2025","/humanresource","http://www.brla.gov/humanresource","57","57","5.63","0","0.00","0.00"
"www.brla.gov","2025","/194/municipal-court","http://www.brla.gov/194/municipal-court","57","57","14.59","57","0.00","0.00"
"www.brla.gov","2025","/536utility-assistance-lihep","http://www.brla.gov/536utility-assistance-lihep","57","57","59.05","57","0.00","0.00"
"www.brla.gov","2025","/agendacenter/previousversions/_03132024-1824","http://www.brla.gov/agendacenter/previousversions/_03132024-1824","57","57","0.25","57","1.00","1.00"
"www.brla.gov","2025","/1355/continuity-of-operations-planning","http://www.brla.gov/1355/continuity-of-operations-planning","57","57","5.33","0","0.00","0.00"
"www.brla.gov","2025","/lss","http://www.brla.gov/lss","57","57","204.82","57","0.00","0.00"
"www.brla.gov","2025","/839/police-department","http://www.brla.gov/839/police-department","57","57","17.07","57","0.00","0.00"
"www.brla.gov","2025","/3341/34176/2025-ai-strategic-plan","http://www.brla.gov/3341/34176/2025-ai-strategic-plan","57","57","7.43","0","1.00","0.00"
"www.brla.gov","2025","/documentationcenter/view/13790/combined-environmental-forms","http://www.brla.gov/documentationcenter/view/13790/combined-environmental-forms","57","57","0.17","57","1.00","1.00"
"www.brla.gov","2025","/mohse","http://www.brla.gov/mohse","57","57","0.25","0","0.00","1.00"
"www.brla.gov","2025","/agendacenter/previousversions/_06192025-2161","http://www.brla.gov/agendacenter/previousversions/_06192025-2161","57","57","0.25","0","0.00","1.00"
"www.brla.gov","2025","/2812/report-recommendation-51","http://www.brla.gov/2812/report-recommendation-51","57","57","0.25","57","1.00","1.00"
"www.brla.gov","2025","/documentcenter/index/65","http://www.brla.gov/documentcenter/index/65","57","57","46.90","57","0.00","0.00"
"www.brla.gov","2025","/documentcenter/view/28976/it-rfp-202344","http://www.brla.gov/documentcenter/view/28976/it-rfp-202344","57","57","0.25","57","1.00","1.00"
"www.brla.gov","2025","/sss","http://www.brla.gov/sss","57","57","252.77","57","0.00","0.00"
"www.brla.gov","2025","/documentcenter/view/8336/pool-installers-application-form-2020","http://www.brla.gov/documentcenter/view/8336/pool-installers-application-form-2020","57","57","16.84","57","0.00","0.00"
"www.brla.gov","2025","/610/solid-waste-collection","http://www.brla.gov/610/solid-waste-collection","57","57","0.25","57","1.00","1.00"
"www.brla.gov","2025","/hurricane","http://www.brla.gov/hurricane","57","57","5.95","0","0.00","0.00"
"www.brla.gov","2025","/formcenter/mayor-president-office-17","http://www.brla.gov/formcenter/mayor-president-office-17","57","57","15.58","57","0.00","0.00"
"www.brla.gov","2025","/1","http://www.brla.gov/1","57","57","19.83","57","0.00","0.00"
"www.brla.gov","2025","/evictions","http://www.brla.gov/evictions","57","57","23.61","57","0.00","0.00"
"www.brla.gov","2025","/1616/38-food-stamp-issuance-error-level-pol","http://www.brla.gov/1616/38-food-stamp-issuance-error-level-pol","57","57","0.25","0","0.00","1.00"
"www.brla.gov","2025","/paymentcenter","http://www.brla.gov/paymentcenter","57","57","0.34","57","0.00","0.00"
"www.brla.gov","2025","/agendacenter/previousversions/_01252024-1752","http://www.brla.gov/agendacenter/previousversions/_01252024-1752","57","57","34.31","0","0.00","0.00"
"www.brla.gov","2025","/1015/procurement","http://www.brla.gov/1015/procurement","57","57","0.25","57","1.00","1.00"
"www.brla.gov","2025","/2802/report-recommendation-36","http://www.brla.gov/2802/report-recommendation-36","57","57","0.25","57","1.00","1.00"
"www.brla.gov","2025","/grantsportal","http://www.brla.gov/grantsportal","57","57","0.15","57","1.00","1.00"
"www.brla.gov","2025","/1597/19-smoking-policy","http://www.brla.gov/1597/19-smoking-policy","57","57","20.11","0","0.00","0.00"
"www.brla.gov","2025","/2175/restart-br","http://www.brla.gov/2175/restart-br","57","57","0.25","57","1.00","1.00"
"www.brla.gov","2025","/892/311-citizen-services","http://www.brla.gov/892/311-citizen-services","57","57","28.11","57","1.00","1.00"
"www.brla.gov","2025","/1990/permit-office","http://www.brla.gov/1990/permit-office","57","57","0.25","57","1.00","1.00"
"www.brla.gov","2025","/formcenter/mayors-office-of-homeland-security-emerg-7/2025-east-baton-rouge-parish-hurricane-s-2025","http://www.brla.gov/formcenter/mayors-office-of-homeland-security-emerg-7/2025-east-baton-rouge-parish-hurricane-s-2025","57","57","393.41","0","0.00","0.00"
"www.brla.gov","2025","/formcenter/mayors-office-of-homeland-security-emerg-7/2025-east-baton-rouge-parish-hurricane-s-25","http://www.brla.gov/formcenter/mayors-office-of-homeland-security-emerg-7/2025-east-baton-rouge-parish-hurricane-s-25","57","57","5.58","0","0.00","0.00"
"www.brla.gov","2025","/agendacenter/previousversions/_07082024-1902","http://www.brla.gov/agendacenter/previousversions/_07082024-1902","57","57","0.25","57","1.00","1.00"
"www.brla.gov","2025","/documentcenter/view/561/notice-to-vacate-non-payment-pdf","http://www.brla.gov/documentcenter/view/561/notice-to-vacate-non-payment-pdf","57","57","19.35","57","0.00","0.00"
"www.brla.gov","2025","/2828/report-recommendation-65","http://www.brla.gov/2828/report-recommendation-65","56","56","4.89","56","0.00","0.00"
"www.brla.gov","2025","/br","http://www.brla.gov/br","56","56","0.25","56","1.00","1.00"
"www.brla.gov","2025","/2182/summer-youth-employment-program-applicat","http://www.brla.gov/2182/summer-youth-employment-program-applicat","56","56","0.25","56","1.00","1.00"
"www.brla.gov","2025","/publicrecords","http://www.brla.gov/publicrecords","56","56","15.05","56","0.00","0.00"
"www.brla.gov","2025","/archive.html","http://www.brla.gov/archive.html","56","56","26.22","56","0.00","0.00"
"www.brla.gov","2025","/2157/business-and-employment-resources","http://www.brla.gov/2157/business-and-employment-resources","56","56","0.25","56","1.00","1.00"
"www.brla.gov","2025","/2821/report-recommendation-512","http://www.brla.gov/2821/report-recommendation-512","56","56","6.09","0","0.00","0.00"
"www.brla.gov","2025","/budget","http://www.brla.gov/budget","56","56","15.56","56","0.00","0.00"
"www.brla.gov","2025","/def","http://www.brla.gov/def","56","56","0.25","56","1.00","1.00"
"www.brla.gov","2025","/3071/emergency-operationshttps:/www.brla.gov/3071/emergency-operations","http://www.brla.gov/3071/emergency-operationshttps:/www.brla.gov/3071/emergency-operations","56","56","0.25","0","0.00","1.00"
"www.brla.gov","2025","/1395/metropolitan-council","http://www.brla.gov/1395/metropolitan-council","56","56","4.86","0","0.00","0.00"
"www.brla.gov","2025","/1195/submit","http://www.brla.gov/1195/submit","56","56","5.36","0","0.00","0.00"
"www.brla.gov","2025","/1621/43-metronet-internet-postings-by-finan","http://www.brla.gov/1621/43-metronet-internet-postings-by-finan","56","56","28.49","0","0.00","0.00"
"www.brla.gov","2025","/3333/34059/spanish-summer-2025-school-sites","http://www.brla.gov/3333/34059/spanish-summer-2025-school-sites","56","56","24.86","0","0.00","0.00"
"www.brla.gov","2025","/194","http://www.brla.gov/194","56","56","0.25","0","0.00","1.00"
"www.brla.gov","2025","/recycling","http://www.brla.gov/recycling","56","56","21.14","56","0.00","0.00"
"www.brla.gov","2025","/gis/propertylookup.asp","http://www.brla.gov/gis/propertylookup.asp","56","56","0.25","0","0.00","1.00"
"www.brla.gov","2025","/agendacenter/previousversions/_04072025-2096","http://www.brla.gov/agendacenter/previousversions/_04072025-2096","56","56","0.25","56","1.00","1.00"
"www.brla.gov","2025","/3305/for-the-culture","http://www.brla.gov/3305/for-the-culture","56","56","0.25","56","1.00","1.00"
"www.brla.gov","2025","/opstay.cool","http://www.brla.gov/opstay.cool","56","56","0.25","56","1.00","1.00"
"www.brla.gov","2025","/documentcenter/view/7078/mygovernmentonline","http://www.brla.gov/documentcenter/view/7078/mygovernmentonline","56","56","0.25","56","1.00","1.00"
"www.brla.gov","2025","/otl","http://www.brla.gov/otl","56","56","9.70","0","0.00","0.26"
"www.brla.gov","2025","/1681/w-2-employee-wage-tax-statements","http://www.brla.gov/1681/w-2-employee-wage-tax-statements","56","56","20.37","0","0.00","0.00"
"www.brla.gov","2025","/warrants","http://www.brla.gov/warrants","56","56","0.25","56","1.00","1.00"
"www.brla.gov","2025","/3225/recordings-of-past-engagement","http://www.brla.gov/3225/recordings-of-past-engagement","56","56","18.53","0","0.00","0.00"
"www.brla.gov","2025","/719/economic-development","http://www.brla.gov/719/economic-development","56","56","0.25","0","0.00","1.00"
"www.brla.gov","2025","/1951/feedback","http://www.brla.gov/1951/feedback","56","56","0.25","56","1.00","1.00"
"www.brla.gov","2025","/documentcenter/view/2589/occupational-license-renewal-instructions-pdf","http://www.brla.gov/documentcenter/view/2589/occupational-license-renewal-instructions-pdf","56","56","0.25","56","1.00","1.00"
"www.brla.gov","2025","/3334/34060/english-summer-2025-school-sites","http://www.brla.gov/3334/34060/english-summer-2025-school-sites","56","56","23.11","0","0.00","0.00"
"www.brla.gov","2025","/799/tax-form>","http://www.brla.gov/799/tax-form>","56","56","53.61","56","0.00","0.00"
"www.brla.gov","2025","/documentcenter/view/1227","http://www.brla.gov/documentcenter/view/1227","56","56","16.88","56","0.00","0.00"
"www.brla.gov","2025","/formcenter/mayors-office-of-homeland-security-emergency-preparedness-7/tier-ii-report-151","http://www.brla.gov/formcenter/mayors-office-of-homeland-security-emergency-preparedness-7/tier-ii-report-151","56","56","0.25","0","0.00","1.00"
"www.brla.gov","2025","/osshttps:/www.brla.gov/oss","http://www.brla.gov/osshttps:/www.brla.gov/oss","56","56","84.68","56","0.00","0.00"
"www.brla.gov","2025","/documentcenter/view13790/combined-environmental-forms","http://www.brla.gov/documentcenter/view13790/combined-environmental-forms","56","56","332.85","56","0.00","0.00"
"www.brla.gov","2025","/2823/report-recommendation-61","http://www.brla.gov/2823/report-recommendation-61","56","56","0.25","0","0.00","1.00"
"www.brla.gov","2025","/opstaycol","http://www.brla.gov/opstaycol","56","56","13.45","56","0.00","0.00"
"www.brla.gov","2025","/formcenter/home/submissiondetails","http://www.brla.gov/formcenter/home/submissiondetails","56","56","5.57","0","0.00","0.00"
"www.brla.gov","2025","/agendacenter/previousversions/_01272025-2012","http://www.brla.gov/agendacenter/previousversions/_01272025-2012","56","56","0.25","56","1.00","1.00"
"www.brla.gov","2025","/list","http://www.brla.gov/list","56","56","8.87","0","0.00","0.00"
"www.brla.gov","2025","/emergencyinformation","http://www.brla.gov/emergencyinformation","56","56","14.61","0","0.00","0.00"
"www.brla.gov","2025","/agendacenter/previousversions/_04102024-1846","http://www.brla.gov/agendacenter/previousversions/_04102024-1846","56","56","0.25","56","1.00","1.00"
"www.brla.gov","2025","/183/34037/emergency-medical-services","http://www.brla.gov/183/34037/emergency-medical-services","56","56","6.33","0","0.00","0.00"
"www.brla.gov","2025","/agendacenter/metropolitan-council","http://www.brla.gov/agendacenter/metropolitan-council","56","56","4.76","0","0.00","0.00"
"www.brla.gov","2025","/jos","http://www.brla.gov/jos","56","56","0.25","56","1.00","1.00"
"www.brla.gov","2025","/agendacenter/previousversions/_07232020-829","http://www.brla.gov/agendacenter/previousversions/_07232020-829","56","56","0.25","56","1.00","1.00"
"www.brla.gov","2025","//view/19223/liheap-online-instructions","http://www.brla.gov//view/19223/liheap-online-instructions","56","56","0.68","56","0.00","0.00"
"www.brla.gov","2025","/employment","http://www.brla.gov/employment","56","56","272.11","56","0.00","0.00"
"www.brla.gov","2025","/3228/neighborhood-convention","http://www.brla.gov/3228/neighborhood-convention","56","56","0.25","56","1.00","1.00"
"www.brla.gov","2025","/grants","http://www.brla.gov/grants","56","56","20.31","56","0.00","0.00"
"www.brla.gov","2025","/756","http://www.brla.gov/756","56","56","1.25","0","0.00","0.00"
"www.brla.gov","2025","/631/safety-disaster-recovery","http://www.brla.gov/631/safety-disaster-recovery","56","56","0.25","56","1.00","1.00"
"www.brla.gov","2025","/160/futurebr","http://www.brla.gov/160/futurebr","56","56","12.19","56","0.00","0.00"
"www.brla.gov","2025","/alert","http://www.brla.gov/alert","56","56","72.70","56","0.00","0.00"
"www.brla.gov","2025","/complaints","http://www.brla.gov/complaints","56","56","291.04","56","0.00","0.00"
"www.brla.gov","2025","/agendacenter/previousversions/_05142025-2128","http://www.brla.gov/agendacenter/previousversions/_05142025-2128","56","56","0.25","56","1.00","1.00"
"www.brla.gov","2025","/ryanwhite","http://www.brla.gov/ryanwhite","56","56","0.25","0","0.00","1.00"
"www.brla.gov","2025","/formcenter/police-department-19/community-services-division-request-for195","http://www.brla.gov/formcenter/police-department-19/community-services-division-request-for195","56","56","0.15","0","0.00","0.00"
"www.brla.gov","2025","/deptoffinance","http://www.brla.gov/deptoffinance","56","56","35.98","56","0.00","0.00"
"www.brla.gov","2025","/agendacenter/previousversions/2137","http://www.brla.gov/agendacenter/previousversions/2137","56","56","0.25","56","1.00","1.00"
"www.brla.gov","2025","/formcenter/planning-commission-26/futurebr-update-comment-form-196","http://www.brla.gov/formcenter/planning-commission-26/futurebr-update-comment-form-196","56","56","0.12","0","0.00","0.00"
"www.brla.gov","2025","/3298/your-form-has-been-submitted","http://www.brla.gov/3298/your-form-has-been-submitted","56","56","5.64","0","1.00","0.00"
"www.brla.gov","2025","/bes","http://www.brla.gov/bes","56","56","19.68","56","0.00","0.00"
"www.brla.gov","2025","/directorgospx","http://www.brla.gov/directorgospx","56","56","0.25","0","0.00","1.00"
"www.brla.gov","2025","/2818/report-recommendation-59","http://www.brla.gov/2818/report-recommendation-59","56","56","0.25","56","1.00","1.00"
"www.brla.gov","2025","/1398/administration","http://www.brla.gov/1398/administration","56","56","73.51","56","0.00","0.00"
"www.brla.gov","2025","/agendacenter/previousversions/_01212025-2035","http://www.brla.gov/agendacenter/previousversions/_01212025-2035","56","56","2.92","0","0.00","0.00"
"www.brla.gov","2025","/forrothers","http://www.brla.gov/forrothers","56","56","82.08","56","0.00","0.00"
"www.brla.gov","2025","/2782/report-recommendation-23","http://www.brla.gov/2782/report-recommendation-23","56","56","0.57","0","0.00","0.00"
"www.brla.gov","2025","/880","http://www.brla.gov/880","56","56","0.25","0","0.00","1.00"
"www.brla.gov","2025","/agendacenter/previousversions/_08282024-1770","http://www.brla.gov/agendacenter/previousversions/_08282024-1770","56","56","0.25","0","0.00","1.00"
"www.brla.gov","2025","/agendacenter/previousversions/_06112025-2147","http://www.brla.gov/agendacenter/previousversions/_06112025-2147","56","56","22.08","0","1.00","0.00"
"www.brla.gov","2025","/jons","http://www.brla.gov/jons","56","56","0.25","56","1.00","1.00"
"www.brla.gov","2025","/documentcenter/view/12977/futurebr-executive-summary-pdf","http://www.brla.gov/documentcenter/view/12977/futurebr-executive-summary-pdf","56","56","0.25","56","1.00","1.00"
"www.brla.gov","2025","/formcenter/code-enforcement-10/code-enforcement-complaint-form-61","http://www.brla.gov/formcenter/code-enforcement-10/code-enforcement-complaint-form-61","56","56","0.25","56","1.00","1.00"
"www.brla.gov","2025","/formcenter/fleet-management-21/service-rating-card-107","http://www.brla.gov/formcenter/fleet-management-21/service-rating-card-107","56","56","8.10","0","1.00","0.00"
"www.brla.gov","2025","/cdbg/","http://www.brla.gov/cdbg/","56","56","12.31","56","0.00","0.00"
"www.brla.gov","2025","/agendacenter/previousversions/_06132024-1888","http://www.brla.gov/agendacenter/previousversions/_06132024-1888","56","56","44.67","56","1.00","1.00"
"www.brla.gov","2025","/communitydevlopment","http://www.brla.gov/communitydevlopment","56","56","0.25","56","1.00","1.00"
"www.brla.gov","2025","/3008/training","http://www.brla.gov/3008/training","56","56","20.15","0","0.00","0.00"
"www.brla.gov","2025","/2790/report-recommendation-210","http://www.brla.gov/2790/report-recommendation-210","56","56","0.25","56","1.00","1.00"
"www.brla.gov","2025","/2269/2020-a-safe-secure-digital-baton-rouge","http://www.brla.gov/2269/2020-a-safe-secure-digital-baton-rouge","56","56","0.25","56","1.00","1.00"
"www.brla.gov","2025","/calendar.aspx/","http://www.brla.gov/calendar.aspx/","56","56","9.65","56","0.00","0.00"
"www.brla.gov","2025","/communtiydevelopment","http://www.brla.gov/communtiydevelopment","56","56","18.45","56","0.00","0.00"
"www.brla.gov","2025","/menfoeothers","http://www.brla.gov/menfoeothers","56","56","25.07","56","0.00","0.00"
"www.brla.gov","2025","/vendor","http://www.brla.gov/vendor","56","56","5.26","0","0.00","0.00"
"www.brla.gov","2025","/agendacenter/previousversions/_03122025-2073","http://www.brla.gov/agendacenter/previousversions/_03122025-2073","56","56","13.39","0","0.00","0.00"
"www.brla.gov","2025","/documentcenter/view/9789/brgt-survey-report","http://www.brla.gov/documentcenter/view/9789/brgt-survey-report","56","56","0.25","56","1.00","1.00"
"www.brla.gov","2025","/gis","http://www.brla.gov/gis","56","56","9.91","0","0.00","0.00"
"www.brla.gov","2025","/3060/press-room","http://www.brla.gov/3060/press-room","56","56","9.75","56","0.00","0.00"
"www.brla.gov","2025","/2077/brpd-transparency","http://www.brla.gov/2077/brpd-transparency","56","56","0.25","56","1.00","1.00"
"www.brla.gov","2025","/agendacenter/previousversions/_04242025-2112","http://www.brla.gov/agendacenter/previousversions/_04242025-2112","56","56","5.44","0","0.00","0.00"
"www.brla.gov","2025","/agendacenter/ryan-white-advisory-council-2/","http://www.brla.gov/agendacenter/ryan-white-advisory-council-2/","56","56","944.69","0","0.00","0.00"
"www.brla.gov","2025","/ultilites","http://www.brla.gov/ultilites","56","56","32.97","56","0.00","0.00"
"www.brla.gov","2025","/maintenance","http://www.brla.gov/maintenance","56","56","58.95","0","1.00","0.00"
"www.brla.gov","2025","/revenue","http://www.brla.gov/revenue","56","56","17.46","0","0.00","0.00"
"www.brla.gov","2025","/3018/emergency-operations-center-special-assi","http://www.brla.gov/3018/emergency-operations-center-special-assi","56","56","6.45","0","0.00","0.00"
"www.brla.gov","2025","/communitydevelopmeng","http://www.brla.gov/communitydevelopmeng","56","56","21.35","56","0.00","0.00"
"www.brla.gov","2025","/1978/forms","http://www.brla.gov/1978/forms","56","56","22.23","56","0.00","0.00"
"www.brla.gov","2025","/c48/planningcommission","http://www.brla.gov/c48/planningcommission","56","56","26.89","0","0.00","0.00"
"www.brla.gov","2025","/2819/report-recommendation-510","http://www.brla.gov/2819/report-recommendation-510","56","56","0.45","0","0.00","0.00"
"www.brla.gov","2025","/625/budget-documents","http://www.brla.gov/625/budget-documents","56","56","31.51","56","0.00","0.00"
"www.brla.gov","2025","/agendacenter/previousversions/2136","http://www.brla.gov/agendacenter/previousversions/2136","56","56","12.78","56","0.00","0.00"
"www.brla.gov","2025","/1625/47-performing-outside-work-during-city","http://www.brla.gov/1625/47-performing-outside-work-during-city","56","56","20.72","0","0.00","0.00"
"www.brla.gov","2025","/2508/open-data-day-2021","http://www.brla.gov/2508/open-data-day-2021","56","56","15.26","0","0.00","0.00"
"www.brla.gov","2025","/formcenter/planning-commission-26","http://www.brla.gov/formcenter/planning-commission-26","56","56","16.83","0","0.00","0.29"
"www.brla.gov","2025","/2580-emergecy-medical-services","http://www.brla.gov/2580-emergecy-medical-services","56","56","11.22","56","0.00","0.00"
"www.brla.gov","2025","/531/public-records/","http://www.brla.gov/531/public-records/","56","56","0.25","56","1.00","1.00"
"www.brla.gov","2025","/documentcenter/view/19545/next-year-budget-end-user-document-pdf","http://www.brla.gov/documentcenter/view/19545/next-year-budget-end-user-document-pdf","56","56","33.69","56","0.00","0.00"
"www.brla.gov","2025","/agendacenter/previousversions/_04212025-2072","http://www.brla.gov/agendacenter/previousversions/_04212025-2072","56","56","0.25","56","1.00","1.00"
"www.brla.gov","2025","/retirement","http://www.brla.gov/retirement","56","56","0.25","56","1.00","1.00"
"www.brla.gov","2025","/agendacenter/viewfile/agenda/_04262023-1568","http://www.brla.gov/agendacenter/viewfile/agenda/_04262023-1568","55","55","0.25","0","0.00","1.00"
"www.brla.gov","2025","/dept/","http://www.brla.gov/dept/","55","55","18.56","0","0.00","0.00"
"www.brla.gov","2025","/dept/purchasing","http://www.brla.gov/dept/purchasing","55","55","12.85","0","0.00","0.00"
"www.brla.gov","2025","/documentcenter/view/609/occupational-license-application-pdf","http://www.brla.gov/documentcenter/view/609/occupational-license-application-pdf","55","55","0.25","0","0.00","1.00"
"www.brla.gov","2025","/542/2002-2005-revenue-facts","http://www.brla.gov/542/2002-2005-revenue-facts","55","55","0.25","55","1.00","1.00"
"www.brla.gov","2025","/893/household-hazardous-materials/","http://www.brla.gov/893/household-hazardous-materials/","55","55","0.25","55","1.00","1.00"
"www.brla.gov","2025","/3263/mayor-president-sharon-weston-broome","http://www.brla.gov/3263/mayor-president-sharon-weston-broome","55","55","0.25","0","0.00","1.00"
"www.brla.gov","2025","/1429/all-job-specifications","http://www.brla.gov/1429/all-job-specifications","55","55","0.25","0","0.00","1.00"
"www.brla.gov","2025","/2791/report-recommendation-211","http://www.brla.gov/2791/report-recommendation-211","55","55","3.76","0","1.00","0.00"
"www.brla.gov","2025","/444/plan-of-government","http://www.brla.gov/444/plan-of-government","54","54","25.64","54","0.00","0.00"
"www.brla.gov","2025","/departments/human-development-services/pages/about-us","http://www.brla.gov/departments/human-development-services/pages/about-us","54","54","22.63","54","0.00","0.00"
"www.brla.gov","2025","/2205/red-stick-revamp","http://www.brla.gov/2205/red-stick-revamp","54","54","0.25","54","1.00","1.00"
"www.brla.gov","2025","/1816/press-releases","http://www.brla.gov/1816/press-releases","54","54","0.25","0","0.00","1.00"
"www.brla.gov","2025","/grantporta","http://www.brla.gov/grantporta","54","54","84.00","0","1.00","0.00"
"www.brla.gov","2025","/2695subdivision-engineering","http://www.brla.gov/2695subdivision-engineering","54","54","13.30","54","0.00","0.00"
"www.brla.gov","2025","/1695classfication-pay","http://www.brla.gov/1695classfication-pay","54","54","7.79","54","0.00","0.00"
"www.brla.gov","2025","/3316/mayors-youth-workforce-experiencehttps:/brla.gov/3317/pray-for-the-parish","http://www.brla.gov/3316/mayors-youth-workforce-experiencehttps:/brla.gov/3317/pray-for-the-parish","54","54","16.80","0","0.00","0.00"
"www.brla.gov","2025","/905/occupational-license","http://www.brla.gov/905/occupational-license","53","53","22.39","53","0.00","0.00"
"www.brla.gov","2025","/2831/report-recommendation-17","http://www.brla.gov/2831/report-recommendation-17","53","53","10.43","0","0.00","0.00"
"www.brla.gov","2025","/2162","http://www.brla.gov/2162","53","53","701.32","53","0.19","0.19"
"www.brla.gov","2025","/545/solid-waste-collection","http://www.brla.gov/545/solid-waste-collection","53","53","16.71","53","0.00","0.00"
"www.brla.gov","2025","/formcenter/emergency-medical-services-4/inservice-topics-168","http://www.brla.gov/formcenter/emergency-medical-services-4/inservice-topics-168","53","53","0.25","0","0.00","1.00"
"www.brla.gov","2025","/dmin","http://www.brla.gov/dmin","53","53","5.45","0","0.00","0.00"
"www.brla.gov","2025","/recycl","http://www.brla.gov/recycl","52","52","21.24","0","0.00","0.00"
"www.brla.gov","2025","/2688/permits-inspections/","http://www.brla.gov/2688/permits-inspections/","52","52","0.25","52","1.00","1.00"
"www.brla.gov","2025","/2302/tier-ii-reporting","http://www.brla.gov/2302/tier-ii-reporting","52","52","12.59","52","0.00","0.00"
"www.brla.gov","2025","/2118/small-claims/","http://www.brla.gov/2118/small-claims/","52","52","88.92","52","0.00","0.00"
"www.brla.gov","2025","/breeze","http://www.brla.gov/breeze","52","52","21.07","52","0.00","0.00"
"www.brla.gov","2025","/rentalassistance","http://www.brla.gov/rentalassistance","52","52","388.39","52","0.00","0.00"
"www.brla.gov","2025","/2017/crime-divisionshttps://www.brla.gov/2017/crime-divisions","http://www.brla.gov/2017/crime-divisionshttps://www.brla.gov/2017/crime-divisions","52","52","0.25","52","1.00","1.00"
"www.brla.gov","2025","/319/civil-suit-interactive-forms/","http://www.brla.gov/319/civil-suit-interactive-forms/","52","52","0.25","0","0.00","1.00"
"www.brla.gov","2025","/1584/14-requests-for-civil-leave","http://www.brla.gov/1584/14-requests-for-civil-leave","52","52","30.26","0","0.00","0.00"
"www.brla.gov","2025","/3344/34264/red-stick-311-citizen-request-for-servic","http://www.brla.gov/3344/34264/red-stick-311-citizen-request-for-servic","51","51","19.34","0","0.00","0.00"
"www.brla.gov","2025","/menorothers","http://www.brla.gov/menorothers","51","51","0.25","0","0.00","1.00"
"www.brla.gov","2025","/3344/34264/citizen-request-for-service","http://www.brla.gov/3344/34264/citizen-request-for-service","51","51","13.50","0","0.00","0.00"
"www.brla.gov","2025","/219/city-information-311","http://www.brla.gov/219/city-information-311","51","51","0.25","51","1.00","1.00"
"www.brla.gov","2025","/facilities/facility/details/gus-young-park-39","http://www.brla.gov/facilities/facility/details/gus-young-park-39","51","51","10.33","51","0.00","0.00"
"www.brla.gov","2025","/menforothers.com","http://www.brla.gov/menforothers.com","51","51","14.10","0","0.00","0.00"
"www.brla.gov","2025","/1995","http://www.brla.gov/1995","51","51","0.25","51","1.00","1.00"
"www.brla.gov","2025","/2990/34272/critical-incident-videos","http://www.brla.gov/2990/34272/critical-incident-videos","51","51","5.68","0","0.00","0.00"
"www.brla.gov","2025","/3344/citizen-request-for-service","http://www.brla.gov/3344/citizen-request-for-service","51","51","10.62","0","0.00","0.00"
"www.brla.gov","2025","/194/city-court","http://www.brla.gov/194/city-court","51","51","12.61","51","0.00","0.00"
"www.brla.gov","2025","/covicmedia","http://www.brla.gov/covicmedia","51","51","0.25","51","1.00","1.00"
"www.brla.gov","2025","/3344/34264/311-requests-for-service-dashboard","http://www.brla.gov/3344/34264/311-requests-for-service-dashboard","51","51","2.38","0","0.00","0.00"
"www.brla.gov","2025","/3344/34264/citizen-requests-for-service","http://www.brla.gov/3344/34264/citizen-requests-for-service","51","51","62.40","0","0.00","0.00"
"www.brla.gov","2025","/3344/red-stick-311-citizen-request-for-servic","http://www.brla.gov/3344/red-stick-311-citizen-request-for-servic","51","51","67.76","0","0.00","0.00"
"www.brla.gov","2025","/zoningmap","http://www.brla.gov/zoningmap","50","50","14.26","0","0.00","0.00"
"www.brla.gov","2025","/communitystreetteam","http://www.brla.gov/communitystreetteam","50","50","0.25","50","1.00","1.00"
"www.brla.gov","2025","/formcenter/mayors-office-of-homeland-security-emerg-7","http://www.brla.gov/formcenter/mayors-office-of-homeland-security-emerg-7","50","50","67.40","0","0.00","0.00"
"www.brla.gov","2025","/243/civil-small-claims-faqs","http://www.brla.gov/243/civil-small-claims-faqs","50","50","0.25","50","1.00","1.00"
"www.brla.gov","2025","/enviromental.services","http://www.brla.gov/enviromental.services","50","50","0.25","0","0.00","1.00"
"www.brla.gov","2025","/formcenter/mayors-office-of-homeland-security-emerg-7/fema-independent-study-program-computer229","http://www.brla.gov/formcenter/mayors-office-of-homeland-security-emerg-7/fema-independent-study-program-computer229","50","50","0.25","0","0.00","1.00"
"www.brla.gov","2025","/1602/24-city-parish-vehicle-usage","http://www.brla.gov/1602/24-city-parish-vehicle-usage","50","25","18.12","0","0.00","1.00"
"www.brla.gov","2025","/environmentalservices","http://www.brla.gov/environmentalservices","50","50","41.46","50","0.00","0.00"
"www.brla.gov","2025","/environmentservice","http://www.brla.gov/environmentservice","50","50","42.54","50","0.00","0.00"
"www.brla.gov","2025","/204/mosquito-abatement-rodent-control","http://www.brla.gov/204/mosquito-abatement-rodent-control","50","50","42.62","50","0.00","0.00"
"www.brla.gov","2025","/1482/psychosocial-support","http://www.brla.gov/1482/psychosocial-support","50","50","10.18","0","1.00","0.00"
"www.brla.gov","2025","/documentcenter/view/19720/special-event-form-2024","http://www.brla.gov/documentcenter/view/19720/special-event-form-2024","50","50","0.25","0","0.00","1.00"
"www.brla.gov","2025","/187/city-court","http://www.brla.gov/187/city-court","50","50","0.25","50","1.00","1.00"
"www.brla.gov","2025","/1346/what-works-cities","http://www.brla.gov/1346/what-works-cities","50","50","0.26","50","1.00","1.00"
"www.brla.gov","2025","/1015/section-1","http://www.brla.gov/1015/section-1","50","50","0.25","50","1.00","1.00"
"www.brla.gov","2025","/2126/press-release-2020","http://www.brla.gov/2126/press-release-2020","49","49","0.25","49","1.00","1.00"
"www.brla.gov","2025","/3346/34298/special-event-application","http://www.brla.gov/3346/34298/special-event-application","49","49","30.92","0","0.00","0.00"
"www.brla.gov","2025","/departments/city-court","http://www.brla.gov/departments/city-court","49","49","21.29","0","0.00","0.00"
"www.brla.gov","2025","/150city","http://www.brla.gov/150city","49","49","14.32","49","0.00","0.00"
"www.brla.gov","2025","/2806/report-recommendation-42","http://www.brla.gov/2806/report-recommendation-42","49","49","5.56","0","0.00","0.00"
"www.brla.gov","2025","/2807/report-recommendation-43","http://www.brla.gov/2807/report-recommendation-43","49","49","5.43","0","0.00","0.00"
"www.brla.gov","2025","/2808/report-recommendation-44","http://www.brla.gov/2808/report-recommendation-44","49","49","3.48","0","0.00","0.00"
"www.brla.gov","2025","/1491/property-lookup>brla.gov","http://www.brla.gov/1491/property-lookup>brla.gov","49","49","0.25","49","1.00","1.00"
"www.brla.gov","2025","/forms/","http://www.brla.gov/forms/","49","49","21.56","0","0.00","0.00"
"www.brla.gov","2025","/agendacenter/workforce-development-board-33/","http://www.brla.gov/agendacenter/workforce-development-board-33/","49","49","49.15","0","0.00","0.00"
"www.brla.gov","2025","/familyemergencyplan](http://www.brla.gov/familyemergencyplan","http://www.brla.gov/familyemergencyplan](http://www.brla.gov/familyemergencyplan","49","49","98.82","49","0.00","0.00"
"www.brla.gov","2025","/326/general-information-about-us","http://www.brla.gov/326/general-information-about-us","48","48","0.25","48","1.00","1.00"
"www.brla.gov","2025","/3347/bridging-the-gap-to-greaux","http://www.brla.gov/3347/bridging-the-gap-to-greaux","48","48","13.26","0","0.00","0.00"
"www.brla.gov","2025","/documentcenter/view/1548/appendix-13-federal-medical-resources","http://www.brla.gov/documentcenter/view/1548/appendix-13-federal-medical-resources","48","48","32.32","48","0.00","0.00"
"www.brla.gov","2025","/formcenter/metronet-18/department-communicator-submission-form-100","http://www.brla.gov/formcenter/metronet-18/department-communicator-submission-form-100","48","48","0.25","48","1.00","1.00"
"www.brla.gov","2025","/3347/34304/bridging-the-gap-to-greaux-stop","http://www.brla.gov/3347/34304/bridging-the-gap-to-greaux-stop","48","48","5.50","0","0.00","0.00"
"www.brla.gov","2025","/3347/34304/bridging-the-gap-to-greaux","http://www.brla.gov/3347/34304/bridging-the-gap-to-greaux","48","48","7.09","0","0.00","0.00"
"www.brla.gov","2025","/2253/citizen-data-academy","http://www.brla.gov/2253/citizen-data-academy","48","48","0.25","0","0.00","1.00"
"www.brla.gov","2025","/2856/officer-spotlight-corporal-james-crisler","http://www.brla.gov/2856/officer-spotlight-corporal-james-crisler","48","48","11.87","0","0.00","0.00"
"www.brla.gov","2025","/archivecenter/viewfile/item/6427","http://www.brla.gov/archivecenter/viewfile/item/6427","48","48","0.25","48","1.00","1.00"
"www.brla.gov","2025","/3347/bridging-the-gap-to-greaux-stop","http://www.brla.gov/3347/bridging-the-gap-to-greaux-stop","48","48","10.95","0","0.00","0.00"
"www.brla.gov","2025","/ofss","http://www.brla.gov/ofss","48","48","36.44","48","0.00","0.00"
"www.brla.gov","2025","/documentcenter/view/1053/certificate-of-occupancy-application-pdf","http://www.brla.gov/documentcenter/view/1053/certificate-of-occupancy-application-pdf","48","48","0.25","48","1.00","1.00"
"www.brla.gov","2025","/careerguide.com","http://www.brla.gov/careerguide.com","48","48","29.17","0","1.00","0.00"
"www.brla.gov","2025","/documentcenter/view/1564/purchasing-guide-for-vendors","http://www.brla.gov/documentcenter/view/1564/purchasing-guide-for-vendors","48","48","18.79","48","0.00","0.00"
"www.brla.gov","2025","/3347/34304/bridging-the-gap-to-geaux-stop","http://www.brla.gov/3347/34304/bridging-the-gap-to-geaux-stop","48","48","10.55","0","0.00","0.00"
"www.brla.gov","2025","/2178/15797/district-2-for-u","http://www.brla.gov/2178/15797/district-2-for-u","48","48","6.81","0","0.00","0.00"
"www.brla.gov","2025","/1611/33-overtime","http://www.brla.gov/1611/33-overtime","48","48","8.64","0","0.00","0.00"
"www.brla.gov","2025","/258/red-light-camera-ticket-program","http://www.brla.gov/258/red-light-camera-ticket-program","48","48","42.58","48","0.00","0.00"
"www.brla.gov","2025","/2804/report-recommendation-37","http://www.brla.gov/2804/report-recommendation-37","48","48","28.02","0","0.00","0.00"
"www.brla.gov","2025","/dept/purchase/nigpcode_munis.asp","http://www.brla.gov/dept/purchase/nigpcode_munis.asp","48","48","0.25","48","1.00","1.00"
"www.brla.gov","2025","/landfill","http://www.brla.gov/landfill","47","47","25.08","47","1.00","1.00"
"www.brla.gov","2025","/2230/covid-19-education","http://www.brla.gov/2230/covid-19-education","47","47","5.87","47","1.00","1.00"
"www.brla.gov","2025","/agendacenter/viewfile/agenda","http://www.brla.gov/agendacenter/viewfile/agenda","46","46","7.55","46","0.00","0.00"
"www.brla.gov","2025","/headstatt","http://www.brla.gov/headstatt","46","46","22.58","46","0.00","0.00"
"www.brla.gov","2025","/munis","http://www.brla.gov/munis","46","46","5.62","0","1.00","0.00"
"www.brla.gov","2025","/2192/pillar-4-international-corporate-engagem","http://www.brla.gov/2192/pillar-4-international-corporate-engagem","46","46","1,449.32","0","0.00","0.00"
"www.brla.gov","2025","/jobs<>","http://www.brla.gov/jobs<>","46","46","8.45","0","0.00","0.00"
"www.brla.gov","2025","/1624/46-recognition-of-employees","http://www.brla.gov/1624/46-recognition-of-employees","46","46","0.25","0","0.00","1.00"
"www.brla.gov","2025","/formcenter/human-development-services-9/applicants-statement-60","http://www.brla.gov/formcenter/human-development-services-9/applicants-statement-60","46","46","0.25","46","1.00","1.00"
"www.brla.gov","2025","/3332/test-cal","http://www.brla.gov/3332/test-cal","45","45","0.25","21","0.44","1.00"
"www.brla.gov","2025","/formcenter/planning-commission-26/planning-commission-public-comment-form-160zoning","http://www.brla.gov/formcenter/planning-commission-26/planning-commission-public-comment-form-160zoning","45","45","0.25","45","1.00","1.00"
"www.brla.gov","2025","/account.com","http://www.brla.gov/account.com","45","45","64.49","0","0.00","0.00"
"www.brla.gov","2025","/agendacenter/previousversions/_06182025-2160","http://www.brla.gov/agendacenter/previousversions/_06182025-2160","45","45","0.25","45","1.00","1.00"
"www.brla.gov","2025","/headset","http://www.brla.gov/headset","45","45","31.36","45","0.00","0.00"
"www.brla.gov","2025","/vendorsignip","http://www.brla.gov/vendorsignip","44","44","2.52","0","0.84","0.16"
"www.brla.gov","2025","/1019/mississippi-river-levee-trail","http://www.brla.gov/1019/mississippi-river-levee-trail","44","44","0.25","44","1.00","1.00"
"www.brla.gov","2025","/agendacenter/employees-retirement-system-board-of-trustees-7/","http://www.brla.gov/agendacenter/employees-retirement-system-board-of-trustees-7/","44","44","0.25","44","1.00","1.00"
"www.brla.gov","2025","/comminityplan","http://www.brla.gov/comminityplan","44","44","0.25","44","1.00","1.00"
"www.brla.gov","2025","/1475/oral-health-care","http://www.brla.gov/1475/oral-health-care","44","44","14.51","44","0.16","0.16"
"www.brla.gov","2025","/305/city-court","http://www.brla.gov/305/city-court","44","44","12.31","44","0.20","0.20"
"www.brla.gov","2025","/2213/ebr-covid-19-info-2","http://www.brla.gov/2213/ebr-covid-19-info-2","44","44","46.98","44","0.18","0.18"
"www.brla.gov","2025","/1385/historic-preservation-division","http://www.brla.gov/1385/historic-preservation-division","44","44","11.93","0","0.00","0.20"
"www.brla.gov","2025","/formcenter/finance-5","http://www.brla.gov/formcenter/finance-5","44","44","38.56","0","0.00","0.18"
"www.brla.gov","2025","/permitsearch","http://www.brla.gov/permitsearch","44","44","17.56","44","0.11","0.11"
"www.brla.gov","2025","/documentcenter/view/26981/2025-annual-operating-budget-pdf","http://www.brla.gov/documentcenter/view/26981/2025-annual-operating-budget-pdf","44","44","0.25","0","0.00","1.00"
"www.brla.gov","2025","/2307/executive-order","http://www.brla.gov/2307/executive-order","44","44","6.55","0","0.00","0.20"
"www.brla.gov","2025","/113","http://www.brla.gov/113","44","44","44.50","44","0.16","0.16"
"www.brla.gov","2025","/parish_attorney/adjudicated_property","http://www.brla.gov/parish_attorney/adjudicated_property","44","44","0.25","44","1.00","1.00"
"www.brla.gov","2025","/3349/vendor-sign-up","http://www.brla.gov/3349/vendor-sign-up","44","44","195.61","0","0.00","0.16"
"www.brla.gov","2025","/551/recruiting","http://www.brla.gov/551/recruiting","44","44","5.82","0","0.00","0.16"
"www.brla.gov","2025","/2122/district-12","http://www.brla.gov/2122/district-12","44","44","51.79","44","0.18","0.18"
"www.brla.gov","2025","/645/office-of-community-development","http://www.brla.gov/645/office-of-community-development","44","44","13.40","44","0.16","0.16"
"www.brla.gov","2025","/562/city-court-of-baton-rouge","http://www.brla.gov/562/city-court-of-baton-rouge","44","44","15.22","44","0.11","0.11"
"www.brla.gov","2025","/agendacenter/viewfile/agenda/_11232022-1375","http://www.brla.gov/agendacenter/viewfile/agenda/_11232022-1375","44","44","96.35","0","0.00","0.16"
"www.brla.gov","2025","/oas","http://www.brla.gov/oas","43","43","151.97","43","0.07","0.07"
"www.brla.gov","2025","/3348/34344/is-strategic-plan-2023-2026","http://www.brla.gov/3348/34344/is-strategic-plan-2023-2026","43","43","7.59","0","0.00","0.07"
"www.brla.gov","2025","/documentcenter/view/6924/futurebr-comprehensive-plan","http://www.brla.gov/documentcenter/view/6924/futurebr-comprehensive-plan","43","43","0.25","43","1.00","1.00"
"www.brla.gov","2025","/solidwaste","http://www.brla.gov/solidwaste","43","43","11.20","0","1.00","0.00"
"www.brla.gov","2025","/dept/purchase/bidresults.asp","http://www.brla.gov/dept/purchase/bidresults.asp","43","43","0.25","0","0.00","1.00"
"www.brla.gov","2025","/formcenter/9/67","http://www.brla.gov/formcenter/9/67","43","43","164.04","43","0.07","0.07"
"www.brla.gov","2025","/3334/english-summer-2025-school-sites","http://www.brla.gov/3334/english-summer-2025-school-sites","43","43","11.86","0","0.93","0.07"
"www.brla.gov","2025","/heagdstart","http://www.brla.gov/heagdstart","43","43","31.90","43","0.07","0.07"
"www.brla.gov","2025","/metropolotiancouncilmeetingagenda","http://www.brla.gov/metropolotiancouncilmeetingagenda","43","43","50.53","43","0.07","0.07"
"www.brla.gov","2025","/documentcenter/view/5275/brownfield-program","http://www.brla.gov/documentcenter/view/5275/brownfield-program","43","43","9.36","0","0.00","0.07"
"www.brla.gov","2025","/ge","http://www.brla.gov/ge","43","43","5.04","0","0.00","0.21"
"www.brla.gov","2025","/2780/report-recommendation-21","http://www.brla.gov/2780/report-recommendation-21","43","43","2.82","0","0.00","0.07"
"www.brla.gov","2025","/1439/rental-assistance","http://www.brla.gov/1439/rental-assistance","43","43","16.52","43","0.00","0.00"
"www.brla.gov","2025","/opataycool.org","http://www.brla.gov/opataycool.org","43","43","782.93","0","0.00","0.07"
"www.brla.gov","2025","/formcenter/4/218","http://www.brla.gov/formcenter/4/218","43","43","76.33","0","0.00","0.07"
"www.brla.gov","2025","/current.jobs","http://www.brla.gov/current.jobs","43","43","35.17","43","0.00","0.00"
"www.brla.gov","2025","/itstrategicplan","http://www.brla.gov/itstrategicplan","43","43","420.25","43","0.07","0.07"
"www.brla.gov","2025","/agendacenter/previousversions/_02262025-2062","http://www.brla.gov/agendacenter/previousversions/_02262025-2062","43","43","0.25","43","1.00","1.00"
"www.brla.gov","2025","/2870/officer-spotlight","http://www.brla.gov/2870/officer-spotlight","43","43","0.25","43","1.00","1.00"
"www.brla.gov","2025","/formcenter/emergency-medical-services-4/classroom-scheduling-form-167","http://www.brla.gov/formcenter/emergency-medical-services-4/classroom-scheduling-form-167","43","43","106.87","0","0.00","0.07"
"www.brla.gov","2025","/1121/futurebr-comprehensive-plan","http://www.brla.gov/1121/futurebr-comprehensive-plan","43","43","0.25","43","1.00","1.00"
"www.brla.gov","2025","/planning-commission","http://www.brla.gov/planning-commission","43","43","15.53","43","0.00","0.00"
"www.brla.gov","2025","/2492/officer-spotlight-antonio-williams","http://www.brla.gov/2492/officer-spotlight-antonio-williams","43","43","0.25","43","1.00","1.00"
"www.brla.gov","2025","/agendacenter/previousversions/_05082025-2118","http://www.brla.gov/agendacenter/previousversions/_05082025-2118","43","43","0.25","43","1.00","1.00"
"www.brla.gov","2025","/formcenter/human-development-services-9/alternate-contact-form-61","http://www.brla.gov/formcenter/human-development-services-9/alternate-contact-form-61","43","43","89.46","0","0.00","0.00"
"www.brla.gov","2025","/metropolitaincouncilmeetingagenda","http://www.brla.gov/metropolitaincouncilmeetingagenda","43","43","100.76","0","0.00","0.07"
"www.brla.gov","2025","/agendacenter/previousversions/_05202020-779","http://www.brla.gov/agendacenter/previousversions/_05202020-779","43","43","0.25","43","1.00","1.00"
"www.brla.gov","2025","/documentcenter/view/38768/impound-lot-information","http://www.brla.gov/documentcenter/view/38768/impound-lot-information","43","43","0.25","43","1.00","1.00"
"www.brla.gov","2025","/nutrition","http://www.brla.gov/nutrition","43","43","26.28","43","0.07","0.07"
"www.brla.gov","2025","/agendacenter/previousversions/_05132020-775","http://www.brla.gov/agendacenter/previousversions/_05132020-775","43","43","0.25","43","1.00","1.00"
"www.brla.gov","2025","/documentcenter/view/20494/stgeorgela.gov/faq","http://www.brla.gov/documentcenter/view/20494/stgeorgela.gov/faq","43","43","8.37","0","1.00","0.00"
"www.brla.gov","2025","/338/interpreter-ada-accommodation","http://www.brla.gov/338/interpreter-ada-accommodation","43","43","121.32","0","0.00","0.07"
"www.brla.gov","2025","/25802/emergency-med-services","http://www.brla.gov/25802/emergency-med-services","43","43","17.34","43","0.00","0.00"
"www.brla.gov","2025","/2838/officer-spotlight-belford-johnson","http://www.brla.gov/2838/officer-spotlight-belford-johnson","43","43","0.25","43","1.00","1.00"
"www.brla.gov","2025","/assistance","http://www.brla.gov/assistance","43","43","160.08","43","1.00","1.00"
"www.brla.gov","2025","/456/development/","http://www.brla.gov/456/development/","43","43","0.25","0","0.00","1.00"
"www.brla.gov","2025","/isstrategicplanhttps:/www.brla.gov/documentcenter/view/6593/2019-is-strategic-plan","http://www.brla.gov/isstrategicplanhttps:/www.brla.gov/documentcenter/view/6593/2019-is-strategic-plan","43","43","24.78","0","0.00","0.07"
"www.brla.gov","2025","/agendacenter/metropolitaincouncilmeetingagenda","http://www.brla.gov/agendacenter/metropolitaincouncilmeetingagenda","43","43","17.11","0","0.00","0.07"
"www.brla.gov","2025","/city-court","http://www.brla.gov/city-court","43","43","26.41","0","0.00","0.07"
"www.brla.gov","2025","/899/utility-assistance-liheap","http://www.brla.gov/899/utility-assistance-liheap","43","43","33.37","0","0.00","0.21"
"www.brla.gov","2025","/3333/spanish-summer-2025-school-sites","http://www.brla.gov/3333/spanish-summer-2025-school-sites","43","43","8.00","0","0.93","0.07"
"www.brla.gov","2025","/490/red-light-camera-enforcement","http://www.brla.gov/490/red-light-camera-enforcement","43","43","13.08","43","0.07","0.07"
"www.brla.gov","2025","/developement","http://www.brla.gov/developement","43","43","0.13","43","0.07","0.07"
"www.brla.gov","2025","/912","http://www.brla.gov/912","43","43","2.80","0","0.00","0.21"
"www.brla.gov","2025","/knowledge","http://www.brla.gov/knowledge","43","43","0.10","43","0.00","0.00"
"www.brla.gov","2025","/2989/officer-brett-usey","http://www.brla.gov/2989/officer-brett-usey","43","43","0.25","43","1.00","1.00"
"www.brla.gov","2025","/careerguid","http://www.brla.gov/careerguid","43","43","12.72","43","0.07","0.07"
"www.brla.gov","2025","/ess/","http://www.brla.gov/ess/","43","43","6.15","43","0.07","0.07"
"www.brla.gov","2025","/3348/34344/is-strategic-plan-2023","http://www.brla.gov/3348/34344/is-strategic-plan-2023","43","43","10.13","0","0.00","0.07"
"www.brla.gov","2025","/agendacenter/previousversions/_01092025-2061","http://www.brla.gov/agendacenter/previousversions/_01092025-2061","43","43","0.25","43","1.00","1.00"
"www.brla.gov","2025","/909/trash-recycling","http://www.brla.gov/909/trash-recycling","43","43","30.01","0","0.00","0.21"
"www.brla.gov","2025","/1016/planning-commission","http://www.brla.gov/1016/planning-commission","43","43","1,231.93","43","0.07","0.07"
"www.brla.gov","2025","/jewel-j-newman-community-ce","http://www.brla.gov/jewel-j-newman-community-ce","43","43","15.31","43","0.00","0.00"
"www.brla.gov","2025","/documentcenter/view/19432/road-to-address-homelessness","http://www.brla.gov/documentcenter/view/19432/road-to-address-homelessness","43","43","32.98","0","0.00","0.07"
"www.brla.gov","2025","/1120/tax-facts-newsletters","http://www.brla.gov/1120/tax-facts-newsletters","43","43","4.99","0","0.00","0.07"
"www.brla.gov","2025","/reasonableaccomdation","http://www.brla.gov/reasonableaccomdation","43","43","279.78","0","0.00","0.07"
"www.brla.gov","2025","/2089/information-services","http://www.brla.gov/2089/information-services","42","42","50.08","42","0.21","0.21"
"www.brla.gov","2025","/sandbags","http://www.brla.gov/sandbags","42","42","9.96","0","0.00","0.21"
"www.brla.gov","2025","/700/tax-forms","http://www.brla.gov/700/tax-forms","42","42","40.61","42","0.21","0.21"
"www.brla.gov","2025","/2158/education","http://www.brla.gov/2158/education","42","42","0.25","0","0.00","1.00"
"www.brla.gov","2025","/documentcenter/view/1669/generator-permit-requirement","http://www.brla.gov/documentcenter/view/1669/generator-permit-requirement","42","21","2.33","42","1.00","1.00"
"www.brla.gov","2025","/liheap","http://www.brla.gov/liheap","42","42","10.21","42","0.66","0.66"
"www.brla.gov","2025","/2349/mybr-mobile-app","http://www.brla.gov/2349/mybr-mobile-app","40","40","0.25","40","1.00","1.00"
"www.brla.gov","2025","/499/flood","http://www.brla.gov/499/flood","40","40","0.25","40","1.00","1.00"
"www.brla.gov","2025","/2826/report-recommendation-64","http://www.brla.gov/2826/report-recommendation-64","40","40","23.57","40","0.23","0.23"
"www.brla.gov","2025","/194/city-court-payments","http://www.brla.gov/194/city-court-payments","40","40","10.50","0","0.00","0.23"
"www.brla.gov","2025","/agendacenter/previousversions/_06122025-2145","http://www.brla.gov/agendacenter/previousversions/_06122025-2145","40","40","0.25","40","1.00","1.00"
"www.brla.gov","2025","/heasdstart","http://www.brla.gov/heasdstart","39","39","22.79","39","0.23","0.23"
"www.brla.gov","2025","/recyc","http://www.brla.gov/recyc","39","39","406.81","0","0.00","0.23"
"www.brla.gov","2025","/187/municipal-court","http://www.brla.gov/187/municipal-court","39","39","28.96","39","0.23","0.23"
"www.brla.gov","2025","/index.aspx","http://www.brla.gov/index.aspx","37","37","0.25","37","1.00","1.00"
"www.brla.gov","2025","/605/office-of-community-development","http://www.brla.gov/605/office-of-community-development","37","37","0.25","37","1.00","1.00"
"www.brla.gov","2025","/1572/2-authorization-for-changes","http://www.brla.gov/1572/2-authorization-for-changes","37","37","33.95","0","0.00","0.24"
"www.brla.gov","2025","/agendacenter/viewfile/minutes/_05272020-783","http://www.brla.gov/agendacenter/viewfile/minutes/_05272020-783","37","37","429.16","0","0.00","0.24"
"www.brla.gov","2025","/equal","http://www.brla.gov/equal","37","37","0.25","37","1.00","1.00"
"www.brla.gov","2025","/2934/futurebr-5-year-update","http://www.brla.gov/2934/futurebr-5-year-update","37","37","0.25","0","0.00","1.00"
"www.brla.gov","2025","/196/active-peddler-permits","http://www.brla.gov/196/active-peddler-permits","37","37","28.80","37","0.24","0.24"
"www.brla.gov","2025","/agendacenter/parish-council-1","http://www.brla.gov/agendacenter/parish-council-1","37","37","0.25","37","1.00","1.00"
"www.brla.gov","2025","/2693environmental-landscape","http://www.brla.gov/2693environmental-landscape","37","37","29.85","0","0.00","0.24"
"www.brla.gov","2025","/bids","http://www.brla.gov/bids","37","37","15.55","37","0.24","0.24"
"www.brla.gov","2025","/3190/34407/mayors-office-of-homelessness-prevention","http://www.brla.gov/3190/34407/mayors-office-of-homelessness-prevention","35","35","82.35","0","0.00","0.26"
"www.brla.gov","2025","/adom","http://www.brla.gov/adom","35","35","0.25","0","0.00","1.00"
"www.brla.gov","2025","/1599/21-telephone-use","http://www.brla.gov/1599/21-telephone-use","35","35","12.02","0","0.00","0.26"
"www.brla.gov","2025","/jibs","http://www.brla.gov/jibs","35","35","0.25","0","0.00","1.00"
"www.brla.gov","2025","/2789/report-recommendation-29","http://www.brla.gov/2789/report-recommendation-29","35","35","0.25","0","0.00","1.00"
"www.brla.gov","2025","/equilizer","http://www.brla.gov/equilizer","35","35","0.25","35","1.00","1.00"
"www.brla.gov","2025","/formcenter/metropolitancouncil-24/public-comments-on-metro-council-agenda159","http://www.brla.gov/formcenter/metropolitancouncil-24/public-comments-on-metro-council-agenda159","35","35","0.25","35","1.00","1.00"
"www.brla.gov","2025","/animalcontrol","http://www.brla.gov/animalcontrol","35","35","58.80","35","0.26","0.26"
"www.brla.gov","2025","/1296/mayors-biography","http://www.brla.gov/1296/mayors-biography","35","35","0.25","0","0.00","1.00"
"www.brla.gov","2025","/formcenter/purchasing-31/training-evaluation-form-226","http://www.brla.gov/formcenter/purchasing-31/training-evaluation-form-226","35","35","56.02","0","0.00","0.26"
"www.brla.gov","2025","/3190/34406/mayors-office-of-homelessness-prevention","http://www.brla.gov/3190/34406/mayors-office-of-homelessness-prevention","35","35","0.25","0","0.00","1.00"
"www.brla.gov","2025","/1188/neighborhood-services","http://www.brla.gov/1188/neighborhood-services","35","35","28.24","35","1.00","1.00"
"www.brla.gov","2025","/881/fire-department","http://www.brla.gov/881/fire-department","35","35","16.64","35","0.26","0.26"
"www.brla.gov","2025","/422/emergency-supply-kits","http://www.brla.gov/422/emergency-supply-kits","35","35","0.25","0","0.00","1.00"
"www.brla.gov","2025","/263/2010-comprehensive-annual-financial-repo","http://www.brla.gov/263/2010-comprehensive-annual-financial-repo","34","34","0.25","0","0.00","1.00"
"www.brla.gov","2025","/documentcenter/view/16495/brla.gov/opendatareport","http://www.brla.gov/documentcenter/view/16495/brla.gov/opendatareport","34","34","35.05","0","0.00","0.26"
"www.brla.gov","2025","/516/homeowners-acting-as-contractors","http://www.brla.gov/516/homeowners-acting-as-contractors","34","34","0.25","34","1.00","1.00"
"www.brla.gov","2025","/jobd","http://www.brla.gov/jobd","34","34","108.26","34","0.26","0.26"
"www.brla.gov","2025","/256/occupational-license-tax","http://www.brla.gov/256/occupational-license-tax","34","34","25.07","34","0.26","0.26"
"www.brla.gov","2025","/agendacente","http://www.brla.gov/agendacente","34","34","11.50","34","0.26","0.26"
"www.brla.gov","2025","/130/permits-inspections","http://www.brla.gov/130/permits-inspections","34","34","15.07","34","0.26","0.26"
"www.brla.gov","2025","/391/wastewater/","http://www.brla.gov/391/wastewater/","34","34","0.25","34","1.00","1.00"
"www.brla.gov","2025","/documentcenter/view/2730/traffic-ticket-dismissal-info-pdf","http://www.brla.gov/documentcenter/view/2730/traffic-ticket-dismissal-info-pdf","34","34","82.19","0","0.00","0.26"
"www.brla.gov","2025","/equalier","http://www.brla.gov/equalier","34","34","0.25","34","1.00","1.00"
"www.brla.gov","2025","/855/office-ofcommunity-development","http://www.brla.gov/855/office-ofcommunity-development","34","34","73.87","0","0.00","0.26"
"www.brla.gov","2025","/3350/34401/2024-internal-affairs-investigations-sum","http://www.brla.gov/3350/34401/2024-internal-affairs-investigations-sum","34","34","491.77","0","0.00","0.26"
"www.brla.gov","2025","/195/police-department","http://www.brla.gov/195/police-department","34","34","101.34","34","0.26","0.26"
"www.brla.gov","2025","/documentcenter/view/7813/plan-review-application","http://www.brla.gov/documentcenter/view/7813/plan-review-application","34","34","0.25","34","1.00","1.00"
"www.brla.gov","2025","/268/2008-comprehensive-annual-financial-repo","http://www.brla.gov/268/2008-comprehensive-annual-financial-repo","34","34","537.00","0","0.00","0.26"
"www.brla.gov","2025","/470/staff-directory","http://www.brla.gov/470/staff-directory","31","31","28.25","0","0.00","0.29"
"www.brla.gov","2025","/150civilcourt","http://www.brla.gov/150civilcourt","31","31","0.25","31","1.00","1.00"
"www.brla.gov","2025","/metrocouncil","http://www.brla.gov/metrocouncil","31","31","14.52","31","0.29","0.29"
"www.brla.gov","2025","/778/small-claims","http://www.brla.gov/778/small-claims","31","31","0.25","0","0.00","1.00"
"www.brla.gov","2025","/2861/minor-incident","http://www.brla.gov/2861/minor-incident","29","29","0.25","29","1.00","1.00"
"www.brla.gov","2025","/1036/bowl-a-thon","http://www.brla.gov/1036/bowl-a-thon","29","29","0.25","29","1.00","1.00"
"www.brla.gov","2025","/application.aspx","http://www.brla.gov/application.aspx","29","29","25.76","0","0.00","0.31"
"www.brla.gov","2025","/activities","http://www.brla.gov/activities","29","29","5.64","0","0.00","0.31"
"www.brla.gov","2025","/documentcenter/view/9647/use-of-force-2020","http://www.brla.gov/documentcenter/view/9647/use-of-force-2020","29","29","0.25","29","1.00","1.00"
"www.brla.gov","2025","/documentcenter/view/6530/case-16-19","http://www.brla.gov/documentcenter/view/6530/case-16-19","29","29","0.25","29","1.00","1.00"
"www.brla.gov","2025","/763/20547/district-11-laurie-adams","http://www.brla.gov/763/20547/district-11-laurie-adams","27","27","593.11","0","0.00","1.00"
"www.brla.gov","2025","//finance","http://www.brla.gov//finance","25","25","144.75","0","0.00","0.36"
"www.brla.gov","2025","/agendacenter/previousversions/_09272023-1678","http://www.brla.gov/agendacenter/previousversions/_09272023-1678","25","25","656.39","0","0.00","0.36"
"www.brla.gov","2025","/534/heating-air","http://www.brla.gov/534/heating-air","25","25","1.63","0","0.00","0.36"
"www.brla.gov","2025","/3287/34445/sedbe-events","http://www.brla.gov/3287/34445/sedbe-events","25","25","0.25","25","1.00","1.00"
"www.brla.gov","2025","/epayaccount.aspx","http://www.brla.gov/epayaccount.aspx","25","25","45.48","0","0.00","0.36"
"www.brla.gov","2025","/1573/3-use-of-city-parish-computers-other-p","http://www.brla.gov/1573/3-use-of-city-parish-computers-other-p","25","25","17.01","0","0.00","0.36"
"www.brla.gov","2025","/187/adjudicated-property","http://www.brla.gov/187/adjudicated-property","25","25","0.25","0","0.00","1.00"
"www.brla.gov","2025","/1652/information-broker","http://www.brla.gov/1652/information-broker","25","25","32.08","0","0.00","0.36"
"www.brla.gov","2025","/3449","http://www.brla.gov/3449","25","25","9.53","0","0.00","0.36"
"www.brla.gov","2025","/1644/service-fee-policies-procedures-manual-i","http://www.brla.gov/1644/service-fee-policies-procedures-manual-i","25","25","73.96","0","0.00","0.36"
"www.brla.gov","2025","/officeofsocialservice","http://www.brla.gov/officeofsocialservice","25","25","55.00","0","0.00","0.36"
"www.brla.gov","2025","/os","http://www.brla.gov/os","25","25","0.25","25","1.00","1.00"
"www.brla.gov","2025","/331.com","http://www.brla.gov/331.com","25","25","59.11","0","0.00","0.36"
"www.brla.gov","2025","/870/fair-housing/","http://www.brla.gov/870/fair-housing/","25","25","177.60","25","0.36","0.36"
"www.brla.gov","2025","/pages/viewarchives/index/2466","http://www.brla.gov/pages/viewarchives/index/2466","25","25","9.38","0","0.64","0.36"
"www.brla.gov","2025","/706.unified-development-code","http://www.brla.gov/706.unified-development-code","25","25","21.98","0","0.00","0.36"
"www.brla.gov","2025","/166/police-department","http://www.brla.gov/166/police-department","24","24","16.54","24","0.38","0.38"
"www.brla.gov","2025","/joblist","http://www.brla.gov/joblist","24","24","17.05","24","0.38","0.38"
"www.brla.gov","2025","/documentcenter/vlew/1660/communttv-","http://www.brla.gov/documentcenter/vlew/1660/communttv-","24","24","0.25","24","1.00","1.00"
"www.brla.gov","2025","/formcenter/finance-5/request-a-copy-of-the-comprehensive-annu-51","http://www.brla.gov/formcenter/finance-5/request-a-copy-of-the-comprehensive-annu-51","24","24","1,564.82","0","0.00","0.38"
"www.brla.gov","2025","/agendacenter/previousversions/2167","http://www.brla.gov/agendacenter/previousversions/2167","24","24","0.25","0","0.00","1.00"
"www.brla.gov","2025","/formcenter/planningcommission-26","http://www.brla.gov/formcenter/planningcommission-26","24","24","8.15","0","0.00","0.38"
"www.brla.gov","2025","/agendacenter/previousversions/2197","http://www.brla.gov/agendacenter/previousversions/2197","24","24","124.76","24","0.38","0.38"
"www.brla.gov","2025","/trafficcameras","http://www.brla.gov/trafficcameras","24","24","0.25","24","1.00","1.00"
"www.brla.gov","2025","/firedepartment","http://www.brla.gov/firedepartment","24","24","2.22","0","0.00","0.38"
"www.brla.gov","2025","/27064/police-department","http://www.brla.gov/27064/police-department","24","24","24.08","0","0.00","0.38"
"www.brla.gov","2025","/215/police-department","http://www.brla.gov/215/police-department","24","24","0.25","24","1.00","1.00"
"www.brla.gov","2025","/agendacenter/complete-streets-citizen-advisory-committee-9/","http://www.brla.gov/agendacenter/complete-streets-citizen-advisory-committee-9/","24","24","84.94","24","0.38","0.38"
"www.brla.gov","2025","/police-department","http://www.brla.gov/police-department","24","24","41.39","0","0.00","0.38"
"www.brla.gov","2025","/traffic/incidents","http://www.brla.gov/traffic/incidents","24","24","2.61","0","0.00","1.00"
"www.brla.gov","2025","/2814/report-recommendation-53","http://www.brla.gov/2814/report-recommendation-53","23","23","0.25","0","0.00","1.00"
"www.brla.gov","2025","/298/2003-comprehensive-annual-financial-repo","http://www.brla.gov/298/2003-comprehensive-annual-financial-repo","23","23","2.58","0","0.00","0.39"
"www.brla.gov","2025","/2172/earth-day-2020","http://www.brla.gov/2172/earth-day-2020","23","23","0.25","23","1.00","1.00"
"www.brla.gov","2025","/1619/41-video-games-on-personal-computers","http://www.brla.gov/1619/41-video-games-on-personal-computers","23","23","5.12","0","0.00","0.39"
"www.brla.gov","2025","/howtoapplu","http://www.brla.gov/howtoapplu","22","22","15.60","22","0.41","0.41"
"www.brla.gov","2025","/2617/34452/cism","http://www.brla.gov/2617/34452/cism","22","22","78.30","0","0.00","0.41"
"www.brla.gov","2025","/261examination-prepartion","http://www.brla.gov/261examination-prepartion","22","22","0.25","0","0.00","1.00"
"www.brla.gov","2025","/841/a-brief-history/","http://www.brla.gov/841/a-brief-history/","22","22","0.25","22","1.00","1.00"
"www.brla.gov","2025","/parishattorney/adjudicated","http://www.brla.gov/parishattorney/adjudicated","22","22","26.11","22","0.41","0.41"
"www.brla.gov","2025","/1808/commendation-form","http://www.brla.gov/1808/commendation-form","22","22","20.48","22","0.41","0.41"
"www.brla.gov","2025","/890/`https://www.brla.gov/extracart`","http://www.brla.gov/890/`https://www.brla.gov/extracart`","22","22","9.22","22","0.41","0.41"
"www.brla.gov","2025","/agendacenter/previousversions/_05212025-2131","http://www.brla.gov/agendacenter/previousversions/_05212025-2131","22","22","0.00","0","0.00","0.41"
"www.brla.gov","2025","/880/permits","http://www.brla.gov/880/permits","21","21","195.73","0","0.00","0.43"
"www.brla.gov","2025","/agendacenter/previousversions/_07262022-1373","http://www.brla.gov/agendacenter/previousversions/_07262022-1373","21","21","0.25","21","1.00","1.00"
"www.brla.gov","2025","/2742/rsr-day-event-info","http://www.brla.gov/2742/rsr-day-event-info","21","21","7.43","0","0.00","0.43"
"www.brla.gov","2025","/1834/34450/division-a-d-carson-marcantel","http://www.brla.gov/1834/34450/division-a-d-carson-marcantel","21","21","36.28","0","0.00","0.43"
"www.brla.gov","2025","/agendacenter/previousversions/_01152025-2031","http://www.brla.gov/agendacenter/previousversions/_01152025-2031","21","21","0.25","21","1.00","1.00"
"www.brla.gov","2025","/agendacenter/previousversions/_07242025-2178","http://www.brla.gov/agendacenter/previousversions/_07242025-2178","21","21","0.25","21","1.00","1.00"
"www.brla.gov","2025","/agendacenter/previousversions/_02192025-2156","http://www.brla.gov/agendacenter/previousversions/_02192025-2156","21","21","0.25","21","1.00","1.00"
"www.brla.gov","2025","/erap","http://www.brla.gov/erap","21","21","35.43","21","0.43","0.43"
"www.brla.gov","2025","/about/office-of-operations/intelligent-transportation-systems/its-programs-and-projects/map","http://www.brla.gov/about/office-of-operations/intelligent-transportation-systems/its-programs-and-projects/map","21","21","0.25","21","1.00","1.00"
"www.brla.gov","2025","/dept/brpd/","http://www.brla.gov/dept/brpd/","21","21","0.25","21","1.00","1.00"
"www.brla.gov","2025","/agendacenter/previousversions/_04172025-2097","http://www.brla.gov/agendacenter/previousversions/_04172025-2097","21","21","0.25","21","1.00","1.00"
"www.brla.gov","2025","/agendacenter/previousversions/_10212024-1940","http://www.brla.gov/agendacenter/previousversions/_10212024-1940","21","21","12.80","0","0.00","0.43"
"www.brla.gov","2025","/904/solid-waste","http://www.brla.gov/904/solid-waste","21","21","38.72","0","0.00","0.43"
"www.brla.gov","2025","/vss**—a","http://www.brla.gov/vss**—a","21","21","11.23","0","0.00","0.43"
"www.brla.gov","2025","/agendacenter/previousversions/_07312025-2171","http://www.brla.gov/agendacenter/previousversions/_07312025-2171","21","21","0.25","21","1.00","1.00"
"www.brla.gov","2025","/2282/charge-codes","http://www.brla.gov/2282/charge-codes","21","21","23.24","0","0.00","0.43"
"www.brla.gov","2025","/1834/8679/division-a-d-carson-marcantel","http://www.brla.gov/1834/8679/division-a-d-carson-marcantel","21","21","110.10","0","0.00","0.43"
"www.brla.gov","2025","/agendacenter/previousversions/_04172025-2110","http://www.brla.gov/agendacenter/previousversions/_04172025-2110","21","21","0.25","21","1.00","1.00"
"www.brla.gov","2025","/covidvaccine","http://www.brla.gov/covidvaccine","20","20","0.25","20","1.00","1.00"
"www.brla.gov","2025","/agendacenter/previousversions/_09152025-2183","http://www.brla.gov/agendacenter/previousversions/_09152025-2183","18","18","3.82","0","0.00","1.00"
"www.brla.gov","2025","/documentcenter/view/1547/appendix-14-pandemic-influenza-plan","http://www.brla.gov/documentcenter/view/1547/appendix-14-pandemic-influenza-plan","18","9","31.68","18","1.00","1.00"
"www.brla.gov","2025","/ass","http://www.brla.gov/ass","9","9","0.25","9","1.00","1.00"
"www.brla.gov","2025","/diareixt11","http://www.brla.gov/diareixt11","9","9","13.63","0","0.00","1.00"
"www.brla.gov","2025","/documentcenter/view/20694/genhttps://www.brla.gov/documentcenter/view/20694/general-order-130-duty-to-interveneeral-order-130-duty-to-intervene","http://www.brla.gov/documentcenter/view/20694/genhttps://www.brla.gov/documentcenter/view/20694/general-order-130-duty-to-interveneeral-order-130-duty-to-intervene","9","9","26.24","9","1.00","1.00"
"www.brla.gov","2025","/documentcenter/view/20694/general-order-130-duty-to-inhttps://www.brla.gov/documentcenter/view/20694/general-order-130-duty-to-intervenetervene","http://www.brla.gov/documentcenter/view/20694/general-order-130-duty-to-inhttps://www.brla.gov/documentcenter/view/20694/general-order-130-duty-to-intervenetervene","9","9","0.25","9","1.00","1.00"
"www.brla.gov","2025","/documentcenter/view/20191/joint-motion-to-amendhttps://www.brla.gov/documentcenter/view/20191/joint-motion-to-amend-judgment-58979801judgment-58979801","http://www.brla.gov/documentcenter/view/20191/joint-motion-to-amendhttps://www.brla.gov/documentcenter/view/20191/joint-motion-to-amend-judgment-58979801judgment-58979801","9","9","0.25","0","0.00","1.00"
"www.brla.gov","2025","/documenthttps://www.brla.gov/documentcenter/view/20694/general-order-130-duty-to-intervenecenter/view/20694/general-order-130-duty-to-intervene","http://www.brla.gov/documenthttps://www.brla.gov/documentcenter/view/20694/general-order-130-duty-to-intervenecenter/view/20694/general-order-130-duty-to-intervene","9","9","0.25","0","0.00","1.00"
"www.brla.gov","2025","/documentcenter/vhttps://www.brla.gov/documentcenter/view/20694/general-order-130-duty-to-interveneiew/20694/general-order-130-duty-to-intervene","http://www.brla.gov/documentcenter/vhttps://www.brla.gov/documentcenter/view/20694/general-order-130-duty-to-interveneiew/20694/general-order-130-duty-to-intervene","9","9","27.74","9","1.00","1.00"
"www.brla.gov","2025","/documentcenter/download/20191","http://www.brla.gov/documentcenter/download/20191","9","9","0.25","0","0.00","1.00"
"www.brla.gov","2025","/documentcenter/vihttps://www.brla.gov/documentcenter/view/20694/general-order-130-duty-to-interveneew/20694/general-order-130-duty-to-intervene","http://www.brla.gov/documentcenter/vihttps://www.brla.gov/documentcenter/view/20694/general-order-130-duty-to-interveneew/20694/general-order-130-duty-to-intervene","9","9","20.38","9","1.00","1.00"
"www.brla.gov","2025","/documentcenter/view/20694/generhttps://www.brla.gov/documentcenter/view/20694/general-order-130-duty-to-interveneal-order-130-duty-to-intervene","http://www.brla.gov/documentcenter/view/20694/generhttps://www.brla.gov/documentcenter/view/20694/general-order-130-duty-to-interveneal-order-130-duty-to-intervene","9","9","0.25","0","0.00","1.00"
"www.brla.gov","2025","/agendacenter/viewfile/archivedagenda/_01222024-2472;","http://www.brla.gov/agendacenter/viewfile/archivedagenda/_01222024-2472;","9","9","0.25","9","1.00","1.00"
"www.brla.gov","2025","/agendacenter/search","http://www.brla.gov/agendacenter/search","9","9","0.25","0","0.00","1.00"
"www.brla.gov","2025","/documentcenter/view/20694/ghttps://www.brla.gov/documentcenter/view/20694/general-order-130-duty-to-interveneeneral-order-130-duty-to-intervene","http://www.brla.gov/documentcenter/view/20694/ghttps://www.brla.gov/documentcenter/view/20694/general-order-130-duty-to-interveneeneral-order-130-duty-to-intervene","9","9","0.25","0","0.00","1.00"
"www.brla.gov","2025","/civicsend/viewmessage/message/270846","http://www.brla.gov/civicsend/viewmessage/message/270846","9","9","0.25","9","1.00","1.00"
"www.brla.gov","2025","/documentcenter/view/20694/general-order-https://www.brla.gov/documentcenter/view/20694/general-order-130-duty-to-intervene130-duty-to-intervene","http://www.brla.gov/documentcenter/view/20694/general-order-https://www.brla.gov/documentcenter/view/20694/general-order-130-duty-to-intervene130-duty-to-intervene","9","9","0.25","0","0.00","1.00"
"www.brla.gov","2025","/763/33342/district-11-laurie-adams","http://www.brla.gov/763/33342/district-11-laurie-adams","9","9","0.25","0","0.00","1.00"
"www.brla.gov","2025","/fiancee","http://www.brla.gov/fiancee","9","9","99.80","9","1.00","1.00"
"www.brla.gov","2025","/3321/mental-health-substance-abuse","http://www.brla.gov/3321/mental-health-substance-abuse","9","9","35.54","0","0.00","1.00"
